snapshot_date,ticker,sector,sub_industry,subindustry_benchmark,regime_etf,regime_green,md_volume_30d,adj_close,atr_14,atr_pct_14,atr_pct_14_percentile_252,realized_vol_20_percentile_252,relative_strength_index_vs_spy,relative_strength_index_vs_qqq,relative_strength_index_vs_xlk,relative_strength_index_vs_subindustry,rs_vs_spy_5d_change,rs_vs_qqq_5d_change,rs_vs_xlk_5d_change,rs_vs_subindustry_5d_change,rs_vs_subindustry_10d_change,roc_63,roc_126,vol_alpha,sma_200_dist,sma_50_dist,rsi_14,days_to_next_earnings,days_since_last_earnings,last_earnings_gap_pct,last_earnings_volume_ratio_20,last_earnings_open_vs_20d_high,close_vs_last_earnings_close,avg_abs_gap_pct_20,max_gap_down_pct_60,distance_above_20d_high,distance_from_52w_high,days_since_52w_high,base_range_pct_20,base_atr_contraction_20,base_volume_dryup_ratio_20,breakout_volume_ratio_50,dollar_volume_ratio_20_60,volume_percentile_60,sector_pct_above_50,sector_pct_above_200,sector_median_roc_63,passed_any_strategy,strategy_pass_count,passed_slots_json,fwd_return_1d,fwd_return_3d,fwd_return_5d,fwd_return_10d,fwd_return_20d,alpha_vs_spy_1d,alpha_vs_spy_3d,alpha_vs_spy_5d,alpha_vs_spy_10d,alpha_vs_spy_20d,alpha_vs_sector_1d,alpha_vs_sector_3d,alpha_vs_sector_5d,alpha_vs_sector_10d,alpha_vs_sector_20d,mfe_20d,mae_20d,details_json,predicted_alpha,model_top_reasons,model_reason_summary,calibrated_p_beat_sector
2026-08-31,A,Health Care,Life Sciences Tools & Services,XLV,SPY,True,220513413.75469208,153.55999755859375,4.311436244419643,0.028076558432963847,0.5,0.6904761904761905,81.3938875343535,88.62785025178023,90.0905962553923,41.76182707993475,-16.59087011237439,-10.133194800783727,-8.44148387044163,-42.50875156717201,-41.449256864645534,0.1292837357215355,0.29948379400879777,1.4754569886155864,0.1677173400662499,0.09186961646970183,57.35452174694672,62.0,3.0,-0.014990032048681434,2.0385384662660395,-0.04997821531409219,-0.009801420263825134,0.00821707682640691,0.029709774914694977,-0.06222902254293894,-0.06222902254293894,2.0,0.1982291498020913,0.9806779911105616,2.804051349989995,1.4206437131126657,1.025054558002175,0.85,0.6594202898550725,0.782608695652174,0.18627920484160632,False,0,[],,,,,,,,,,,,,,,,,,"{""indicator_details"": {}, ""regime_green"": true}",-0.00021664976,"['timely post-earnings setup', 'supportive sector breadth 50d', 'supportive realized vol 20 percentile 252']","timely post-earnings setup, supportive sector breadth 50d, supportive realized vol 20 percentile 252",0.43728813559322033
2026-08-31,ABBV,Health Care,Biotechnology,XLV,SPY,True,1135594805.0138397,256.4200134277344,5.375219072614398,0.020962556708270626,0.24206349206349206,0.15873015873015872,91.78007180598924,95.21340973317893,95.86857279604133,65.08972267536704,-0.8435189247555286,-0.1539942366968603,1.3226601573023657,0.9495433762635344,10.158997328993777,0.20424563118345374,0.09459583130081484,1.0302582540361773,0.1255791440594118,0.015409791036417658,57.62834973708155,43.0,21.0,-0.01891927394698001,0.9653184039776557,-0.05581937363603928,0.021837933103582063,0.00627255687497062,0.018919273946979964,-0.03933762727328338,-0.04131299862615567,23.0,0.1066335688429188,0.8032823422328451,1.0786374724878673,0.6999216282282229,0.7105828640552181,0.31666666666666665,0.6594202898550725,0.782608695652174,0.18627920484160632,False,0,[],,,,,,,,,,,,,,,,,,"{""indicator_details"": {}, ""regime_green"": true}",0.010813723,"['strong earnings volume', 'timely post-earnings setup', 'supportive dollar volume ratio 20 60']","strong earnings volume, timely post-earnings setup, supportive dollar volume ratio 20 60",0.5609167671893848
2026-08-31,ABT,Health Care,Health Care Equipment,XLV,SPY,True,722622547.8984833,110.36000061035156,2.353564126150949,0.02132624241694856,0.42857142857142855,0.4246031746031746,95.5857616171503,97.47328258100326,97.82618829930594,77.48776508972267,-2.4016144408565765,-1.2893849867789697,-0.7078097395513367,-6.864313149886129,-2.137336784767953,0.2572340185128852,-0.03294779219888411,1.6885884620068032,0.03416706441770294,0.07269669080457057,51.83907935099261,32.0,32.0,0.06743591910875812,2.171937976606093,-0.02904013136178707,0.11666496575611607,0.007489520818089979,0.018516493406084196,-0.05948522196506267,-0.1973234693350957,236.0,0.12610364466877372,0.7763475095293231,1.399308733140955,1.1502039423677595,0.6926654334198687,0.6166666666666667,0.6594202898550725,0.782608695652174,0.18627920484160632,False,0,[],,,,,,,,,,,,,,,,,,"{""indicator_details"": {}, ""regime_green"": true}",0.014942774,"['supportive days to earnings', 'supportive days since 52w high', 'timely post-earnings setup']","supportive days to earnings, supportive days since 52w high, timely post-earnings setup",0.5800865800865801
2026-08-31,ACAD,Health Care,Pharmaceuticals,XLV,SPY,True,38800043.87335777,28.90999984741211,0.9228285380772182,0.03192073825485771,0.32936507936507936,0.8174603174603174,98.45150632501918,99.12485874673112,99.24886700374367,89.9673735725938,-0.7044640715690775,-0.35861685785556574,-0.13832395221393767,-0.5786736971698474,4.555800630458506,0.3434014513221064,0.26742659028018134,0.6102518249888146,0.1859053195126425,0.07677867307479057,46.82741006170324,47.0,19.0,0.0064427569014589015,1.7623938288806815,-0.030285940838465586,0.06482505538160699,0.00813976860387785,0.02916661699612753,-0.06621444759953765,-0.06621444759953765,8.0,0.2117416833251739,1.0044618884243544,0.7397236546908964,0.6271913458163011,1.1917915424856382,0.16666666666666666,0.6594202898550725,0.782608695652174,0.18627920484160632,False,0,[],,,,,,,,,,,,,,,,,,"{""indicator_details"": {}, ""regime_green"": true}",0.015238043,"['timely post-earnings setup', 'constructive ATR profile', 'strong earnings gap']","timely post-earnings setup, constructive ATR profile, strong earnings gap",0.5800865800865801
2026-08-31,ACHC,Health Care,Health Care Facilities,XLV,SPY,True,56360695.63890648,27.559999465942383,1.622321537562779,0.05886507870102042,0.6666666666666666,0.4087301587301587,89.46201863805469,93.79814662420182,94.63611044052261,58.482871125611744,-4.172951997941098,-2.220603292833445,-0.6709666149885578,-8.998791466075296,11.865104214446305,0.182325186502452,0.17576786851598114,1.2976341237110858,0.21347412143347302,-0.09177191793170256,36.52968016645314,47.0,24.0,0.0006153987004207107,1.5525420641729368,-0.09212728266821779,-0.15692870530056235,0.0078765253788807,0.016244314127547586,-0.1635812191864796,-0.23059743995685622,28.0,0.2377911241226071,0.9124946773858783,1.36138712363388,0.7671731429269488,0.6122690950094966,0.4166666666666667,0.6594202898550725,0.782608695652174,0.18627920484160632,False,0,[],,,,,,,,,,,,,,,,,,"{""indicator_details"": {}, ""regime_green"": true}",0.04488073,"['supportive dollar volume ratio 20 60', 'supportive distance above 20d high', 'supportive atr pct 14']","supportive dollar volume ratio 20 60, supportive distance above 20d high, supportive atr pct 14",0.7360703812316716
2026-08-31,ADUS,Health Care,Health Care Services,XLV,SPY,True,22154773.322494507,114.66999816894531,2.7012007577078685,0.02355629895212994,0.047619047619047616,0.3888888888888889,96.72032387195193,98.13218782209273,98.39458023247875,81.40293637846656,-0.35325713150811566,-0.06220519897253496,0.5316062324027371,2.1853324664861304,8.379301496640963,0.28194524405960575,0.08939764242581116,1.0559850877266488,0.08765358089303948,0.022792735401169308,43.44745306837907,45.0,20.0,0.007273954914032155,1.1020384232889335,-0.03556919736189068,-0.018152262436536892,0.008916016405553734,0.06010792206036896,-0.06875933368885223,-0.07851176535504523,205.0,0.14503256114033128,0.8098652376769887,1.004417354084549,0.8659260870945268,0.9029888096655438,0.5,0.6594202898550725,0.782608695652174,0.18627920484160632,False,0,[],,,,,,,,,,,,,,,,,,"{""indicator_details"": {}, ""regime_green"": true}",0.018462947,"['strong earnings gap', 'limited recent downside gap risk', 'timely post-earnings setup']","strong earnings gap, limited recent downside gap risk, timely post-earnings setup",0.6334841628959276
2026-08-31,ALKS,Health Care,Pharmaceuticals,XLV,SPY,True,67060901.451171875,46.9900016784668,1.431478772844587,0.030463475669560643,0.23015873015873015,0.07539682539682539,77.82595712116878,86.21212692568527,87.94332616785593,37.11256117455138,-19.98797067241,-12.442990091587347,-10.463565683803651,-46.0985227700289,-46.18002236253093,0.11166314572008029,0.5533884852385718,1.160551012813726,0.257388773967995,-0.07419444495246988,38.58024824600271,42.0,24.0,-0.0644793806314804,1.739506917706736,-0.1138853340474385,-0.06950491725808328,0.005694078077194043,0.06447938063148034,-0.08330075659157166,-0.1559187493438885,39.0,0.10331466490847929,0.8130075069353614,1.0979238616610814,0.8005013840859404,0.6503326408969021,0.4,0.6594202898550725,0.782608695652174,0.18627920484160632,False,0,[],,,,,,,,,,,,,,,,,,"{""indicator_details"": {}, ""regime_green"": true}",0.015775494,"['supportive days to earnings', 'constructive ATR profile', 'timely post-earnings setup']","supportive days to earnings, constructive ATR profile, timely post-earnings setup",0.5800865800865801
2026-08-31,AMGN,Health Care,Biotechnology,XLV,SPY,True,939496966.0614624,429.8800048828125,8.856615339006696,0.020602529167229017,0.16666666666666666,0.5873015873015873,97.55444577814484,98.61238118243656,98.80813478843592,85.80750407830342,0.34017342528517247,0.3302277306009529,0.84162552382071,5.7749042413026075,9.523885496396332,0.3061100431602164,0.11454496053286833,1.035904297138714,0.2063569849711525,0.10312053524349354,61.79947507144039,46.0,19.0,0.0036951828187168356,1.601099658662253,-0.044547766297306834,0.10219993075212197,0.007202950656919327,0.020366884823307608,-0.03836430204531194,-0.03836430204531194,4.0,0.18884636944937286,0.8017624520475249,1.0130317505307327,1.0209706372189542,0.9816807403901654,0.48333333333333334,0.6594202898550725,0.782608695652174,0.18627920484160632,False,0,[],,,,,,,,,,,,,,,,,,"{""indicator_details"": {}, ""regime_green"": true}",0.0064283377,"['timely post-earnings setup', 'supportive sector breadth 50d', 'supportive realized vol 20 percentile 252']","timely post-earnings setup, supportive sector breadth 50d, supportive realized vol 20 percentile 252",0.5609167671893848
2026-08-31,AMRX,Health Care,Pharmaceuticals,XLV,SPY,True,31112474.1958313,17.469999313354492,0.5657999856131417,0.032386949504951065,0.5515873015873016,0.5952380952380952,98.64544321744856,99.23511862733469,99.34360642566952,90.70146818923328,-0.745934010307991,-0.39276270060007334,-0.21478924851967918,-1.067072968060927,-4.571555445648542,0.35426355271046805,0.26869998058022726,1.1046905725805414,0.2259691637885129,-0.012698757181389143,55.2407798843271,43.0,22.0,-0.04607335343139507,1.447804084966535,-0.053997970050269406,-0.05567571279164907,0.007055513486597676,0.046073353431395014,-0.08390143718271703,-0.09293877955635232,23.0,0.1371496227953746,0.9523872735578011,0.8037709522768056,0.9324002686401773,0.8448709660222927,0.45,0.6594202898550725,0.782608695652174,0.18627920484160632,False,0,[],,,,,,,,,,,,,,,,,,"{""indicator_details"": {}, ""regime_green"": true}",0.036532942,"['constructive ATR profile', 'supportive days to earnings', 'well above 50d trend']","constructive ATR profile, supportive days to earnings, well above 50d trend",0.7242798353909465
2026-08-31,ARWR,Health Care,Biotechnology,XLV,SPY,True,102917702.12757874,82.38999938964844,3.0100697108677457,0.0365344062770552,0.03968253968253968,0.05555555555555555,74.1716650024096,83.64952524075069,85.64892282035142,32.78955954323002,-9.929046798503649,-6.0113865739241845,-2.3063777423717653,-13.01321144291505,-11.546218777878373,0.09561173847327287,0.28073988876952694,1.4734118876801738,0.17241792980743711,-0.014767140701776895,33.58888938037407,61.0,19.0,0.01406812061876428,0.9172880049150752,-0.08660494539332375,-0.08036608151078883,0.010095749044406433,0.024390243902439025,-0.09431682660131735,-0.1371862309296893,28.0,0.12656348260932662,0.7635933720125263,0.9954788127573317,0.7764677910176208,0.5819787526977777,0.5333333333333333,0.6594202898550725,0.782608695652174,0.18627920484160632,False,0,[],,,,,,,,,,,,,,,,,,"{""indicator_details"": {}, ""regime_green"": true}",-0.015408265,"['well above 50d trend', 'supportive dollar volume ratio 20 60', 'timely post-earnings setup']","well above 50d trend, supportive dollar volume ratio 20 60, timely post-earnings setup",0.3488372093023256
2026-08-31,AVTR,Health Care,Life Sciences Tools & Services,XLV,SPY,True,86057318.53494453,14.539999961853027,0.39742844445364817,0.027333455673750808,0.031746031746031744,0.047619047619047616,99.92052561418464,99.95537408602607,99.96174303593725,98.20554649265905,-0.06888606032389077,-0.0381671963462793,-0.030586954622080498,-0.4089604348063034,-0.3274608423042764,0.5821545838684996,0.6503971928852219,1.1367137052883514,0.4122509588756245,0.19272225880783975,65.33863996884409,42.0,23.0,0.16666664107154294,4.167945640082552,0.16245484105428254,0.011126553973489273,0.007736265204810078,0.03517823690129202,-0.01088434350259404,-0.08725676815405536,215.0,0.12385320298228834,0.633035403443837,0.9493447537879799,0.7511752800547401,0.779943494037434,0.36666666666666664,0.6594202898550725,0.782608695652174,0.18627920484160632,False,0,[],,,,,,,,,,,,,,,,,,"{""indicator_details"": {}, ""regime_green"": true}",-0.08209433,"['supportive days to earnings', 'supportive days since 52w high', 'supportive 126d momentum']","supportive days to earnings, supportive days since 52w high, supportive 126d momentum",0.05
2026-08-31,BAX,Health Care,Health Care Equipment,XLV,SPY,True,125162902.26756096,26.0,0.6571430478777204,0.02527473261068155,0.07539682539682539,0.015873015873015872,99.34570790980443,99.63167728133068,99.68409779584724,94.04567699836868,0.4828975037561207,0.32840734823960815,0.5104253985662552,5.3741203561518915,0.7286435835357423,0.4130435075561587,0.3204672064395342,0.7608069557594559,0.28731193262345345,0.06939114418335109,31.66282879015651,43.0,22.0,0.17359705924885427,4.163477189080043,0.16653288947932676,-0.028037383177570097,0.00848973736493655,0.0283561984183457,-0.08370044052863435,-0.1333333333333333,22.0,0.10194174757281553,0.6616565531271378,0.7231840298394757,0.6827254005978808,0.9686671397950708,0.18333333333333332,0.6594202898550725,0.782608695652174,0.18627920484160632,False,0,[],,,,,,,,,,,,,,,,,,"{""indicator_details"": {}, ""regime_green"": true}",-0.017539164,"['constructive ATR profile', 'supportive days to earnings', 'timely post-earnings setup']","constructive ATR profile, supportive days to earnings, timely post-earnings setup",0.3153846153846154
2026-08-31,BDX,Health Care,Health Care Equipment,XLV,SPY,True,260768217.51480103,188.11000061035156,3.930536542619978,0.020894883471727996,0.3134920634920635,0.5357142857142857,97.17860751331777,98.39645631333975,98.62224520448045,83.84991843393148,0.5639705374652948,0.48902185218562977,1.097573226114875,6.751303927004017,10.17428681208959,0.29436453753732406,0.06553759920827851,1.670313653578357,0.18251318852499004,0.12820217764841177,62.59398356065686,48.0,17.0,0.03058713880633812,1.0638328756493343,0.02733649543221195,0.0596254447418223,0.008769884358851144,0.020947042473113124,-0.02569019798884631,-0.02569019798884631,5.0,0.1574940275289407,0.9010055464873558,1.1952040432798605,1.4045165449417605,0.9165109781743699,0.9166666666666666,0.6594202898550725,0.782608695652174,0.18627920484160632,False,0,[],,,,,,,,,,,,,,,,,,"{""indicator_details"": {}, ""regime_green"": true}",0.0002691719,"['timely post-earnings setup', 'supportive sector breadth 50d', 'strong 63d momentum']","timely post-earnings setup, supportive sector breadth 50d, strong 63d momentum",0.43728813559322033
2026-08-31,BIIB,Health Care,Biotechnology,XLV,SPY,True,162691846.69604492,216.64999389648438,5.348570687430246,0.02468761060748425,0.07142857142857142,0.23412698412698413,80.96449449072036,88.34149045469759,89.83684583353828,41.272430668841764,2.8452603713717934,2.9331848942498766,6.7037196104670045,4.597614042924889,14.703563513177542,0.12703531556832304,0.15208715969472686,1.141482917899033,0.14078240510572734,0.042682325874916244,65.99799125718604,43.0,23.0,0.025436485151567823,1.8848655964609171,-0.037348222879195925,0.03546335764690123,0.008221461680468495,0.04159686225042868,-0.027821458547105826,-0.027821458547105826,4.0,0.11463959991510095,0.7853813943139858,0.8989750858411398,0.7607072451160485,0.6908928643654391,0.3,0.6594202898550725,0.782608695652174,0.18627920484160632,False,0,[],,,,,,,,,,,,,,,,,,"{""indicator_details"": {}, ""regime_green"": true}",-0.00059104955,"['timely post-earnings setup', 'supportive days to earnings', 'supportive dollar volume ratio 20 60']","timely post-earnings setup, supportive days to earnings, supportive dollar volume ratio 20 60",0.43728813559322033
2026-08-31,BIO,Health Care,Life Sciences Tools & Services,XLV,SPY,True,80500116.71809387,386.1199951171875,10.382108415876116,0.02688829521176479,0.09523809523809523,0.24206349206349206,95.93213639658552,97.67515041646193,98.00043971275939,78.71125611745514,-1.848517021996443,-0.9593172847136202,-0.3820540643141044,-4.418328234623104,-11.997790337312594,0.264060780195404,0.38102221171945305,1.3150657976724305,0.28457468474542724,0.1776844969793691,75.0209620025359,43.0,19.0,0.005407659181983826,1.0975706409193642,-0.0042903577293664785,0.15993748333762992,0.008785504658277904,0.037760828509301694,-0.025515522774193555,-0.025515522774193555,2.0,0.21800748197097908,0.8452577206149605,1.233580349403621,1.1599128276800887,0.9795147999976777,0.7,0.6594202898550725,0.782608695652174,0.18627920484160632,False,0,[],,,,,,,,,,,,,,,,,,"{""indicator_details"": {}, ""regime_green"": true}",0.005959568,"['timely post-earnings setup', 'supportive days to earnings', 'supportive sector breadth 50d']","timely post-earnings setup, supportive days to earnings, supportive sector breadth 50d",0.5609167671893848
2026-08-31,BLFS,Health Care,Health Care Supplies,XLV,SPY,True,23295228.581834793,37.06999969482422,0.9439209529331752,0.02546320368772399,0.011904761904761904,0.04365079365079365,99.15092581056577,99.52161803511657,99.58963791188577,93.3115823817292,-0.7147499514044569,-0.3964066565946638,-0.31302661323320535,-2.205940030658738,-4.487928620715792,0.392039086108521,0.6460923153331686,1.8581096041453364,0.46984477324776874,0.1732349118165043,69.84124955091573,48.0,17.0,-0.005621261272120259,0.11899912148191244,-0.006796676749386443,0.09707010033816355,0.007031602324246461,0.025100950251438738,-0.027034089778152803,-0.027034089778152803,7.0,0.2110616523484155,0.7782550295429952,1.8742075843401476,1.051476222286355,0.7176989990221442,0.85,0.6594202898550725,0.782608695652174,0.18627920484160632,False,0,[],,,,,,,,,,,,,,,,,,"{""indicator_details"": {}, ""regime_green"": true}",-0.014473685,"['timely post-earnings setup', 'constructive ATR profile', 'supportive distance above 200d']","timely post-earnings setup, constructive ATR profile, supportive distance above 200d",0.3860759493670886
2026-08-31,BMRN,Health Care,Biotechnology,XLV,SPY,True,109069209.14006233,65.2300033569336,1.7483716692243303,0.026803182266561816,0.3333333333333333,0.8412698412698413,89.81359588042707,94.01473675991271,94.8250505465798,59.624796084828716,-0.5520937894444131,0.12072597499742699,1.9941647427849034,0.8635898908596857,-16.903321274584485,0.18535353087222162,0.09189825115866479,1.0943202914256456,0.132068323646854,0.05576988186424532,34.90566691600364,40.0,17.0,0.009180424611272997,0.7264317159110507,-0.04107851203692792,0.0935457114554108,0.011024521289598433,0.017654680385270658,-0.08100873102365558,-0.08100873102365558,13.0,0.20529808274051897,1.1124161583811263,0.6523337247924156,1.2429789566954936,1.2172121291258229,0.8166666666666667,0.6594202898550725,0.782608695652174,0.18627920484160632,False,0,[],,,,,,,,,,,,,,,,,,"{""indicator_details"": {}, ""regime_green"": true}",0.02308824,"['strong earnings volume', 'timely post-earnings setup', 'strong earnings gap']","strong earnings volume, timely post-earnings setup, strong earnings gap",0.6583333333333333
2026-08-31,BMY,Health Care,Pharmaceuticals,XLV,SPY,True,476173916.64888763,66.80999755859375,1.4717001233782088,0.022028142151741547,0.32142857142857145,0.4246031746031746,92.80870885442492,95.8319127431936,96.40561428563332,67.69983686786297,13.47664709515206,9.543887964712695,12.281096986287409,28.906030836893123,29.802526354415534,0.21583251375772816,0.07170351933052244,1.5175847492920231,0.15691612991976492,0.07887003011830516,63.55932312976191,43.0,22.0,-0.0064976205598524794,1.7909757883318065,-0.035018823049709824,0.030064707522234668,0.008220226921239988,0.016390982562740162,-0.02666086607411411,-0.02666086607411411,8.0,0.08952379983568949,0.8260953471297502,0.9633200127483733,1.2615418110600591,0.8687821914555458,0.8166666666666667,0.6594202898550725,0.782608695652174,0.18627920484160632,False,0,[],,,,,,,,,,,,,,,,,,"{""indicator_details"": {}, ""regime_green"": true}",0.018363565,"['constructive ATR profile', 'supportive days to earnings', 'timely post-earnings setup']","constructive ATR profile, supportive days to earnings, timely post-earnings setup",0.6334841628959276
2026-08-31,CAH,Health Care,Health Care Distributors,XLV,SPY,True,357526533.6223221,234.6199951171875,4.907950265066964,0.020918721196867947,0.31746031746031744,0.42063492063492064,91.59035672527682,95.09870405083404,95.76886972229374,64.68189233278956,7.366087731545861,5.35217661859356,7.7157116848175775,18.63462256913838,5.024190621298118,0.20225468847126704,0.020619410708605734,1.0506104888697443,0.09139729170592281,0.007009385903680864,41.82607699550949,48.0,14.0,0.024538356960717822,1.6802224391900498,-0.007636685402360399,-0.02347456721301122,0.005796621824578185,0.012493351029799477,-0.09168372608693032,-0.09168372608693032,14.0,0.1344962307412067,1.1031084353161678,0.8004428281445634,0.9284458578975913,0.8319026731062443,0.43333333333333335,0.6594202898550725,0.782608695652174,0.18627920484160632,False,0,[],,,,,,,,,,,,,,,,,,"{""indicator_details"": {}, ""regime_green"": true}",-0.0070607373,"['timely post-earnings setup', 'supportive sector breadth 50d', 'well above 50d trend']","timely post-earnings setup, supportive sector breadth 50d, well above 50d trend",0.41847826086956524
2026-08-31,CERT,Health Care,Health Care Technology,XLV,SPY,True,20378795.263982773,8.289999961853027,0.3187786170414516,0.038453391858664906,0.15873015873015872,0.2896825396825397,98.6506383961816,99.23806967191845,99.34614166348463,90.78303425774877,-1.144726168914488,-0.6370112724506072,-0.5055444510293228,-3.919492229618797,-7.912972262218645,0.3545751824954011,0.17588648759864944,0.6110469512310035,0.14761927380422044,0.12149784689629309,53.22580645161291,48.0,19.0,-0.22591692634276872,3.0716908417887283,-0.24529207155671584,0.0628204819405267,0.016529794607642496,0.22591692634276872,-0.06696682630290585,-0.40273775983416515,227.0,0.40319023047079916,0.7552132352237185,0.5409954537392926,0.47267725046931874,0.8588552437442218,0.1,0.6594202898550725,0.782608695652174,0.18627920484160632,False,0,[],,,,,,,,,,,,,,,,,,"{""indicator_details"": {}, ""regime_green"": true}",-0.02849387,"['supportive distance from 52w high', 'constructive ATR profile', 'supportive atr 14']","supportive distance from 52w high, constructive ATR profile, supportive atr 14",0.25981308411214954
2026-08-31,CHE,Health Care,Health Care Services,XLV,SPY,True,68998252.51464844,518.7100219726562,13.771386282784599,0.026549296715748738,0.6547619047619048,0.6309523809523809,93.66641898597722,96.34325048396633,96.84888501688663,70.14681892332788,0.5643364597243448,0.6670314121949446,1.9423203001093725,4.295148181681583,10.163118841828293,0.22672884889100242,0.23092081035975465,0.7062242695528939,0.16271682507320315,0.017078975945611814,38.65288284124175,41.0,24.0,0.013272036943202004,1.4174866611255597,-0.003167641440436353,0.002086465389671943,0.006465130208360448,0.017731349526030404,-0.06874322805627242,-0.06874322805627242,15.0,0.10991551901927313,0.9855742263491717,1.130266665497116,0.6358733349376443,0.8822069662617948,0.06666666666666667,0.6594202898550725,0.782608695652174,0.18627920484160632,False,0,[],,,,,,,,,,,,,,,,,,"{""indicator_details"": {}, ""regime_green"": true}",0.0013459256,"['timely post-earnings setup', 'strong earnings gap', 'supportive days to earnings']","timely post-earnings setup, strong earnings gap, supportive days to earnings",0.46534653465346526
2026-08-31,CON,Health Care,Health Care Services,XLV,SPY,True,20438336.487846375,33.7400016784668,0.8027499062674386,0.02379223077453969,0.1865079365079365,0.9563492063492064,98.30889850132495,99.04366063564639,99.17907944607423,89.23327895595432,-0.5648975808715875,-0.2663696660110162,-0.002600441609217796,0.48022272123549214,2.517712533786437,0.3362376902363089,0.42242844246083044,1.1003727399399006,0.35494940837465466,0.04641250777470754,56.97448799494572,48.0,17.0,0.0032509876698840756,0.5489289782436972,-0.05971965577994054,0.10604827427305197,0.013579207593007948,0.01467997592014448,-0.05924996237420621,-0.05924996237420621,9.0,0.19053947480387706,0.9533127387901281,0.744468380120398,1.0427231521732132,0.9963792454046388,0.65,0.6594202898550725,0.782608695652174,0.18627920484160632,False,0,[],,,,,,,,,,,,,,,,,,"{""indicator_details"": {}, ""regime_green"": true}",0.022914397,"['strong earnings volume', 'constructive ATR profile', 'timely post-earnings setup']","strong earnings volume, constructive ATR profile, timely post-earnings setup",0.6583333333333333
2026-08-31,COR,Health Care,Health Care Distributors,XLV,SPY,True,326952258.706131,323.6000061035156,8.036049979073661,0.02483328129636385,0.6031746031746031,0.7857142857142857,93.35032585602575,96.15526765448966,96.68600127474775,69.16802610114192,6.106048971574211,4.343108898844903,6.262472887504245,16.926787307335886,7.880332539609725,0.2225622544060768,-0.13162481845255036,1.2296808006637203,0.003443618666479216,0.051591702970644845,41.22673054171961,47.0,18.0,0.031735670822263806,1.637010257749948,-0.021550630540087212,0.02011224026940739,0.010114913382392754,0.042771135436368374,-0.030963634971239773,-0.14287228166703858,190.0,0.1085880897058518,1.0405792729542436,0.7094983767055569,1.1340165837580762,0.9527061990458774,0.7,0.6594202898550725,0.782608695652174,0.18627920484160632,False,0,[],,,,,,,,,,,,,,,,,,"{""indicator_details"": {}, ""regime_green"": true}",-0.005493717,"['timely post-earnings setup', 'supportive sector breadth 50d', 'realized vol 20 percentile 252']","timely post-earnings setup, supportive sector breadth 50d, realized vol 20 percentile 252",0.41847826086956524
2026-08-31,CORT,Health Care,Pharmaceuticals,XLV,SPY,True,94280901.02508545,113.3499984741211,3.949214390345982,0.03484088613594138,0.1388888888888889,0.07539682539682539,99.94328950622887,99.96815949185358,99.97270422428005,98.53181076672104,-0.056429486599213874,-0.03166910493347075,-0.027092224513609153,-0.97919167826673,-1.3051900482748806,0.6091708481754874,2.1512369926993675,0.8106522532142922,0.7153073694935116,0.1159725206050424,52.94815603819709,47.0,23.0,0.008599612884580221,1.459470950194212,-0.02693841367823957,0.21947285847936437,0.005783532454957269,0.03948195643404534,-0.10310174918875048,-0.10310174918875048,4.0,0.1775996795824904,0.6029499085658392,1.0979226750171884,0.6139336226146671,0.893008930010033,0.08333333333333333,0.6594202898550725,0.782608695652174,0.18627920484160632,False,0,[],,,,,,,,,,,,,,,,,,"{""indicator_details"": {}, ""regime_green"": true}",-0.02153202,"['strong earnings gap', 'timely post-earnings setup', 'strong earnings volume']","strong earnings gap, timely post-earnings setup, strong earnings volume",0.25981308411214954
2026-08-31,CRL,Health Care,Life Sciences Tools & Services,XLV,SPY,True,224287919.43499756,288.239990234375,9.340676443917411,0.03240590050090648,0.15476190476190477,0.5912698412698413,99.92148528648775,99.95591314032572,99.96220518622815,98.28711256117455,-0.07571673980197602,-0.04238019009500249,-0.03576805099785929,-0.979391106307105,-0.8978915138050638,0.5831272512726133,0.6137953599988382,1.2412544542429138,0.45848269515138945,0.16714213987529736,55.87790902912967,47.0,18.0,0.14466938246873817,2.401128121947418,0.104066225647653,0.10555380824187632,0.016208730593627697,0.019211110764998877,-0.049685165162772105,-0.049685165162772105,2.0,0.32727985247611774,0.9146124274706772,1.0267176138360228,1.333822392086828,1.286740902541489,0.8666666666666667,0.6594202898550725,0.782608695652174,0.18627920484160632,False,0,[],,,,,,,,,,,,,,,,,,"{""indicator_details"": {}, ""regime_green"": true}",-0.028022965,"['timely post-earnings setup', 'supportive distance above 200d', 'supportive max gap down']","timely post-earnings setup, supportive distance above 200d, supportive max gap down",0.25981308411214954
2026-08-31,DGX,Health Care,Health Care Services,XLV,SPY,True,175433358.10783386,240.3000030517578,4.519857134137835,0.018809226286877367,0.26587301587301587,0.03571428571428571,95.2029765457382,97.24946583302925,97.63287280121884,75.77487765089724,0.8443730793643454,0.7679087140014644,1.7838353826071085,6.092726061655185,2.9142419540757203,0.2502601814112855,0.14292510369444855,2.0360952658592844,0.20120436604819908,0.07054553294169608,56.698568959840195,36.0,27.0,0.08702280106511195,4.540165188178968,0.04055656712325395,0.05440987050182078,0.004681926745675824,0.021943587739690292,-0.027873293100847185,-0.027873293100847185,2.0,0.07588516980288,0.7213980041660032,1.73858417656438,1.6100753564968961,0.8512288285726608,0.9666666666666667,0.6594202898550725,0.782608695652174,0.18627920484160632,False,0,[],,,,,,,,,,,,,,,,,,"{""indicator_details"": {}, ""regime_green"": true}",-0.014088875,"['supportive days to earnings', 'timely post-earnings setup', 'supportive sector breadth 50d']","supportive days to earnings, timely post-earnings setup, supportive sector breadth 50d",0.3860759493670886
2026-08-31,DHR,Health Care,Life Sciences Tools & Services,XLV,SPY,True,635205735.684021,213.55999755859375,5.769620622907366,0.027016392062489954,0.4801587301587302,0.753968253968254,90.03426682939393,94.1503248388007,94.9432693946943,60.27732463295269,-4.414779105409934,-2.3888880085576574,-0.9733500000022275,-9.730825326297513,-10.545821251317882,0.18730195894794344,0.03669901727472702,1.2137182833709856,0.05175824362252571,0.06980132070312986,58.518913738670626,36.0,29.0,-0.16048428123182612,6.056275676735842,-0.18273349358932933,0.1930060002903271,0.007159005411617231,0.1604842812318261,-0.032066522194524216,-0.12042835718964529,152.0,0.1432457030250258,0.766094728117672,1.2712533014547944,0.8037286467087219,0.7294539259065195,0.5333333333333333,0.6594202898550725,0.782608695652174,0.18627920484160632,False,0,[],,,,,,,,,,,,,,,,,,"{""indicator_details"": {}, ""regime_green"": true}",-0.027335076,"['supportive earnings open vs 20d high', 'supportive sector breadth 50d', 'holding above earnings close']","supportive earnings open vs 20d high, supportive sector breadth 50d, holding above earnings close",0.25981308411214954
2026-08-31,DXCM,Health Care,Health Care Equipment,XLV,SPY,True,362020518.8855629,91.05999755859375,2.3202503749302457,0.025480457249488175,0.03571428571428571,0.25793650793650796,92.84274704554959,95.8522808597905,96.42328353967058,67.86296900489397,-2.3610606504896055,-1.1664649698799678,-0.0559903923842171,-4.671668321919398,-23.17207581988191,0.2162414080150521,0.23420980028730698,0.6677639604469732,0.29543939473300407,0.1440014346878664,55.57173800217601,43.0,22.0,-0.01610326183525823,1.3483682188431656,-0.06599791631184304,0.22162592487472255,0.005853516302961531,0.016965793214805975,-0.016524450154565495,-0.016524450154565495,5.0,0.12790839893305575,0.7825191222362491,0.8609331231843323,0.6470988651461508,1.0548788189378546,0.08333333333333333,0.6594202898550725,0.782608695652174,0.18627920484160632,False,0,[],,,,,,,,,,,,,,,,,,"{""indicator_details"": {}, ""regime_green"": true}",-1.4001504e-05,"['timely post-earnings setup', 'supportive days to earnings', 'supportive sector breadth 50d']","timely post-earnings setup, supportive days to earnings, supportive sector breadth 50d",0.43728813559322033
2026-08-31,EHC,Health Care,Health Care Facilities,XLV,SPY,True,85880478.55104065,120.20999908447266,2.3584077017647878,0.019619064301859893,0.23015873015873015,0.9404761904761905,87.93933023584759,92.85194657258063,93.80931843609609,54.48613376835236,4.712063959599348,3.798783546083044,6.547781200549252,10.557853409754152,13.980836294839733,0.17015472750258875,0.11243755136391487,0.8896576161804545,0.12271925136325168,0.05923466057887309,25.523776860957355,42.0,18.0,0.0053393333745757054,1.9437878863123175,-0.0518904320736443,0.08394948088816068,0.01164892845253553,0.024627399690345313,-0.05717647776884194,-0.06078599038323118,212.0,0.16726170540675608,0.849035500418691,1.046994008737994,0.820077632214941,1.005501106591091,0.36666666666666664,0.6594202898550725,0.782608695652174,0.18627920484160632,False,0,[],,,,,,,,,,,,,,,,,,"{""indicator_details"": {}, ""regime_green"": true}",0.010785966,"['timely post-earnings setup', 'supportive days to earnings', 'supportive rsi 14']","timely post-earnings setup, supportive days to earnings, supportive rsi 14",0.5609167671893848
2026-08-31,EXEL,Health Care,Biotechnology,XLV,SPY,True,112160930.19617462,54.63999938964844,1.3401219504220145,0.024526390289014186,0.10317460317460317,0.6944444444444444,71.98451227173427,82.07095650675642,84.22698891686842,30.668841761827082,3.0340216601417893,3.6195603411528054,8.823126508272765,3.4479778661465623,12.57593222637476,0.08671441360787835,0.3317085307157983,1.0042379809779824,0.1541243883105342,0.001361651533879019,64.84303634807277,41.0,18.0,0.00482143674577995,1.8983141174791394,-0.02002782563311889,-0.03633159339633529,0.0076204386468296526,0.07407408653307601,-0.040484408551909046,-0.05089456871126574,39.0,0.13959173197786515,0.8337642215917583,0.7288980120289467,0.9345796997674026,0.9212235740817021,0.55,0.6594202898550725,0.782608695652174,0.18627920484160632,False,0,[],,,,,,,,,,,,,,,,,,"{""indicator_details"": {}, ""regime_green"": true}",0.014351411,"['timely post-earnings setup', 'constructive ATR profile', 'supportive days to earnings']","timely post-earnings setup, constructive ATR profile, supportive days to earnings",0.5800865800865801
2026-08-31,FTRE,Health Care,Biotechnology,XLV,SPY,True,24725887.219573975,18.3700008392334,0.828878675188337,0.04512131939689814,0.03968253968253968,0.1865079365079365,87.32359151849572,92.46552525401104,93.47101308882633,52.93637846655791,-11.592693823483643,-6.870646623882763,-5.741632761794136,-35.979676953165,-29.867207515512177,0.16560917337859338,0.7395833436813615,1.2430856423241188,0.27001471296998714,0.01051223052985061,39.130436350249845,48.0,23.0,-0.053623215914990086,2.6847272101467006,-0.07244321145117161,-0.09950974594396234,0.008009757667620559,0.05362321591499012,-0.06822213050695514,-0.14118740704015864,23.0,0.17072446401125382,0.7435840032123683,0.7251043280743766,1.0836410053049161,0.8997017865939482,0.7166666666666667,0.6594202898550725,0.782608695652174,0.18627920484160632,False,0,[],,,,,,,,,,,,,,,,,,"{""indicator_details"": {}, ""regime_green"": true}",0.0016378572,"['constructive ATR profile', 'timely post-earnings setup', 'supportive atr pct 14']","constructive ATR profile, timely post-earnings setup, supportive atr pct 14",0.46534653465346526
2026-08-31,GILD,Health Care,Biotechnology,XLV,SPY,True,795708296.811142,146.33999633789062,3.637678963797433,0.024857722118553575,0.40476190476190477,0.7579365079365079,78.79899361927667,86.87920503933525,88.53778218574804,38.499184339314844,8.682457705193826,7.511796016931456,12.12731262459215,10.381824926111907,14.29380536620971,0.11624705968618798,-0.02459509745670574,1.1174255014956223,0.09342738290954918,0.08785985786237434,69.86091638640644,43.0,19.0,0.0,1.6770635374519351,-0.0672783349178846,0.08199627606573467,0.007342436983057005,0.02041732496278421,-0.021922195470785,-0.06961661526885943,138.0,0.15957526569545571,0.9002942198927587,0.9377160469892997,0.9937361056368237,0.8773234043939221,0.4666666666666667,0.6594202898550725,0.782608695652174,0.18627920484160632,False,0,[],,,,,,,,,,,,,,,,,,"{""indicator_details"": {}, ""regime_green"": true}",0.005597405,"['timely post-earnings setup', 'supportive days to earnings', 'supportive sector breadth 50d']","timely post-earnings setup, supportive days to earnings, supportive sector breadth 50d",0.5588235294117648
2026-08-31,GKOS,Health Care,Health Care Equipment,XLV,SPY,True,111015857.28546143,179.55999755859375,5.6541867937360495,0.031489122692213135,0.12698412698412698,0.0873015873015873,99.98911756108923,99.99389120605919,99.9947633328383,98.85807504078304,0.13884024501909664,0.08526935892189158,0.10326160209154978,3.8295501834073207,21.759460533855574,0.7412722340578619,0.48249664371528334,0.8190511864507666,0.40736070312451816,0.0998117610739792,46.46581225671904,42.0,23.0,-0.010705049214207119,4.966689684527343,-0.0731752129929728,0.11072617525048245,0.006235887349215763,0.03435172125764117,-0.06259465049407642,-0.06259465049407642,7.0,0.14262708034575303,0.730490977278499,0.9038392375241172,0.620043382303713,0.8451076624174175,0.23333333333333334,0.6594202898550725,0.782608695652174,0.18627920484160632,False,0,[],,,,,,,,,,,,,,,,,,"{""indicator_details"": {}, ""regime_green"": true}",-0.027326532,"['timely post-earnings setup', 'supportive days to earnings', 'strong earnings gap']","timely post-earnings setup, supportive days to earnings, strong earnings gap",0.25981308411214954
2026-08-31,HAE,Health Care,Health Care Supplies,XLV,SPY,True,57318006.76148224,103.06999969482422,3.5493360246930803,0.03443616993501664,0.5833333333333334,0.9047619047619048,99.85377354066082,99.9178678587815,99.92958587573443,97.06362153344209,-0.1088413520187288,-0.05932541011603121,-0.04333096479963672,-0.8988886540069672,0.5681040110297033,0.5333233832652717,0.6134940195902736,0.6641944492388161,0.42914041618583654,0.20644812122183326,75.83956242579256,48.0,17.0,0.02595691637024422,0.9134983150364903,-0.03177741683692892,0.20981278319185148,0.013834654912842147,0.017257635309377767,-0.05932883343286921,-0.05932883343286921,6.0,0.3515567042257736,1.0876079811653865,1.3843562475879823,0.7379150725668447,1.143329941621338,0.26666666666666666,0.6594202898550725,0.782608695652174,0.18627920484160632,False,0,[],,,,,,,,,,,,,,,,,,"{""indicator_details"": {}, ""regime_green"": true}",0.0038946024,"['timely post-earnings setup', 'supportive 126d momentum', 'supportive sector breadth 50d']","timely post-earnings setup, supportive 126d momentum, supportive sector breadth 50d",0.5094850948509486
2026-08-31,HALO,Health Care,Biotechnology,XLV,SPY,True,154774300.84780884,106.48999786376953,2.699741908482143,0.02535207026612835,0.1388888888888889,0.9920634920634921,99.8988098201112,99.94317496651502,99.95128410967308,97.71615008156607,-0.01692768363183461,-0.0054114166189123125,0.012334879043365277,1.3021321516557265,2.769124816692397,0.5628118405875284,0.5245526154624511,0.5735752331457039,0.45044195051672853,0.21714122129905938,58.512969301834744,45.0,17.0,0.008733142587813436,0.2768783564700898,-0.0014211599136949582,0.2890690845779469,0.009175184416119548,0.019737656201728786,-0.028907584283030308,-0.028907584283030308,3.0,0.34140677262519115,1.0405789703096728,0.6117491133857287,0.6620022557357558,1.3952691213710648,0.15,0.6594202898550725,0.782608695652174,0.18627920484160632,False,0,[],,,,,,,,,,,,,,,,,,"{""indicator_details"": {}, ""regime_green"": true}",0.01985256,"['strong earnings volume', 'strong earnings gap', 'timely post-earnings setup']","strong earnings volume, strong earnings gap, timely post-earnings setup",0.6334841628959276
2026-08-31,HIMS,Health Care,Health Care Services,XLV,SPY,True,363487328.5816364,29.579999923706055,2.1611642837524414,0.0730616730671604,0.45634920634920634,0.5992063492063492,66.35796963195615,77.84672413861718,80.38935545253604,26.590538336052198,-30.87407424973472,-20.446507908654468,-17.590226187144253,-53.68656027845473,-13.344261989946176,0.06556194812025495,0.7949029578487514,0.677738323722502,0.03626240364319559,-0.07533604269295667,47.797251827838075,50.0,15.0,-0.016460919761061565,1.2481066939761711,-0.1758620937385439,-0.06893297143539845,0.015569296041324277,0.06484108730277373,-0.1415038690463999,-0.5470068715838806,219.0,0.25842227153525893,0.7544759307027075,1.1230698114951043,0.6018506124507023,0.7960331975379343,0.13333333333333333,0.6594202898550725,0.782608695652174,0.18627920484160632,False,0,[],,,,,,,,,,,,,,,,,,"{""indicator_details"": {}, ""regime_green"": true}",0.0020574045,"['supportive distance from 52w high', 'supportive sector breadth 50d', 'supportive atr pct 14']","supportive distance from 52w high, supportive sector breadth 50d, supportive atr pct 14",0.5094850948509486
2026-08-31,HQY,Health Care,Managed Health Care,XLV,SPY,True,66479065.83075714,96.54000091552734,3.7025789533342635,0.03835279592108173,0.7619047619047619,0.8055555555555556,66.22689722013675,77.74540129984915,80.29671848097203,26.182707993474715,-23.377265774681618,-15.645575585718802,-11.950780786605065,-30.867006757951522,-43.58094318826938,0.06509269158879438,0.2388040618179692,1.0223447047934346,0.07946943493134859,-0.01692028714888734,29.1647449416089,67.0,2.0,-0.06952685916628443,5.295018822503394,-0.09719381915556458,0.03372953792125255,0.008606028820800277,0.06952685916628441,-0.10295485549415284,-0.10295485549415284,15.0,0.21364532329101138,0.9691055909094857,1.9532037999781628,1.0185672832115302,1.0304316344694557,0.6666666666666666,0.6594202898550725,0.782608695652174,0.18627920484160632,False,0,[],,,,,,,,,,,,,,,,,,"{""indicator_details"": {}, ""regime_green"": true}",0.0052791364,"['limited recent downside gap risk', 'well above 50d trend', 'supportive realized vol 20 percentile 252']","limited recent downside gap risk, well above 50d trend, supportive realized vol 20 percentile 252",0.5588235294117648
2026-08-31,HRMY,Health Care,Biotechnology,XLV,SPY,True,22021019.786827087,39.380001068115234,1.1068077087402344,0.02810583236972998,0.03968253968253968,0.6309523809523809,94.45096881554541,96.80751884388349,97.25078886915546,73.00163132137031,-1.4906434946073546,-0.677213527739454,0.22378989009364147,-2.38549174301437,-0.592500707969549,0.23797553377131409,0.36262981273070083,0.843911364870206,0.15597827819623553,0.06716821023620358,49.14634566162165,46.0,19.0,0.05617977768886351,2.492438409195783,-0.03317050490545159,0.015471952235817987,0.007897912860678962,0.053008659253110726,-0.02765429461443869,-0.036457007651328976,177.0,0.10054350107739285,0.8082344741069156,0.6757546728119603,0.7434737994224605,0.9274980694373397,0.35,0.6594202898550725,0.782608695652174,0.18627920484160632,False,0,[],,,,,,,,,,,,,,,,,,"{""indicator_details"": {}, ""regime_green"": true}",0.010422885,"['timely post-earnings setup', 'constructive ATR profile', 'supportive realized vol 20 percentile 252']","timely post-earnings setup, constructive ATR profile, supportive realized vol 20 percentile 252",0.5609167671893848
2026-08-31,HSIC,Health Care,Health Care Distributors,XLV,SPY,True,84126867.30611801,89.80000305175781,1.6468712942940849,0.018339323366669394,0.05952380952380952,0.05952380952380952,88.6166894335104,93.27450114904552,94.17882641814414,56.525285481239806,-2.089213215730396,-0.8432386038752355,1.088124249656687,-2.724918267741451,-9.733883222916674,0.17539268662632068,0.10360083594233238,1.1405539334228487,0.14088830686914344,0.03565995451642661,54.415976090205135,46.0,19.0,0.05178587003713453,2.7925737579053296,0.01843565262293967,0.007743266038381158,0.005938589901146646,0.010374162258428818,-0.025766204734122944,-0.025766204734122944,19.0,0.05875264916842577,0.8322318884595967,0.6896713571885603,1.0090666117658535,0.8940522218381585,0.55,0.6594202898550725,0.782608695652174,0.18627920484160632,False,0,[],,,,,,,,,,,,,,,,,,"{""indicator_details"": {}, ""regime_green"": true}",-0.0103566935,"['timely post-earnings setup', 'tight recent base', 'clear of near-term earnings']","timely post-earnings setup, tight recent base, clear of near-term earnings",0.41847826086956524
2026-08-31,HUM,Health Care,Managed Health Care,XLV,SPY,True,387168412.3821411,383.2300109863281,11.419910975864955,0.029799104058873836,0.07539682539682539,0.32142857142857145,87.5531166546062,92.60982729498915,93.59739122903375,53.67047308319739,-7.201705985173746,-4.124006117041972,-2.547462693177593,-17.72316994858744,-18.782664651113933,0.16728096566091555,1.046294390667696,1.0796209757772246,0.3867509452778704,-0.005295221002227364,58.302766250045636,49.0,23.0,-0.0013119787483152345,2.5522349264949,-0.0948554886189652,0.04876715783812169,0.00450485540455951,0.018850189765685782,-0.049410847604455244,-0.1064437657570847,32.0,0.1398399477329639,0.7960628126706452,1.1061093779738016,0.8461670242503634,0.7464069687486188,0.35,0.6594202898550725,0.782608695652174,0.18627920484160632,False,0,[],,,,,,,,,,,,,,,,,,"{""indicator_details"": {}, ""regime_green"": true}",0.010437319,"['well above 50d trend', 'supportive distance above 200d', 'timely post-earnings setup']","well above 50d trend, supportive distance above 200d, timely post-earnings setup",0.5609167671893848
2026-08-31,ICUI,Health Care,Health Care Supplies,XLV,SPY,True,44387504.00953674,172.9499969482422,4.102129255022321,0.02371858529867418,0.015873015873015872,0.9325396825396826,97.77387065854896,98.73811171753671,98.91632323238171,86.86786296900489,-0.9112055624692346,-0.45570317781472625,-0.1277305796411099,-0.5811997856813349,-8.323661073374893,0.31381037488702823,0.17661058905318172,0.808158725402689,0.19295235403295813,0.0482666134421702,32.9600560457023,48.0,17.0,0.005288491076267388,0.3473343547130804,-0.05073205299896422,0.04274687273483657,0.010353988577459306,0.016554474717841546,-0.10318905120797228,-0.10318905120797228,16.0,0.17526973250948827,0.8700747806209242,0.6281298240910016,0.7531917093304265,1.0500083268514013,0.2833333333333333,0.6594202898550725,0.782608695652174,0.18627920484160632,False,0,[],,,,,,,,,,,,,,,,,,"{""indicator_details"": {}, ""regime_green"": true}",0.016213365,"['strong earnings volume', 'timely post-earnings setup', 'supportive sector breadth 50d']","strong earnings volume, timely post-earnings setup, supportive sector breadth 50d",0.5800865800865801
2026-08-31,ILMN,Health Care,Life Sciences Tools & Services,XLV,SPY,True,363652128.2477722,213.6300048828125,9.397021702357701,0.0439873682889839,0.8571428571428571,0.7658730158730159,97.34785315533581,98.49377969951404,98.70604506450624,84.82871125611744,-2.505410399259503,-1.416665740540239,-1.1876215540319919,-10.362812786262339,-0.41986250101378175,0.2994526326888196,0.6075702149446571,1.1321714338385236,0.42481032913604433,0.09866263823427267,66.5157274055369,43.0,22.0,0.006056835188479992,1.6292906560895273,-0.01576530982071145,0.04164029790537427,0.010188757676900884,0.02517865540880634,-0.07842626662892727,-0.07842626662892727,2.0,0.24201670765463237,0.9586603604741972,1.294580802000433,1.0825151531924988,1.0422650531627886,0.6333333333333333,0.6594202898550725,0.782608695652174,0.18627920484160632,False,0,[],,,,,,,,,,,,,,,,,,"{""indicator_details"": {}, ""regime_green"": true}",0.015873428,"['strong earnings gap', 'timely post-earnings setup', 'supportive days to earnings']","strong earnings gap, timely post-earnings setup, supportive days to earnings",0.5800865800865801
2026-08-31,INCY,Health Care,Biotechnology,XLV,SPY,True,158946086.83963013,123.22000122070312,3.108214787074498,0.025224920924219754,0.18253968253968253,0.376984126984127,96.9905355068611,98.2881351821256,98.52894833449643,83.03425774877651,-0.5159004484130634,-0.1759533327087297,0.34769313467407414,1.1271672842288325,4.876148539322557,0.2890470335948776,0.23170731800321276,1.2222364086213777,0.1816267242226454,0.03495438857301831,55.504358679368,41.0,24.0,0.0,3.771271432419998,-0.015243114504565614,-0.05164312963383133,0.007648398219821112,0.02446892720447036,-0.057951082983195845,-0.0705988873214749,24.0,0.12982643901278518,0.7084148461371589,0.8835671505873786,0.91448549910028,0.7387203498992218,0.4166666666666667,0.6594202898550725,0.782608695652174,0.18627920484160632,False,0,[],,,,,,,,,,,,,,,,,,"{""indicator_details"": {}, ""regime_green"": true}",0.011203041,"['timely post-earnings setup', 'supportive days to earnings', 'supportive sector breadth 50d']","timely post-earnings setup, supportive days to earnings, supportive sector breadth 50d",0.5609167671893848
2026-08-31,IQV,Health Care,Life Sciences Tools & Services,XLV,SPY,True,272307015.6858673,261.19000244140625,7.136421203613281,0.027322719617548234,0.29365079365079366,0.36904761904761907,99.21222911307828,99.55627707043277,99.61938771691095,93.3931484502447,-0.6485852636146632,-0.3587792067519757,-0.2797527468945731,-1.8798751846371289,3.173099550489198,0.3980836752035948,0.4987662594708553,1.21282258577983,0.30016039910049147,0.1711511044456998,72.73921724536797,46.0,24.0,0.10214800982367733,4.154648954544022,0.08269982352389937,0.0751214284045365,0.008261195410891892,0.024595387639856647,-0.01530630559319035,-0.01530630559319035,2.0,0.16773060588713185,0.7116807409419545,1.4159862871628113,1.0324878724681172,0.95007991354748,0.6333333333333333,0.6594202898550725,0.782608695652174,0.18627920484160632,False,0,[],,,,,,,,,,,,,,,,,,"{""indicator_details"": {}, ""regime_green"": true}",-0.0067339935,"['timely post-earnings setup', 'supportive sector breadth 50d', 'clear of near-term earnings']","timely post-earnings setup, supportive sector breadth 50d, clear of near-term earnings",0.41847826086956524
2026-08-31,ITGR,Health Care,Health Care Equipment,XLV,SPY,True,70229986.51760101,125.25,0.31249891008649555,0.002495001278135693,0.003968253968253968,0.003968253968253968,99.1204885932922,99.50440279966227,99.57486000905145,93.06688417618271,0.011147588717278722,0.049562660534945735,0.2216077168703947,2.846835276427214,3.1728336464353646,0.3891969267148283,0.45066024221075374,0.7605299310109427,0.3964107798367479,0.1575411172707243,56.44164026042715,43.0,20.0,0.032093056835496236,26.303373745003285,0.012955453231749736,0.006428309131180754,0.0011158488893260655,0.022473113473938253,-0.002310027986398344,-0.002310027986398344,20.0,0.008356777348575366,0.24683458652022108,0.5458321153669387,0.7669706356565777,1.2260167197175766,0.7666666666666667,0.6594202898550725,0.782608695652174,0.18627920484160632,False,0,[],,,,,,,,,,,,,,,,,,"{""indicator_details"": {}, ""regime_green"": true}",0.038660973,"['active price discovery', 'supportive earnings volume', 'constructive ATR profile']","active price discovery, supportive earnings volume, constructive ATR profile",0.7242798353909465
2026-08-31,JAZZ,Health Care,Pharmaceuticals,XLV,SPY,True,158613756.4842987,250.67999267578125,7.652009146554129,0.030525009454786884,0.7857142857142857,0.6904761904761905,69.61586253699231,80.32197212312242,82.64384795290403,28.629690048939644,8.216352276364823,8.039845547340846,13.933760479956163,6.3803012958834096,1.8978237082713463,0.07754467560807399,0.31618179060753704,1.1772072678454368,0.23158081353209736,0.012925802805942695,52.481155100693556,47.0,20.0,0.0005536636451415333,2.040627515895273,-0.03174577776635801,-0.0035774272546424957,0.005746571016935842,0.011609798581888806,-0.058938403480914725,-0.058938403480914725,4.0,0.10700619841746284,1.021294590449464,1.82301464494082,1.4247489656220218,1.2330930823336248,0.9,0.6594202898550725,0.782608695652174,0.18627920484160632,False,0,[],,,,,,,,,,,,,,,,,,"{""indicator_details"": {}, ""regime_green"": true}",0.00454388,"['timely post-earnings setup', 'well above 50d trend', 'supportive realized vol 20 percentile 252']","timely post-earnings setup, well above 50d trend, supportive realized vol 20 percentile 252",0.5157977718897363
2026-08-31,JNJ,Health Care,Pharmaceuticals,XLV,SPY,True,1619575762.080429,265.8500061035156,5.053397042410714,0.019008451857785713,0.6706349206349206,0.753968253968254,90.27066534565445,94.29527226790158,95.06959759849133,60.76672104404568,4.8821296924536455,3.746294937545585,6.097749253779895,12.600461875341523,16.186443945431172,0.18943229670825623,0.06956070451700924,1.4017222440894679,0.13494031340665358,0.026998277328070235,57.43061963872211,31.0,33.0,-0.013237629029465348,1.1640921212014597,-0.07178115600946999,0.07622865154793446,0.005058284551579783,0.0244793433129289,-0.038412829856030783,-0.038412829856030783,8.0,0.10362862673392773,0.8551222158175706,1.310075080570445,1.1295882992752637,0.804118662429901,0.6666666666666666,0.6594202898550725,0.782608695652174,0.18627920484160632,False,0,[],,,,,,,,,,,,,,,,,,"{""indicator_details"": {}, ""regime_green"": true}",0.010533773,"['supportive days since earnings', 'timely post-earnings setup', 'supportive days to earnings']","supportive days since earnings, timely post-earnings setup, supportive days to earnings",0.5609167671893848
2026-08-31,KRYS,Health Care,Biotechnology,XLV,SPY,True,82209054.16122437,359.3599853515625,10.787848336356026,0.03001961480436464,0.047619047619047616,0.12698412698412698,91.89772416105471,95.2844453422582,95.93030101650236,65.49755301794453,10.65924810504734,7.631763296261099,10.261569166469513,24.258759211913556,36.72819686472529,0.20550143573889845,0.38850890128463655,1.0477083804722056,0.2514166049192277,0.031339383269715,68.75652834488653,45.0,20.0,-0.05986158302781763,2.0424539774862867,-0.1607567892885562,0.1496943946346394,0.0074081612794530015,0.05986158302781759,-0.01225886944881982,-0.06058273906619327,43.0,0.1589208288867213,0.662992296323843,1.0441109514374713,0.5372890254694533,0.5172290925444545,0.26666666666666666,0.6594202898550725,0.782608695652174,0.18627920484160632,False,0,[],,,,,,,,,,,,,,,,,,"{""indicator_details"": {}, ""regime_green"": true}",-0.019970076,"['supportive sector breadth 50d', 'timely post-earnings setup', 'supportive dollar volume ratio 20 60']","supportive sector breadth 50d, timely post-earnings setup, supportive dollar volume ratio 20 60",0.25981308411214954
2026-08-31,LFST,Health Care,Health Care Services,XLV,SPY,True,36108566.57733345,12.359999656677246,0.4452857289995466,0.03602635447962895,0.45634920634920634,0.7341269841269841,99.89075080763836,99.93864712362601,99.94740206671783,97.47145187601957,-0.06702172252141736,-0.03559158233244375,-0.022006378301142604,-0.32805912642541557,0.40543720609292677,0.5566750085143057,0.7310924212609271,0.8351560184262546,0.5250927339551721,0.1028328975014037,65.03496083765961,48.0,17.0,0.05400196970074589,1.4380288342669336,-0.07057822343129094,0.1799521915571558,0.010844892929014421,0.013761433374297584,-0.046664133342866454,-0.046664133342866454,7.0,0.2862103423331302,1.0136811000033232,0.6222320461275882,0.9079789155510771,1.2319820075281873,0.5833333333333334,0.6594202898550725,0.782608695652174,0.18627920484160632,False,0,[],,,,,,,,,,,,,,,,,,"{""indicator_details"": {}, ""regime_green"": true}",0.021489112,"['constructive ATR profile', 'timely post-earnings setup', 'supportive post-earnings hold']","constructive ATR profile, timely post-earnings setup, supportive post-earnings hold",0.6583333333333333
2026-08-31,LGND,Health Care,Biotechnology,XLV,SPY,True,58887692.826812744,284.1000061035156,8.48250252859933,0.029857452820710666,0.24206349206349206,0.4523809523809524,94.3468457564213,96.74609116035467,97.19764340584902,72.67536704730831,2.125868894926981,1.639452174508321,2.955944772080926,9.431683265727216,-13.795700597353473,0.23640006794670132,0.4026166468677823,1.014025435025973,0.2311229926582604,-0.044376439410073805,45.69763771167896,48.0,17.0,0.011600552477383452,0.6818390963902329,-0.053351067690545206,-0.08696489664519469,0.008544885212502707,0.026011327741108623,-0.10516861998140625,-0.13020848710624633,38.0,0.15199558491709705,0.9021465819231886,0.7958200075640598,0.5690985760213094,0.5855800033821319,0.35,0.6594202898550725,0.782608695652174,0.18627920484160632,False,0,[],,,,,,,,,,,,,,,,,,"{""indicator_details"": {}, ""regime_green"": true}",0.032793343,"['strong earnings volume', 'well above 50d trend', 'strong earnings gap']","strong earnings volume, well above 50d trend, strong earnings gap",0.7242798353909465
2026-08-31,LH,Health Care,Health Care Services,XLV,SPY,True,170043051.92016602,332.6600036621094,6.995697021484375,0.0210295705659586,0.35714285714285715,0.047619047619047616,97.20207356863297,98.40995902215336,98.63387304517458,84.09461663947798,0.07716516075404911,0.18353771348336068,0.7331176472398226,4.551014357489393,6.670003762542365,0.2950520106886967,0.16123853193905768,1.7568202555285972,0.21294924544824015,0.1051184875850081,63.38210614307684,46.0,22.0,-0.029789985604128377,2.2265666805392716,-0.0562751041325289,0.054289623646195384,0.00598537794143209,0.05267811939886943,-0.026740738611130466,-0.026740738611130466,2.0,0.1371348827670301,0.7363834623667378,1.6041250035946368,1.427555644352347,0.9032560117611127,0.8666666666666667,0.6594202898550725,0.782608695652174,0.18627920484160632,False,0,[],,,,,,,,,,,,,,,,,,"{""indicator_details"": {}, ""regime_green"": true}",-0.002306104,"['timely post-earnings setup', 'supportive sector breadth 50d', 'strong earnings gap']","timely post-earnings setup, supportive sector breadth 50d, strong earnings gap",0.43728813559322033
2026-08-31,LIVN,Health Care,Health Care Equipment,XLV,SPY,True,45089613.48831177,79.80999755859375,2.232141767229353,0.027968197412743825,0.3531746031746032,0.7341269841269841,70.59689408512827,81.05141729110645,83.30511300489223,29.363784665579118,9.506099201684194,9.03063164600293,14.875335889940288,7.277395097526959,-17.987478578104664,0.0812898008191496,0.13576208013763535,0.8775210498871389,0.1518667680297684,-0.00959877211809826,54.662611534452616,47.0,18.0,-0.06381482437235986,3.3165433708676697,-0.06856348806372536,0.021306558155378408,0.010226079577748131,0.06381482437235989,-0.06937971582819091,-0.06937971582819091,19.0,0.14851868657697295,0.9174724998139321,0.730781573702211,0.9362952836464578,1.0065231347169052,0.48333333333333334,0.6594202898550725,0.782608695652174,0.18627920484160632,False,0,[],,,,,,,,,,,,,,,,,,"{""indicator_details"": {}, ""regime_green"": true}",0.007649285,"['well above 50d trend', 'timely post-earnings setup', 'supportive realized vol 20 percentile 252']","well above 50d trend, timely post-earnings setup, supportive realized vol 20 percentile 252",0.5609167671893848
2026-08-31,LLY,Health Care,Pharmaceuticals,XLV,SPY,True,2558646744.140625,1156.72998046875,36.97129603794643,0.03196190698106077,0.6428571428571429,0.7023809523809523,67.27448159642971,78.5514132139297,81.0328704482684,26.835236541598697,-18.978061836646972,-12.588087979456319,-8.616780657069214,-23.368512439656392,-24.509506734684926,0.06886900079432556,0.13631051382565018,1.2589348134031277,0.09075824454135444,-0.02598673098656795,39.990374231112355,43.0,18.0,0.052273002546814995,2.6360197881794614,-0.054666688553459575,-0.011223569527311184,0.009954111300611562,0.029743301477207933,-0.10514837069447536,-0.10514837069447536,8.0,0.16543148380754677,0.9931678086084461,1.089164367479817,1.209432089467742,0.9337013702071124,0.7833333333333333,0.6594202898550725,0.782608695652174,0.18627920484160632,False,0,[],,,,,,,,,,,,,,,,,,"{""indicator_details"": {}, ""regime_green"": true}",-0.0016181327,"['timely post-earnings setup', 'well above 50d trend', 'supportive days to earnings']","timely post-earnings setup, well above 50d trend, supportive days to earnings",0.43728813559322033
2026-08-31,MCK,Health Care,Health Care Distributors,XLV,SPY,True,615449024.6889648,885.3200073242188,22.04091535295759,0.02489598695456325,0.5238095238095238,0.8373015873015873,91.83333015871477,95.24557524267314,95.8965254050037,65.25285481239804,10.701761237443293,7.6688401027041095,10.313936307870534,24.25855978387318,28.578038186481166,0.20481206077666858,-0.10659468548524931,1.669094859716256,0.051614988503566814,0.060801630472541564,45.849941502494346,47.0,18.0,0.012005866630799611,1.2129446922722447,-0.07342885952143052,0.009222241641976048,0.008098023907861185,0.022373283669571864,-0.035599120561853215,-0.11379378646224347,125.0,0.13210338702662716,0.8996316168813827,0.9879230397902927,1.525903988443099,0.9622839594494099,0.9333333333333333,0.6594202898550725,0.782608695652174,0.18627920484160632,False,0,[],,,,,,,,,,,,,,,,,,"{""indicator_details"": {}, ""regime_green"": true}",0.00036928323,"['timely post-earnings setup', 'strong earnings gap', 'supportive sector breadth 50d']","timely post-earnings setup, strong earnings gap, supportive sector breadth 50d",0.43728813559322033
2026-08-31,MDT,Health Care,Health Care Equipment,XLV,SPY,True,518651299.13368607,90.6500015258789,1.859485081263951,0.020512797021113145,0.43253968253968256,0.5436507936507936,93.56197673657532,96.28119728249622,96.7951267521744,69.9836867862969,5.744372947895442,4.082663468086665,5.926212406604691,16.845952474968456,15.13446103242567,0.2253311356112957,-0.07594288546505434,1.7000998586027718,0.009577304640585612,0.0573697657554567,49.90007055039474,1.0,63.0,0.04839593945272469,2.119632190426393,-0.02687693695164628,0.16292501699607964,0.006120515905174001,0.023692752951586075,-0.042918175254001656,-0.14746543811867296,189.0,0.11494996751557268,0.887742002745962,1.3774373457649216,1.453879883114263,0.835996921791738,0.8333333333333334,0.6594202898550725,0.782608695652174,0.18627920484160632,False,0,[],,,,,,,,,,,,,,,,,,"{""indicator_details"": {}, ""regime_green"": true}",-0.022018773,"['supportive days to earnings', 'supportive sector breadth 50d', 'strong sector momentum backdrop']","supportive days to earnings, supportive sector breadth 50d, strong sector momentum backdrop",0.25981308411214954
2026-08-31,MEDP,Health Care,Life Sciences Tools & Services,XLV,SPY,True,140475045.59646606,593.989990234375,18.430903843470983,0.03102898053248097,0.376984126984127,0.3055555555555556,97.82417033483812,98.76689901855232,98.94108861660597,87.19412724306689,-1.5750185261267262,-0.865769646712593,-0.6229844220904539,-4.655913506729362,-3.6779183967049107,0.31567986494854683,0.2984239155559596,1.7629119938285207,0.14079282961308556,0.049752744718646984,45.18932989390914,35.0,28.0,-0.0008651248937966427,1.5540138494139697,-0.06462283268009272,0.12472543309512685,0.007481168825646195,0.020996121408895566,-0.05669458315777087,-0.12377936444568571,27.0,0.11756143189155902,0.724929067391653,1.1134621878743949,1.1468318275045655,0.7252668384862406,0.75,0.6594202898550725,0.782608695652174,0.18627920484160632,False,0,[],,,,,,,,,,,,,,,,,,"{""indicator_details"": {}, ""regime_green"": true}",0.008184629,"['timely post-earnings setup', 'supportive dollar volume ratio 20 60', 'supportive days to earnings']","timely post-earnings setup, supportive dollar volume ratio 20 60, supportive days to earnings",0.5609167671893848
2026-08-31,MMSI,Health Care,Health Care Supplies,XLV,SPY,True,65136780.238422394,90.66000366210938,1.7671356201171875,0.01949189883891156,0.06746031746031746,0.051587301587301584,99.64001669086385,99.79761550262246,99.82646045354005,95.75856443719412,0.4667052936072906,0.3034933228893948,0.42665028134635463,5.049517982426394,3.827024094895833,0.461079851358982,0.18509808708639697,0.5067657056706204,0.1840439118577621,0.13085405349577545,48.03837445357045,43.0,22.0,0.001979263599179326,2.8376274848500396,0.0012360750585289626,0.08770252335706918,0.005587919928607354,0.016353834417604466,-0.016169265752546846,-0.04316618826269791,162.0,0.10240466040202593,0.6875711716622975,0.5876718467012442,0.47468133673025914,1.074824429881885,0.08333333333333333,0.6594202898550725,0.782608695652174,0.18627920484160632,False,0,[],,,,,,,,,,,,,,,,,,"{""indicator_details"": {}, ""regime_green"": true}",0.008554128,"['timely post-earnings setup', 'supportive days to earnings', 'supportive sector breadth 50d']","timely post-earnings setup, supportive days to earnings, supportive sector breadth 50d",0.5609167671893848
2026-08-31,MOH,Health Care,Managed Health Care,XLV,SPY,True,111388827.87475586,198.77000427246094,6.867621285574777,0.03455059182954532,0.23412698412698413,0.24603174603174602,71.47214159760442,81.69614925171591,83.88840538644806,30.342577487765087,5.189879583548986,5.376933773360378,10.814771895781874,5.077703812133464,1.002724187031589,0.08469306560688095,0.3040939946222829,1.9911527020091206,0.12870325281126005,-0.05723868144039747,54.19561178399996,37.0,28.0,0.006444807791722296,2.004290866747557,-0.06599484072783379,-0.10358979278284208,0.0041030239761716105,0.03248443887270683,-0.07475677243266776,-0.18573592324987265,34.0,0.1461879647120849,0.8186806524319605,1.2663654124797956,1.180986325836975,0.5520431837982194,0.7166666666666667,0.6594202898550725,0.782608695652174,0.18627920484160632,False,0,[],,,,,,,,,,,,,,,,,,"{""indicator_details"": {}, ""regime_green"": true}",0.0023608515,"['supportive days to earnings', 'timely post-earnings setup', 'strong earnings gap']","supportive days to earnings, timely post-earnings setup, strong earnings gap",0.5094850948509486
2026-08-31,MRK,Health Care,Pharmaceuticals,XLV,SPY,True,1029549094.0524292,147.75999450683594,4.890926906040737,0.03310048110359441,0.9920634920634921,0.9920634920634921,96.76083094911905,98.15558958623747,98.41474759701286,81.81076672104405,3.7661742818379054,2.5485992141152423,3.5890681802881517,16.61109271941406,18.404083754458874,0.2829729691415266,0.21703311135761116,1.103219167773268,0.26030910529952905,0.1183399468949923,68.63714577919885,43.0,19.0,0.005400407677307539,1.1486037302209,-0.04879671372806271,0.15437495708465576,0.01280563310149862,0.023318139659674202,-0.05837371762041066,-0.05837371762041066,4.0,0.24322608660541392,1.2215127655903701,2.166684814975754,1.184041862825999,1.0942974753667227,0.7166666666666667,0.6594202898550725,0.782608695652174,0.18627920484160632,False,0,[],,,,,,,,,,,,,,,,,,"{""indicator_details"": {}, ""regime_green"": true}",0.00796891,"['timely post-earnings setup', 'supportive days to earnings', 'supportive sector breadth 50d']","timely post-earnings setup, supportive days to earnings, supportive sector breadth 50d",0.5609167671893848
2026-08-31,MRNA,Health Care,Biotechnology,XLV,SPY,True,337847969.32221794,140.33999633789062,20.35698672703334,0.14505477596009544,1.0,0.9920634920634921,99.99999999911087,99.99999999950091,99.99999999957217,100.0,2.0969537217752077e-09,1.3223058203948312e-09,1.735173782435595e-09,0.0,18.418907905460472,2.046895183534886,1.655691041651628,0.6152998549063626,1.681295197993261,0.7921265405222301,68.15017051480379,48.0,21.0,-0.001208558305199503,1.2512018796471958,-0.3241822487694259,1.5600145406629893,0.06657642591862425,0.1391644750059677,-0.2055922207597216,-0.2055922207597216,8.0,2.260009251292256,1.952325083390022,10.076788535871245,1.134293502774861,2.458990142509904,0.85,0.6594202898550725,0.782608695652174,0.18627920484160632,False,0,[],,,,,,,,,,,,,,,,,,"{""indicator_details"": {}, ""regime_green"": true}",-0.21357119,"['holding above recent breakout', 'supportive sector breadth 50d', 'supportive post-earnings hold']","holding above recent breakout, supportive sector breadth 50d, supportive post-earnings hold",0.0
2026-08-31,MTD,Health Care,Life Sciences Tools & Services,XLV,SPY,True,188397435.27282715,1405.1400146484375,32.260916573660715,0.02295921846744384,0.07936507936507936,0.003968253968253968,90.02337330360291,94.1436379106815,94.93744016372617,60.1957585644372,-5.4680064882489035,-3.0570588860321237,-1.755587340028569,-13.56137264990673,-26.601307450232724,0.18720487881099102,0.06041102935872655,1.5446103430791216,0.06410411611582399,0.04345982083663721,38.105139128070334,48.0,22.0,-0.00446576200768134,1.2093868510888017,-0.021388314768300276,0.017767529973809815,0.006551240940786557,0.02914969289077507,-0.04683923341109275,-0.07869944061213074,190.0,0.0711760397732257,0.838850278746,2.065807462825587,1.3214400521986656,0.9076822396306613,0.7666666666666667,0.6594202898550725,0.782608695652174,0.18627920484160632,False,0,[],,,,,,,,,,,,,,,,,,"{""indicator_details"": {}, ""regime_green"": true}",-0.012033731,"['timely post-earnings setup', 'tight recent base', 'strong earnings volume']","timely post-earnings setup, tight recent base, strong earnings volume",0.3860759493670886
2026-08-31,NEO,Health Care,Health Care Services,XLV,SPY,True,27007983.44542408,17.90999984741211,0.7933213370186942,0.04429488239964025,0.2222222222222222,0.42857142857142855,99.98498505888318,99.9915712971157,99.9927746035904,98.77650897226754,-0.0069460145831641285,-0.0035068286985477926,-0.0013804388713367644,-0.0009971402019033349,-0.5714942877161633,0.715517295715691,0.8852631418328536,0.9177622605792255,0.5547853321053595,0.17758446549304324,61.63574274660761,41.0,24.0,0.010654443378274259,0.9016845249471203,-0.1470777139844306,0.33656719084119624,0.011208887074081037,0.07213707662106573,-0.09362350000207531,-0.09362350000207531,2.0,0.27237608297765004,0.7221946864069024,1.1348226409045106,0.5914577573022435,0.7289404542735858,0.35,0.6594202898550725,0.782608695652174,0.18627920484160632,False,0,[],,,,,,,,,,,,,,,,,,"{""indicator_details"": {}, ""regime_green"": true}",0.09077601,"['supportive days to earnings', 'constructive ATR profile', 'supportive atr pct 14']","supportive days to earnings, constructive ATR profile, supportive atr pct 14",0.9038461538461539
2026-08-31,NHC,Health Care,Health Care Facilities,XLV,SPY,True,20893567.108970642,216.52999877929688,6.899070739746094,0.03186196267787416,0.4880952380952381,0.8968253968253969,92.03314982207776,95.36611797230643,96.00125697332312,66.31321370309952,6.6353543067201315,4.81078942519386,7.022126555982609,18.06545494189333,14.805471241811823,0.20696770427002842,0.26514756939027073,0.8573484292740348,0.24142322204284022,-0.012531133569105285,49.82509445833325,49.0,2952.0,,,,2.0224734872148002,0.00614943600290625,0.04780747217026988,-0.09511469407590523,-0.09511469407590523,7.0,0.1802830281266972,0.9596082608236303,0.9016736849809265,0.8086298471752891,0.8978877150425184,0.2833333333333333,0.6594202898550725,0.782608695652174,0.18627920484160632,False,0,[],,,,,,,,,,,,,,,,,,"{""indicator_details"": {}, ""regime_green"": true}",0.04817494,"['supportive post-earnings hold', 'well above 50d trend', 'supportive within-sector post-earnings hold']","supportive post-earnings hold, well above 50d trend, supportive within-sector post-earnings hold",0.7360703812316716
2026-08-31,NVST,Health Care,Health Care Supplies,XLV,SPY,True,61612821.4360199,27.139999389648438,0.7908571788242885,0.029139911444726566,0.30952380952380953,0.031746031746031744,86.7178255354545,92.0831994073253,93.13592168124583,51.386623164763456,1.060724060761416,1.3502136840350687,3.9530269505186766,2.4053680710389287,-3.788600959115932,0.16131786114812585,-0.0781250374553637,0.6015522951627064,0.07935375633678547,0.001010582570710229,32.216468492347985,42.0,18.0,0.00035766198888720346,2.8742110920068438,-0.030166464446267693,-0.05204330474308916,0.005719267983730653,0.014606336012454911,-0.06381512232065711,-0.1078238224332414,138.0,0.08658168813792161,0.9926579930528701,0.6018053309570955,0.6118339914391181,1.0375507387423382,0.11666666666666667,0.6594202898550725,0.782608695652174,0.18627920484160632,False,0,[],,,,,,,,,,,,,,,,,,"{""indicator_details"": {}, ""regime_green"": true}",0.023369504,"['constructive ATR profile', 'supportive days to earnings', 'timely post-earnings setup']","constructive ATR profile, supportive days to earnings, timely post-earnings setup",0.6583333333333333
2026-08-31,PFE,Health Care,Pharmaceuticals,XLV,SPY,True,814196797.13171,28.459999084472656,0.6000001089913505,0.021082225168401407,0.46825396825396826,0.6944444444444444,77.55608514970585,86.02599366113334,87.77725031011907,36.378466557911906,10.734402182346187,9.271615934126459,14.229484886387937,10.787594512272133,15.188572507382158,0.11041748015497821,0.04402050056916096,1.338821927034215,0.09055826268684739,0.11050410401396399,69.16665905051337,46.0,19.0,0.00039952970864964854,1.873237224986769,-0.023781626201750505,0.12003145436347484,0.005731252825537358,0.015593737947993368,-0.00419876975345479,-0.010086988366168503,103.0,0.1619433148359132,1.0400819600348796,1.0671751391515982,1.1840483290050725,0.9213477431966318,0.7833333333333333,0.6594202898550725,0.782608695652174,0.18627920484160632,False,0,[],,,,,,,,,,,,,,,,,,"{""indicator_details"": {}, ""regime_green"": true}",0.0039573833,"['constructive ATR profile', 'timely post-earnings setup', 'supportive sector breadth 50d']","constructive ATR profile, timely post-earnings setup, supportive sector breadth 50d",0.5094850948509486
2026-08-31,PRGO,Health Care,Pharmaceuticals,XLV,SPY,True,29240755.526782036,14.640000343322754,0.5459214619227818,0.037289716469970875,0.4166666666666667,0.9007936507936508,98.74722017287212,99.29290689438874,99.39324834523319,91.10929853181077,3.0618797881111703,1.9697229014891775,2.5562427613462546,16.3741722074424,31.044098857809132,0.3605947985043976,0.18638575059113904,0.9626888041541567,0.20135154575654918,0.2668524459630097,73.24673317280242,47.0,18.0,0.17068647478349686,3.2816609776497017,0.11091551645789233,0.1032403796759147,0.017879883128977613,0.05254088498843475,-0.010810800361494066,-0.3887265187073863,250.0,0.42926130806361834,0.8995924298375452,0.9365126318838883,0.7906574891549552,0.9463003699071164,0.35,0.6594202898550725,0.782608695652174,0.18627920484160632,False,0,[],,,,,,,,,,,,,,,,,,"{""indicator_details"": {}, ""regime_green"": true}",0.0049546766,"['supportive distance from 52w high', 'supportive sector breadth 50d', 'timely post-earnings setup']","supportive distance from 52w high, supportive sector breadth 50d, timely post-earnings setup",0.5588235294117648
2026-08-31,PTGX,Health Care,Biotechnology,XLV,SPY,True,65224712.03277588,147.75,5.766020638602121,0.03902552039663026,0.38492063492063494,0.29365079365079366,99.89061291507385,99.93856964783956,99.94733564075824,97.38988580750407,0.013672016237819662,0.013666774365461265,0.03650528110752305,1.6278646176100153,1.953862987618166,0.5565739870435324,0.5678056382554559,1.2389864912754127,0.40974215374616224,0.0645004424606343,49.3094713394215,48.0,18.0,0.0123702817522362,0.6871221789230996,-0.0402763453505266,0.07595391872617352,0.01042178997032669,0.0219553451635639,-0.08121384091082473,-0.08121384091082473,8.0,0.2158627267316436,0.955315438358758,1.1999171621601168,0.8836414753994222,0.7970258793798262,0.5833333333333334,0.6594202898550725,0.782608695652174,0.18627920484160632,False,0,[],,,,,,,,,,,,,,,,,,"{""indicator_details"": {}, ""regime_green"": true}",0.018544266,"['strong earnings volume', 'strong earnings gap', 'timely post-earnings setup']","strong earnings volume, strong earnings gap, timely post-earnings setup",0.6334841628959276
2026-08-31,RCUS,Health Care,Biotechnology,XLV,SPY,True,27191146.36206436,29.280000686645508,1.1967926025390625,0.04087406333582891,0.031746031746031744,0.06349206349206349,83.44710857536796,89.98105154878549,91.28685336575538,46.6557911908646,-12.892250885000749,-7.75376331369435,-6.034488086778268,-29.872326168548604,-22.455863250863196,0.1406311102307074,0.22305764550803064,1.0701420956553205,0.19925663610142913,0.006863754138051695,53.52481197915162,41.0,18.0,0.0031250053809750433,0.8718108008703838,-0.070762327183724,0.05703970686600046,0.014051944153040091,0.02364861768770917,-0.0728308816534865,-0.07735937849345009,43.0,0.1572003981039739,0.7933855880780522,1.0158444617892088,0.9460874085615816,0.9040990789557477,0.6166666666666667,0.6594202898550725,0.782608695652174,0.18627920484160632,False,0,[],,,,,,,,,,,,,,,,,,"{""indicator_details"": {}, ""regime_green"": true}",0.025132226,"['supportive days to earnings', 'constructive ATR profile', 'strong earnings volume']","supportive days to earnings, constructive ATR profile, strong earnings volume",0.6583333333333333
2026-08-31,RDNT,Health Care,Health Care Services,XLV,SPY,True,40222497.47192383,75.81999969482422,2.473821367536272,0.03262755707588252,0.1865079365079365,0.6825396825396826,99.49284779055898,99.71469189038672,99.75532659435773,94.94290375203916,0.7504335178185499,0.4855495183225713,0.6694431697035128,7.086343034842741,3.5003609647530993,0.4335413229303915,0.00797658155256653,0.9652965524201134,0.14717878149797825,0.12453372782158079,48.33972932694205,48.0,15.0,0.008496205645087684,2.7038938294471175,0.008496205645087684,-0.018892327996047897,0.00791588607932021,0.06381965947998877,-0.0385591058742355,-0.11672876363629903,190.0,0.22321700331305297,0.9466338620534492,0.5758907163975449,0.878795375454729,0.993963598108392,0.55,0.6594202898550725,0.782608695652174,0.18627920484160632,False,0,[],,,,,,,,,,,,,,,,,,"{""indicator_details"": {}, ""regime_green"": true}",0.017799849,"['strong earnings gap', 'limited recent downside gap risk', 'timely post-earnings setup']","strong earnings gap, limited recent downside gap risk, timely post-earnings setup",0.6334841628959276
2026-08-31,REGN,Health Care,Biotechnology,XLV,SPY,True,521052339.473938,799.0800170898438,18.398572649274552,0.023024693717507802,0.05952380952380952,0.0873015873015873,98.18179720997587,98.97120532834131,99.11679240797304,88.58075040783035,1.376819160687063,0.9446322743888231,1.4517092592319045,10.585640383380479,45.22296719674641,0.33033671763836425,0.010457656778216418,1.4715270963849432,0.09566083360892176,0.10941994473084793,50.83014751628066,42.0,22.0,0.006585972796866679,1.9445476368981023,-0.00370050622869611,0.08226560666507776,0.0069609834452447564,0.014794948266635844,-0.05644245644881307,-0.05644245644881307,6.0,0.13370817253388553,0.8392433063417788,1.1638172823397523,1.1960219788028066,0.8727211099698056,0.7,0.6594202898550725,0.782608695652174,0.18627920484160632,False,0,[],,,,,,,,,,,,,,,,,,"{""indicator_details"": {}, ""regime_green"": true}",0.002901548,"['strong earnings gap', 'timely post-earnings setup', 'supportive days to earnings']","strong earnings gap, timely post-earnings setup, supportive days to earnings",0.5094850948509486
2026-08-31,RGEN,Health Care,Biotechnology,XLV,SPY,True,158312378.54403687,180.97999572753906,6.629820687430246,0.03663289227507375,0.14682539682539683,0.21031746031746032,99.67862523941903,99.81935207490626,99.84510381851244,95.84013050570962,-0.22387560121370598,-0.12115475141251864,-0.08425246465442626,-0.32938864669461054,-1.3888833492211035,0.47018682348388396,0.44818751668185985,0.835886956513928,0.27807911239668803,0.1852959636113944,71.55011668251645,46.0,24.0,0.06592400084385552,2.1416434030323317,-0.07422132141320859,0.24521811124029158,0.00802521898593082,0.0941646277391539,-0.041063954726032637,-0.041063954726032637,7.0,0.32483937595511364,0.7412651323182029,1.224613145045761,0.7128915865019156,1.0062850726588843,0.35,0.6594202898550725,0.782608695652174,0.18627920484160632,False,0,[],,,,,,,,,,,,,,,,,,"{""indicator_details"": {}, ""regime_green"": true}",-0.00037280968,"['timely post-earnings setup', 'limited recent downside gap risk', 'supportive sector breadth 50d']","timely post-earnings setup, limited recent downside gap risk, supportive sector breadth 50d",0.43728813559322033
2026-08-31,RMD,Health Care,Health Care Equipment,XLV,SPY,True,220833061.25821686,240.10000610351562,5.773750305175781,0.02404727262974959,0.3611111111111111,0.7579365079365079,96.9452117079979,98.26200359437351,98.50643689572534,82.78955954323001,20.683353484942998,14.218716911220483,16.90531719988539,47.98923354486001,54.91669890753319,0.2878137897416808,-0.06717435627228141,1.2756203055450053,0.049600534699342516,0.1305713658042187,71.5172214366674,43.0,17.0,0.003615576320168179,0.7852775531072779,-0.0006667369732474837,0.07480194619062042,0.01006652532000329,0.07256370812550499,-0.0038377256151534977,-0.15715937017254045,224.0,0.19658419165280785,0.9126567185869587,0.9643160877520361,1.3059452317846787,1.0846337220767464,0.8166666666666667,0.6594202898550725,0.782608695652174,0.18627920484160632,False,0,[],,,,,,,,,,,,,,,,,,"{""indicator_details"": {}, ""regime_green"": true}",0.0060827415,"['supportive days since 52w high', 'timely post-earnings setup', 'supportive days to earnings']","supportive days since 52w high, timely post-earnings setup, supportive days to earnings",0.5609167671893848
2026-08-31,ROIV,Health Care,Biotechnology,XLV,SPY,True,185490716.06674194,34.63999938964844,1.2094287872314453,0.03491422657452073,0.6071428571428571,0.8055555555555556,90.41839952425833,94.38569593772112,95.14837919645693,61.011419249592166,-1.043033023460893,-0.22669458513180984,1.4824730359337792,-0.683772274450213,-7.040740489609135,0.19078718487276491,0.23274017506745115,5.498789794064632,0.227718995740791,-0.014245644954218338,46.002619790416766,50.0,17.0,-0.04248547603565178,0.6489868227884221,-0.1045945657266153,-0.0054551372787136065,0.011190044934360233,0.04248547603565177,-0.08722006078385747,-0.08722006078385747,8.0,0.14617940390719006,0.9276358855289266,1.5751342364348424,6.484211861683064,1.256402842946469,1.0,0.6594202898550725,0.782608695652174,0.18627920484160632,False,0,[],,,,,,,,,,,,,,,,,,"{""indicator_details"": {}, ""regime_green"": true}",0.0287171,"['strong earnings volume', 'well above 50d trend', 'timely post-earnings setup']","strong earnings volume, well above 50d trend, timely post-earnings setup",0.6583333333333333
2026-08-31,RVTY,Health Care,Health Care Equipment,XLV,SPY,True,150896281.23431396,128.6699981689453,3.606715066092355,0.02803073845821225,0.07539682539682539,0.3134920634920635,96.64408579921452,98.08812063958288,98.35659998574741,80.99510603588908,1.1237674817677146,0.869137030729874,1.6420813523769482,6.911976451537001,13.350444259197957,0.2800437969157117,0.3460613358967377,1.2917047274444597,0.2662210724444184,0.12541063575515124,74.15980529379573,40.0,19.0,-0.006248925647240444,1.8819181886396876,-0.01564648985212469,0.1551306120296354,0.008050917043357909,0.024896669157234333,-0.010763504854610417,-0.010763504854610417,1.0,0.20636252728966217,0.8340949408151926,1.471144337242517,1.2231550075612012,1.0279974986617983,0.75,0.6594202898550725,0.782608695652174,0.18627920484160632,False,0,[],,,,,,,,,,,,,,,,,,"{""indicator_details"": {}, ""regime_green"": true}",0.009046915,"['timely post-earnings setup', 'supportive days to earnings', 'supportive sector breadth 50d']","timely post-earnings setup, supportive days to earnings, supportive sector breadth 50d",0.5609167671893848
2026-08-31,SHC,Health Care,Health Care Services,XLV,SPY,True,43976435.65659714,18.899999618530273,0.4230070114135742,0.022381323806950883,0.07936507936507936,0.44047619047619047,92.84065248102559,95.85102767444587,96.42219643658949,67.78140293637847,0.406719315907651,0.6063559990709138,2.0195026573082657,3.8857224147810854,1.4407346397199632,0.2162161946541339,0.1879321055810388,0.7290636764180529,0.12860041217597507,0.04226865861487161,46.846835494515375,46.0,17.0,0.0322580610941392,0.91076405339242,0.0005390959187672184,-0.0026911822340707214,0.007314039279354684,0.010604493980221827,-0.04487570666504992,-0.0478589795809925,160.0,0.10981492941579826,0.9142433708194269,0.7009193930688801,0.7023221578183665,1.0375915510458793,0.21666666666666667,0.6594202898550725,0.782608695652174,0.18627920484160632,False,0,[],,,,,,,,,,,,,,,,,,"{""indicator_details"": {}, ""regime_green"": true}",0.003897784,"['constructive ATR profile', 'timely post-earnings setup', 'supportive volume dry-up']","constructive ATR profile, timely post-earnings setup, supportive volume dry-up",0.5094850948509486
2026-08-31,SOLV,Health Care,Health Care Technology,XLV,SPY,True,77080993.21801376,91.05999755859375,2.1089929853166853,0.02316047706853524,0.2896825396825397,0.3412698412698413,91.43805469434707,95.00647552295638,95.68868011174001,63.866231647634585,2.8717691744642764,2.3061150384992573,4.240344665658014,8.691007523755196,14.966476146412091,0.20068567979477892,0.24739722683005128,1.0324422622781406,0.18177733311483005,0.10113855197073889,79.04840206261069,48.0,18.0,0.0034113647263447344,1.2931728073613553,-0.004512652624472091,0.04104260075214117,0.007019141018584085,0.022334342499260647,-0.017797449489515227,-0.017797449489515227,3.0,0.139223423610755,0.8481573813200074,0.9571338637502895,0.925765836570229,0.8787025041631276,0.4,0.6594202898550725,0.782608695652174,0.18627920484160632,False,0,[],,,,,,,,,,,,,,,,,,"{""indicator_details"": {}, ""regime_green"": true}",-0.000757743,"['timely post-earnings setup', 'supportive sector breadth 50d', 'strong earnings gap']","timely post-earnings setup, supportive sector breadth 50d, strong earnings gap",0.43728813559322033
2026-08-31,SRPT,Health Care,Biotechnology,XLV,SPY,True,46321728.98096514,21.030000686645508,1.2113498960222517,0.05760103929960803,0.46825396825396826,0.5119047619047619,90.7824880266539,94.60802217528662,95.34199370771883,62.071778140293645,24.17067530018302,18.022700986044654,21.978512251516747,36.64390527965794,45.03836330736781,0.19420783405785857,0.28860300734656485,0.9876375735701671,0.10123165931197266,0.18351523829176067,66.66667420857479,47.0,18.0,0.0024405684574098085,1.037933793874689,-0.21312255912118727,0.32015067694711186,0.012016202588812929,0.03308181717747376,-0.06905708080589235,-0.16943124249150954,224.0,0.4443733795845041,1.045188564666489,1.2712919290504043,0.8278987078018687,0.9162117205249545,0.4666666666666667,0.6594202898550725,0.782608695652174,0.18627920484160632,False,0,[],,,,,,,,,,,,,,,,,,"{""indicator_details"": {}, ""regime_green"": true}",-0.014894467,"['supportive sector breadth 50d', 'timely post-earnings setup', 'supportive earnings open vs 20d high']","supportive sector breadth 50d, timely post-earnings setup, supportive earnings open vs 20d high",0.3860759493670886
2026-08-31,TECH,Health Care,Life Sciences Tools & Services,XLV,SPY,True,184422819.61546326,72.30999755859375,0.21428680419921875,0.0029634464311187303,0.003968253968253968,0.01984126984126984,99.42687881445909,99.6774862479014,99.72340522729853,94.69820554649266,-0.31848570207338867,-0.16704198018321392,-0.09201683548030815,0.4846766141373138,-2.7753070859441777,0.42370538009751013,0.25060529125299547,0.9332465807785275,0.1900289616930304,0.020035316077542276,55.40520338782096,50.0,13.0,-0.00020789174402247035,0.6993107316615692,-0.003522548080784116,0.0011074927030649828,0.0007439840785793406,0.0029260010351824916,-0.004268867753559391,-0.004268867753559391,10.0,0.009803265272606968,0.8682128053955112,0.9752428261835333,0.43880753684965174,0.5272774572611393,0.26666666666666666,0.6594202898550725,0.782608695652174,0.18627920484160632,False,0,[],,,,,,,,,,,,,,,,,,"{""indicator_details"": {}, ""regime_green"": true}",0.012144388,"['active price discovery', 'strong earnings volume', 'constructive ATR profile']","active price discovery, strong earnings volume, constructive ATR profile",0.5609167671893848
2026-08-31,TFX,Health Care,Health Care Equipment,XLV,SPY,True,63509822.92464447,142.0500030517578,3.4946398053850447,0.02460147645411684,0.07142857142857142,0.031746031746031744,78.22101001177649,86.4837199304899,88.18549128909744,37.43882544861338,22.628589520206667,19.24505940378515,24.839238905825887,19.264416320659016,21.627904503218105,0.11350633684700928,0.15553569266343703,1.195761956923463,0.15964854433460252,0.060212319435486515,65.64916982898242,43.0,17.0,0.032022261455638024,1.7662706812580145,-0.021013931118616602,0.038339319884376444,0.007559834686824135,0.015784938407791507,-0.020344806539601246,-0.020344806539601246,17.0,0.11510072520646634,0.887530651845444,0.8959377531216616,1.415287122225204,1.1914758431015036,0.8666666666666667,0.6594202898550725,0.782608695652174,0.18627920484160632,False,0,[],,,,,,,,,,,,,,,,,,"{""indicator_details"": {}, ""regime_green"": true}",-0.0031394546,"['timely post-earnings setup', 'supportive sector breadth 50d', 'supportive days to earnings']","timely post-earnings setup, supportive sector breadth 50d, supportive days to earnings",0.43728813559322033
2026-08-31,TGTX,Health Care,Biotechnology,XLV,SPY,True,91484456.6613903,54.29999923706055,2.4153573172433034,0.04448171917458862,0.6349206349206349,0.5555555555555556,99.59432481265925,99.77188149302268,99.80438700727827,95.51386623164764,0.13587507954161993,0.10290449099588272,0.19725213129098051,3.2563275193411982,25.424216679895395,0.45148354607162156,0.84693877352421,0.8562281183826266,0.410013190642221,0.016733968512265874,63.64763648488402,45.0,20.0,-0.025715884449642457,3.2800796573554454,-0.1451601687189803,0.17608839918870967,0.005915915518448761,0.025715884449642477,-0.0621762036950777,-0.08431703312527472,37.0,0.27631432566136205,0.8692493481435769,1.099599781608375,0.7216840193158606,0.7806891879894655,0.31666666666666665,0.6594202898550725,0.782608695652174,0.18627920484160632,False,0,[],,,,,,,,,,,,,,,,,,"{""indicator_details"": {}, ""regime_green"": true}",0.0071938103,"['timely post-earnings setup', 'well above 50d trend', 'supportive 126d momentum']","timely post-earnings setup, well above 50d trend, supportive 126d momentum",0.5609167671893848
2026-08-31,THC,Health Care,Health Care Facilities,XLV,SPY,True,193962916.9315796,265.9100036621094,7.316229684012277,0.02751393171845079,0.21428571428571427,0.14285714285714285,99.8994861417203,99.94355493373796,99.95160988041661,97.79771615008157,-0.028840000744636995,-0.012714682915358821,0.003537991695239384,0.9762002576610342,13.20113913296666,0.5633488705230403,0.1309544453230176,1.3145575286142412,0.285128582879068,0.15009047664381192,56.35076405018904,41.0,27.0,-0.004453597895029193,1.7038512936712407,-0.07570936579684584,0.3360968644040183,0.006615686986031011,0.05035674596547931,-0.06055461886610669,-0.06055461886610669,5.0,0.1579585207840849,0.6255713442762006,1.2611731131105366,0.8545178797044455,0.7512716268268095,0.4,0.6594202898550725,0.782608695652174,0.18627920484160632,False,0,[],,,,,,,,,,,,,,,,,,"{""indicator_details"": {}, ""regime_green"": true}",-0.0035877407,"['timely post-earnings setup', 'supportive days to earnings', 'supportive sector breadth 50d']","timely post-earnings setup, supportive days to earnings, supportive sector breadth 50d",0.43728813559322033
2026-08-31,TMO,Health Care,Life Sciences Tools & Services,XLV,SPY,True,925175513.870697,617.0999755859375,15.199641636439733,0.02463076039179494,0.32142857142857145,0.42857142857142855,95.13567801601738,97.21003658746703,97.59880403483845,75.36704730831974,-3.992088276077041,-2.256119910322397,-1.767859934872149,-15.097500368941866,-8.333034191272759,0.24908907155811066,0.21337841023803628,1.0354845131051489,0.15262848893862221,0.10135632728549142,56.99096956565896,37.0,27.0,0.08969336460951172,2.9145150857666975,0.05368717019632485,0.07824288455523254,0.006512346778322043,0.036352878162118324,-0.04621332985171944,-0.04621332985171944,4.0,0.15022197260807887,0.8004686935128426,1.3679319296754784,0.7935815818332199,0.8372395961791946,0.3333333333333333,0.6594202898550725,0.782608695652174,0.18627920484160632,False,0,[],,,,,,,,,,,,,,,,,,"{""indicator_details"": {}, ""regime_green"": true}",-0.0048581525,"['timely post-earnings setup', 'supportive days to earnings', 'supportive sector breadth 50d']","timely post-earnings setup, supportive days to earnings, supportive sector breadth 50d",0.43728813559322033
2026-08-31,TNDM,Health Care,Health Care Equipment,XLV,SPY,True,35149646.18733311,22.010000228881836,1.0623574938092912,0.048267036926935174,0.047619047619047616,0.6904761904761905,85.18450162676463,91.10573809486328,92.27753620520978,49.42903752039152,-14.501711593455354,-8.702630105983559,-7.494971667305393,-44.050995079445485,-48.77797144456366,0.15115058905846324,-0.12762581735144496,0.8591192660129481,0.11523364089322266,0.17776744527545535,37.367488129618835,48.0,17.0,-0.0148035177778717,0.7904489667182706,-0.07256128148167906,0.1839698788715638,0.014470573678235399,0.06455087429208023,-0.11285769033990556,-0.25767283264562635,130.0,0.4534270597242602,1.04109223058375,0.6318796690677331,0.880583245239406,1.1606301717668976,0.38333333333333336,0.6594202898550725,0.782608695652174,0.18627920484160632,False,0,[],,,,,,,,,,,,,,,,,,"{""indicator_details"": {}, ""regime_green"": true}",-0.004377624,"['timely post-earnings setup', 'constructive ATR profile', 'strong earnings volume']","timely post-earnings setup, constructive ATR profile, strong earnings volume",0.43728813559322033
2026-08-31,UFPT,Health Care,Health Care Equipment,XLV,SPY,True,41794371.75186157,297.95001220703125,8.876787458147321,0.029792874960445595,0.003968253968253968,0.9246031746031746,98.82707482900594,99.33821151426497,99.43216068969096,91.43556280587276,0.8642157961969872,0.5907373852312503,0.9161217761177056,7.327983343770072,-2.288968571470349,0.3659286000892037,0.4583945558314453,0.9222392217155788,0.26187900255400987,0.08006749735700161,19.701585385525533,45.0,20.0,0.006122920033236667,0.9520407998774876,-0.08282942039201913,0.11370692470577803,0.014398035965329098,0.020801866142924372,-0.12032587644392101,-0.12032587644392101,19.0,0.15055106522552228,0.8789570489029171,0.6058001429612702,0.8026374749981761,1.0031580357119714,0.3333333333333333,0.6594202898550725,0.782608695652174,0.18627920484160632,False,0,[],,,,,,,,,,,,,,,,,,"{""indicator_details"": {}, ""regime_green"": true}",0.022172673,"['supportive rsi 14', 'strong earnings gap', 'supportive post-earnings hold']","supportive rsi 14, strong earnings gap, supportive post-earnings hold",0.6583333333333333
2026-08-31,VCEL,Health Care,Biotechnology,XLV,SPY,True,20465722.380737305,39.900001525878906,1.4651783534458704,0.03672126058680886,0.1349206349206349,0.011904761904761904,92.79949849607618,95.82640027619058,96.40083206632568,67.61827079934747,0.9229844986034834,0.9435343951166004,2.419956928298518,5.352582127790832,-14.37031925770225,0.21572217845484065,0.12839368883376845,1.410127434784232,0.0458935289694766,-0.10882196141763664,26.652688781506285,48.0,22.0,0.048906105667771316,2.0806310524556313,0.0030769543770032826,-0.16194074744028286,0.007485051226082262,0.020412565521879172,-0.15591281701953763,-0.19099753096579752,22.0,0.19128117683507156,1.0093170975143406,1.5673846610767868,1.202258289030372,0.8128074438962355,0.8,0.6594202898550725,0.782608695652174,0.18627920484160632,False,0,[],,,,,,,,,,,,,,,,,,"{""indicator_details"": {}, ""regime_green"": true}",-0.014454087,"['timely post-earnings setup', 'supportive sector breadth 50d', 'supportive distance above 20d high']","timely post-earnings setup, supportive sector breadth 50d, supportive distance above 20d high",0.3860759493670886
2026-08-31,VEEV,Health Care,Health Care Technology,XLV,SPY,True,339572712.69540405,285.69000244140625,12.047634669712611,0.04217030545961624,0.7738095238095238,1.0,99.81461892629875,99.89585768564787,99.91071314799179,96.6557911908646,-0.048361762676492503,-0.02052137920207997,0.010002293525019468,1.2197683709786986,3.0127594060235197,0.5143114433151283,0.5744833686764848,1.496776659525738,0.4369905817423738,0.3591302842630668,74.09951231492789,62.0,3.0,-0.028000663328834885,0.942778425003164,-0.053729571218766536,0.16651013911036117,0.01690530901745126,0.03399218802090844,-0.03561297644056072,-0.07990337377969003,225.0,0.4473324254199447,0.9983039325855607,1.5175495440957267,1.4784013046308622,1.1904911073953768,0.8833333333333333,0.6594202898550725,0.782608695652174,0.18627920484160632,False,0,[],,,,,,,,,,,,,,,,,,"{""indicator_details"": {}, ""regime_green"": true}",0.017019577,"['strong earnings volume', 'strong earnings gap', 'timely post-earnings setup']","strong earnings volume, strong earnings gap, timely post-earnings setup",0.6
2026-08-31,VRTX,Health Care,Biotechnology,XLV,SPY,True,549309525.5869141,544.52001953125,13.462703159877233,0.024723981996964225,0.4007936507936508,0.7142857142857143,94.71269633540122,96.9616720146632,97.38411652579605,73.98042414355628,-0.331698309608484,0.04396840888730935,1.0234830093839804,1.8532847792530873,21.820684942252285,0.2420621056391321,0.12034240869669666,1.0716517907689267,0.17397204554842827,0.08381194693993062,56.757251501888796,45.0,20.0,0.0060783774038668525,1.05188588537971,-0.10056773779459816,0.15678113978408326,0.011814831852215135,0.019096643546178918,-0.02010110468261317,-0.02010110468261317,4.0,0.19372299367136075,1.017928295111325,0.8460656248164372,0.8171187562832689,0.8159322273997334,0.45,0.6594202898550725,0.782608695652174,0.18627920484160632,False,0,[],,,,,,,,,,,,,,,,,,"{""indicator_details"": {}, ""regime_green"": true}",0.0014487655,"['strong earnings gap', 'timely post-earnings setup', 'supportive sector breadth 50d']","strong earnings gap, timely post-earnings setup, supportive sector breadth 50d",0.46534653465346526
2026-08-31,VTRS,Health Care,Pharmaceuticals,XLV,SPY,True,138922923.47263718,16.510000228881836,0.38735696247645784,0.023461959848966773,0.1984126984126984,0.28174603174603174,60.18574096492489,72.9222037749384,75.85473679205643,22.34910277324633,19.608866636168692,20.10326193570325,27.329853597130544,10.287163082944781,11.346657785471269,0.04427576158673552,0.05159238404185773,1.4839474535854407,0.13067115096120077,-0.010464730203555803,55.275227351073454,48.0,17.0,0.028328612510283735,0.9470660963291045,0.0044272233014464035,-0.015797281411303876,0.007804115117744842,0.017585697943508595,-0.10222943029703613,-0.10222943029703613,17.0,0.1580604066195807,0.8792903511265052,0.6925590819939129,1.429907622243364,0.9392194495995089,0.9166666666666666,0.6594202898550725,0.782608695652174,0.18627920484160632,False,0,[],,,,,,,,,,,,,,,,,,"{""indicator_details"": {}, ""regime_green"": true}",0.008589363,"['constructive ATR profile', 'supportive atr 14', 'well above 50d trend']","constructive ATR profile, supportive atr 14, well above 50d trend",0.5609167671893848
2026-08-31,WAT,Health Care,Life Sciences Tools & Services,XLV,SPY,True,261759630.8605957,414.6300048828125,11.14445059640067,0.02687806107893818,0.2261904761904762,0.4603174603174603,74.3696666754433,83.79074746469527,85.77581239873824,33.115823817292004,-15.6342937303328,-9.86470723280513,-6.7782756916492986,-24.911886044158692,-35.09933510691338,0.09644066233215276,0.3495752044264442,0.9969303261307411,0.15131930580825015,0.06877009855108485,49.71769014467565,44.0,19.0,0.023082736402518567,2.4230104239111676,-0.02162979876821025,0.04683402075192311,0.010493803721266692,0.03227613209466031,-0.027192521009564596,-0.027192521009564596,2.0,0.12003992129618306,0.8554082908574256,1.0354730065320523,0.9028420060317691,0.9440901632395058,0.4666666666666667,0.6594202898550725,0.782608695652174,0.18627920484160632,False,0,[],,,,,,,,,,,,,,,,,,"{""indicator_details"": {}, ""regime_green"": true}",-0.009115503,"['timely post-earnings setup', 'supportive sector breadth 50d', 'supportive earnings gap']","timely post-earnings setup, supportive sector breadth 50d, supportive earnings gap",0.41847826086956524
2026-08-31,WAY,Health Care,Health Care Technology,XLV,SPY,True,58590748.92498398,26.18000030517578,1.0767502103533064,0.04112873177241458,0.4126984126984127,0.20634920634920634,90.79662433621735,94.61663941650801,95.34949560485485,62.23491027732463,-5.95179343697059,-3.374550048052086,-2.2738795749445018,-15.434201377117091,-24.969653699855485,0.194343075458697,-0.002666655040922672,0.976853351014917,0.027836598973786784,0.14167597989931763,65.98640073646999,42.0,23.0,-0.006331769318224767,1.438352051358059,-0.04927299281408726,0.0676998293809783,0.011385312031629935,0.12438829883640845,-0.02567921520308014,-0.36870027647585635,245.0,0.18631352281572158,0.7385298679258627,0.9812787599676203,0.8685832714311653,1.0141623653592768,0.5166666666666667,0.6594202898550725,0.782608695652174,0.18627920484160632,False,0,[],,,,,,,,,,,,,,,,,,"{""indicator_details"": {}, ""regime_green"": true}",0.04096803,"['supportive distance from 52w high', 'supportive days to earnings', 'supportive sector breadth 50d']","supportive distance from 52w high, supportive days to earnings, supportive sector breadth 50d",0.7360703812316716
2026-08-31,WST,Health Care,Health Care Supplies,XLV,SPY,True,157776826.9902954,341.1099853515625,7.009403773716518,0.02054880852136981,0.07539682539682539,0.05952380952380952,69.85159002584913,80.49790750336538,82.80346857413383,28.87438825448613,-6.260062228931446,-3.4340369160485693,1.3269761358707086,-5.681438966377765,-11.712408811528537,0.07843818689880222,0.35765168299129346,1.583543528657978,0.1673468492578426,-0.02499722750970244,38.23934369800929,38.0,27.0,0.07418876723920431,2.5605911226237996,0.047163129427117756,-0.040424286009483335,0.003899806365197628,0.011892699882793753,-0.05312981165423314,-0.10797596549151378,27.0,0.07373845642238051,0.7162860768700231,1.2747066402197598,0.9951570214140424,0.615004187193632,0.6,0.6594202898550725,0.782608695652174,0.18627920484160632,False,0,[],,,,,,,,,,,,,,,,,,"{""indicator_details"": {}, ""regime_green"": true}",-0.0060513136,"['supportive days to earnings', 'timely post-earnings setup', 'tight recent base']","supportive days to earnings, timely post-earnings setup, tight recent base",0.41847826086956524
2026-08-31,XNCR,Health Care,Biotechnology,XLV,SPY,True,24344991.503424644,27.264999389648438,1.5612927845546178,0.0572636280764923,0.36507936507936506,0.6944444444444444,99.99999116692511,99.99999504184119,99.99999574973367,99.836867862969,-8.395352935508527e-06,-4.691166111570055e-06,-3.933196978778142e-06,-0.00013295202691665509,0.2443658254791785,1.3105931312659127,1.2166665826709626,1.4194327845956891,0.8303601727973946,0.36086165711844076,67.95272956441502,47.0,18.0,0.004518079931886909,0.7607509892140728,-0.08042279327172264,0.374243910280013,0.014621352693084816,0.02018931487677746,-0.10927805142127067,-0.10927805142127067,4.0,0.6051390194127486,0.7857299768510316,1.8098047282383312,1.5787716511642556,1.4909600012179975,0.9,0.6594202898550725,0.782608695652174,0.18627920484160632,False,0,[],,,,,,,,,,,,,,,,,,"{""indicator_details"": {}, ""regime_green"": true}",0.036217853,"['strong earnings volume', 'timely post-earnings setup', 'supportive post-earnings hold']","strong earnings volume, timely post-earnings setup, supportive post-earnings hold",0.7242798353909465
2026-08-31,ZBH,Health Care,Health Care Equipment,XLV,SPY,True,140617336.81842804,100.04000091552734,2.404822758265904,0.024038611917811852,0.4087301587301587,0.4007936507936508,91.96001937559606,95.32202688972981,95.96295337081207,65.82381729200652,4.260750823169275,3.2030926095207946,5.1858477888613805,13.01208135068623,15.864567088257537,0.2061731127413644,0.005528224581037078,0.7611173280307713,0.09720323253384319,0.06326558353707389,57.690194037965725,48.0,18.0,0.05416973774821621,2.522185136967764,0.03488906948826975,0.019152375542786038,0.00945820593168421,0.025191355234431147,-0.020368211663843727,-0.06399697336885812,214.0,0.08315659809922227,0.848894807377491,0.5541843910356045,0.7012974847082442,0.9493108849623146,0.21666666666666667,0.6594202898550725,0.782608695652174,0.18627920484160632,False,0,[],,,,,,,,,,,,,,,,,,"{""indicator_details"": {}, ""regime_green"": true}",0.0013749549,"['timely post-earnings setup', 'tight recent base', 'supportive sector breadth 50d']","timely post-earnings setup, tight recent base, supportive sector breadth 50d",0.46534653465346526
2026-08-31,AAMI,Financials,Asset Management & Custody Banks,XLF,SPY,True,26704421.00359726,94.19999694824219,2.3180144173758372,0.02460737253154542,0.011904761904761904,0.003968253968253968,97.45700594371482,98.55646963718723,98.76001159358006,88.98858075040783,1.1912274410806276,0.8678592517700565,1.4930726625773758,5.695997213325526,2.028515550733843,0.3029044671105574,0.7142856349471527,1.769333734266936,0.47064386384789736,0.11591802819167873,58.68850457863729,43.0,22.0,0.027959847279969363,1.1371042144877375,-0.023148659328452892,0.12209649044203585,0.005812872521452878,0.08268863474790718,-0.041709114712406015,-0.041709114712406015,2.0,0.10785528381337985,0.7308376100998295,1.0392134464923495,1.3374496554194306,0.7702260120095048,0.8666666666666667,0.5157894736842106,0.8157894736842105,0.10538616905749154,False,0,[],,,,,,,,,,,,,,,,,,"{""indicator_details"": {}, ""regime_green"": true}",0.04641567,"['limited recent downside gap risk', 'supportive 126d momentum', 'supportive within-sector 126d momentum']","limited recent downside gap risk, supportive 126d momentum, supportive within-sector 126d momentum",0.7360703812316716
2026-08-31,ACGL,Financials,Property & Casualty Insurance,XLF,SPY,True,164919693.85852814,98.06999969482422,1.7072279793875558,0.01740825925053671,0.21825396825396826,0.07936507936507936,76.38665892065337,85.21374817311862,87.05147572041605,44.45350734094617,18.226756151045336,15.711554584058533,21.30977962514028,15.684151187726933,21.878120217881783,0.10513863033192505,-0.02958636390265057,2.292664928525782,0.021765788871361963,-0.016124048598183668,49.13082203350789,40.0,24.0,0.012610754934778257,1.1865048764182293,0.0009516234370594567,-0.07898200034722058,0.004857049123637974,0.03812927366633022,-0.03768034372775597,-0.0841854551685346,24.0,0.04775662742190986,0.6800132677689796,1.3875822718228517,2.1601101110434877,0.8850887512378453,0.9666666666666667,0.5157894736842106,0.8157894736842105,0.10538616905749154,False,0,[],,,,,,,,,,,,,,,,,,"{""indicator_details"": {}, ""regime_green"": true}",0.0082119005,"['improving RS vs group ETF', 'active price discovery', 'strong 126d momentum']","improving RS vs group ETF, active price discovery, strong 126d momentum",0.5609167671893848
2026-08-31,AFG,Financials,Multi-line Insurance,XLF,SPY,True,39808804.2199173,142.5500030517578,2.359271458217076,0.01655048339325857,0.12698412698412698,0.7619047619047619,77.75350245569996,86.16220221247946,87.89879009480066,47.30831973898858,17.649105159367842,14.981440276754668,20.36824405259017,17.15347051323471,13.485988850643018,0.11132765497508235,0.05985132380489078,1.2738007047926803,0.05767286651648553,0.0014482958704418716,43.19213007582062,46.0,19.0,-0.01507891359398783,0.9389413907082036,-0.04911565456260625,0.013869109982872496,0.005945403186382458,0.027756285686224135,-0.04071334322519038,-0.04979336760407216,226.0,0.0644318659880319,0.9782264031766085,1.20534404848019,1.0359090664464923,0.7247393817724693,0.5666666666666667,0.5157894736842106,0.8157894736842105,0.10538616905749154,False,0,[],,,,,,,,,,,,,,,,,,"{""indicator_details"": {}, ""regime_green"": true}",-0.009077217,"['improving RS vs group ETF', 'healthy 200d sector breadth', 'active price discovery']","improving RS vs group ETF, healthy 200d sector breadth, active price discovery",0.41847826086956524
2026-08-31,AIZ,Financials,Multi-line Insurance,XLF,SPY,True,73735326.33865356,281.8599853515625,5.453164236886161,0.019347067765168785,0.4166666666666667,0.8571428571428571,82.0897904318472,89.08945762895097,90.49919411888821,52.52854812398042,3.181685306285459,3.1079169218664617,6.7204279150612365,1.428303625202922,16.179729868071696,0.13301435265829054,0.206850702926767,0.9903960559601814,0.1520569819998462,0.010373612120790094,50.78476016515888,46.0,19.0,-0.0060908712471453574,1.500579005457834,-0.013947445954169635,0.0019550950827980085,0.00840331500369761,0.028844888130265107,-0.07264597260145234,-0.07264597260145234,17.0,0.1078146182721951,1.007486153089764,0.9266668375249013,0.9179018924546053,0.8867357323458671,0.4166666666666667,0.5157894736842106,0.8157894736842105,0.10538616905749154,False,0,[],,,,,,,,,,,,,,,,,,"{""indicator_details"": {}, ""regime_green"": true}",-0.010462779,"['healthy 200d sector breadth', 'days since 52w high', 'dollar volume ratio 20 60']","healthy 200d sector breadth, days since 52w high, dollar volume ratio 20 60",0.41847826086956524
2026-08-31,AJG,Financials,Insurance Brokers,XLF,SPY,True,280014122.80644226,262.1499938964844,7.4549102783203125,0.028437575631850086,0.5396825396825397,0.376984126984127,96.30024586845231,97.88900175517335,98.1849253373943,85.23654159869494,-1.5246487036436491,-0.7729198095887853,-0.23000679916260935,-2.7015187110035157,11.968407939363246,0.2719552941925538,0.14341165006892642,1.4265794189415892,0.1210705731826198,0.049153933217074786,57.432895601494685,43.0,22.0,0.004016163614436019,1.351142309073994,0.0007042344329237782,0.022186706039889037,0.007249675611943107,0.041059031155513875,-0.03900441480680317,-0.16392918481126795,227.0,0.13275475561987482,0.8288009188266868,1.5099741518980314,1.1068094531935202,0.7810545074474589,0.6333333333333333,0.5157894736842106,0.8157894736842105,0.10538616905749154,False,0,[],,,,,,,,,,,,,,,,,,"{""indicator_details"": {}, ""regime_green"": true}",-0.016529215,"['limited recent downside gap risk', 'healthy 200d sector breadth', 'dollar volume ratio 20 60']","limited recent downside gap risk, healthy 200d sector breadth, dollar volume ratio 20 60",0.3153846153846154
2026-08-31,ALL,Financials,Property & Casualty Insurance,XLF,SPY,True,288693280.7660217,257.79998779296875,5.251375470842634,0.020369960122185313,0.3492063492063492,0.7063492063492064,94.84177619603636,97.03756455621033,97.44973461961004,80.50570962479608,4.668053733442534,3.2700666616035363,4.765672789581572,11.557054368072372,19.381015248267964,0.24414834921056894,0.21169390133954757,1.5250802101555276,0.16754028374464808,0.013618932472569387,45.45078766560909,47.0,18.0,0.007960071440144656,0.841784973475163,-0.04534307506265178,-0.025662378165842714,0.007921099445747837,0.053073883888913355,-0.05994854838016872,-0.07005271388146894,23.0,0.08467615172758006,0.9078828024608431,0.9468752777348387,1.4719293731960847,0.9874888479825413,0.8833333333333333,0.5157894736842106,0.8157894736842105,0.10538616905749154,False,0,[],,,,,,,,,,,,,,,,,,"{""indicator_details"": {}, ""regime_green"": true}",0.00050521357,"['limited recent downside gap risk', 'improving 10d RS vs group ETF', 'days since 52w high']","limited recent downside gap risk, improving 10d RS vs group ETF, days since 52w high",0.46534653465346526
2026-08-31,ALRM,Financials,Application Software,IGV,SPY,True,20698189.031822205,57.560001373291016,1.1950067792619978,0.02076106238274874,0.10317460317460317,0.11904761904761904,95.60462108024556,97.4842900118283,97.83569246289083,93.14845024469821,-1.8216639094295601,-0.9299288752075228,-0.28668489060395075,3.743397269963083,9.69286752261182,0.25759232679945243,0.2122999563655834,1.203287256166492,0.17774402144847526,0.08611563520259954,58.229611956300374,48.0,17.0,0.0006177170403522947,0.32013968545802635,-0.0007931262303726427,0.024381612031768585,0.0074046597366127734,0.02143956184143259,-0.010061038436100733,-0.030650044831364798,251.0,0.07516639217964514,0.8238445934037907,0.941459354713962,0.9552645222212949,0.8413501070898394,0.55,0.5157894736842106,0.8157894736842105,0.10538616905749154,False,0,[],,,,,,,,,,,,,,,,,,"{""indicator_details"": {}, ""regime_green"": true}",-0.018142547,"['healthy 200d sector breadth', 'improving 10d RS vs group ETF', 'supportive atr 14']","healthy 200d sector breadth, improving 10d RS vs group ETF, supportive atr 14",0.2857142857142857
2026-08-31,AMG,Financials,Asset Management & Custody Banks,XLF,SPY,True,75591317.08184814,368.19000244140625,9.650362287248884,0.02621027790884855,0.26587301587301587,0.12301587301587301,92.93495745143751,95.90742711723833,96.47111749409676,75.12234910277324,4.241013519224936,3.12180567179864,4.924230746152091,8.781680806114736,-1.7317666266481098,0.21735819997049655,0.1766265711427113,1.4936016349324872,0.1782186114923525,0.020033036765587674,57.83235976164617,45.0,22.0,0.010081386422013061,0.9126290703543891,-0.04977135935458854,0.007470067996933283,0.004217901234980131,0.023939115493224684,-0.06293875535438331,-0.06293875535438331,19.0,0.12019580459006078,0.8092624882966654,1.3827297130595686,1.2883948560988323,0.8078893672160926,0.8166666666666667,0.5157894736842106,0.8157894736842105,0.10538616905749154,False,0,[],,,,,,,,,,,,,,,,,,"{""indicator_details"": {}, ""regime_green"": true}",-0.021928852,"['healthy 200d sector breadth', 'active price discovery', 'days since 52w high']","healthy 200d sector breadth, active price discovery, days since 52w high",0.25981308411214954
2026-08-31,AMP,Financials,Asset Management & Custody Banks,XLF,SPY,True,169461186.04907227,553.1099853515625,9.929696219308036,0.017952480487215608,0.07936507936507936,0.047619047619047616,94.38455381525836,96.76834377788738,97.21689681169597,79.6084828711256,0.6322891880653572,0.674395377260737,1.8218237515162201,3.161865104214442,16.853796644556738,0.23696744470851527,0.1636336881251479,1.6203964822477936,0.1389989334792313,0.04754884550155261,41.97169365440601,43.0,27.0,0.008636702725241419,1.2613112581623442,-0.014027791478181562,0.06344811853149479,0.004019651619727399,0.01764789443543141,-0.03397026039186546,-0.03397026039186546,11.0,0.04670844653083413,0.931788028064002,1.3852487234727164,0.9761655285776127,0.646464917198007,0.5833333333333334,0.5157894736842106,0.8157894736842105,0.10538616905749154,False,0,[],,,,,,,,,,,,,,,,,,"{""indicator_details"": {}, ""regime_green"": true}",-0.018389357,"['active price discovery', 'days since 52w high', 'dollar volume ratio 20 60']","active price discovery, days since 52w high, dollar volume ratio 20 60",0.2857142857142857
2026-08-31,APAM,Financials,Asset Management & Custody Banks,XLF,SPY,True,26439564.249860764,42.56999969482422,0.9607151576450893,0.022567892049148774,0.25,0.4523809523809524,83.24285425468892,89.84761367547667,91.16910005857183,54.81239804241436,2.6841958869295013,2.6790423314521234,6.049060127902322,1.2671657685757296,7.624133983734652,0.1394539346722894,0.05319152952190764,2.18893738534101,0.07454141157170421,0.07656318793942529,45.19846669786152,41.0,24.0,0.0009928248850430421,1.4907594313438395,-0.009942279936874687,0.041340474132891325,0.003940893269564899,0.0215742020110997,-0.038400739673842055,-0.10378948010896383,243.0,0.07791577274695544,0.8054896185307009,0.8227234465957699,1.9002513930642504,0.9405477666430475,0.95,0.5157894736842106,0.8157894736842105,0.10538616905749154,False,0,[],,,,,,,,,,,,,,,,,,"{""indicator_details"": {}, ""regime_green"": true}",-0.010612737,"['active price discovery', 'healthy 200d sector breadth', 'dollar volume ratio 20 60']","active price discovery, healthy 200d sector breadth, dollar volume ratio 20 60",0.41847826086956524
2026-08-31,APO,Financials,Asset Management & Custody Banks,XLF,SPY,True,344174434.1853676,136.5800018310547,3.7771835327148438,0.027655465529917805,0.1865079365079365,0.7341269841269841,66.25701582620871,77.7686959728876,80.31801867620294,33.1973898858075,13.3252237804206,12.934275422064246,19.49521985053711,8.014015802677918,18.771962012946865,0.06520044088879406,0.28304373646400594,0.9238670115743303,0.0696785072790017,0.07941928930131584,43.223449570266716,46.0,19.0,-0.01135837769665382,1.1053107952724044,-0.017167881493761472,0.025375412614505377,0.005060212170856004,0.023740896046697466,-0.053696389535640376,-0.10900901681094777,163.0,0.14162276971618237,0.9649732839680968,0.8225306624463338,0.7006691654321366,0.8214662844101824,0.2833333333333333,0.5157894736842106,0.8157894736842105,0.10538616905749154,False,0,[],,,,,,,,,,,,,,,,,,"{""indicator_details"": {}, ""regime_green"": true}",-0.009010919,"['active price discovery', 'healthy 200d sector breadth', 'improving 10d RS vs group ETF']","active price discovery, healthy 200d sector breadth, improving 10d RS vs group ETF",0.41847826086956524
2026-08-31,ARES,Financials,Asset Management & Custody Banks,XLF,SPY,True,274176533.42105484,143.1699981689453,4.2453493390764505,0.029652506763789985,0.1349206349206349,0.2698412698412698,77.91710628034002,86.27488312375269,87.99929956888927,47.47145187601958,-0.13137049957103386,0.9181821010081421,4.924229712575823,-2.4062987352273666,-1.6728024027090242,0.11208631396669833,0.262967514097487,1.0180570833321785,0.07332425724779437,0.10725277284019277,50.101210406447805,45.0,21.0,0.03480502416394904,1.6528036979119078,-0.022080051601522266,0.11772973895068994,0.004907025293338979,0.02415689047217394,-0.04457796237896583,-0.2337704388961669,235.0,0.11478952644514367,0.9072836033178284,0.9786653582322974,0.9213090901679843,0.9827828566729473,0.4666666666666667,0.5157894736842106,0.8157894736842105,0.10538616905749154,False,0,[],,,,,,,,,,,,,,,,,,"{""indicator_details"": {}, ""regime_green"": true}",-0.022327831,"['healthy 200d sector breadth', 'active price discovery', 'dollar volume ratio 20 60']","healthy 200d sector breadth, active price discovery, dollar volume ratio 20 60",0.25981308411214954
2026-08-31,ASB,Financials,Regional Banks,XLF,SPY,True,36456573.896570206,30.610000610351562,0.45878532954624723,0.014988086259335034,0.003968253968253968,0.003968253968253968,80.72178128823813,88.1791050587419,89.69285838790252,50.48939641109299,7.79691164752343,6.6437839353702515,10.886750288001494,7.702110347523309,-8.434808967880116,0.12578153766529443,0.1516177839809265,1.7077808833987376,0.09553351274328369,-0.01211536396795885,26.90916531129598,38.0,27.0,-0.01693812523911753,1.4889237283249874,-0.05168893694668164,0.01156643684145342,0.00399134769748502,0.01693812523911752,-0.05699317702710738,-0.05699317702710738,11.0,0.06811450267844725,0.9327790963204322,1.4835812266332566,1.297006932584335,0.718956422247764,0.7,0.5157894736842106,0.8157894736842105,0.10538616905749154,False,0,[],,,,,,,,,,,,,,,,,,"{""indicator_details"": {}, ""regime_green"": true}",-0.005016023,"['active price discovery', 'healthy 200d sector breadth', 'dollar volume ratio 20 60']","active price discovery, healthy 200d sector breadth, dollar volume ratio 20 60",0.43728813559322033
2026-08-31,AUB,Financials,Regional Banks,XLF,SPY,True,26642563.947971344,40.33000183105469,0.644728524344308,0.015986325193961627,0.003968253968253968,0.003968253968253968,73.67407007859718,83.29339749357882,85.3287057159378,40.70146818923328,4.265165480860432,4.480755408320647,9.528267188066323,1.5001641957532499,-16.348246562192955,0.09354665572182341,0.072036230093379,1.1671132609189332,0.054270947134711825,-0.03830787811005075,28.125022924843194,38.0,30.0,-0.005861664503067021,0.9899105299619583,-0.02796876285831551,-0.04044722811363899,0.00464679219224447,0.01850543748520565,-0.07372528748220353,-0.07542405276001052,42.0,0.08659848383156689,0.9307682816851665,1.2443304283101442,0.7709668792466788,0.6482220414740357,0.38333333333333336,0.5157894736842106,0.8157894736842105,0.10538616905749154,False,0,[],,,,,,,,,,,,,,,,,,"{""indicator_details"": {}, ""regime_green"": true}",-0.0089827655,"['active price discovery', 'healthy 200d sector breadth', 'holding above earnings close']","active price discovery, healthy 200d sector breadth, holding above earnings close",0.41847826086956524
2026-08-31,AX,Financials,Regional Banks,XLF,SPY,True,23625870.7832222,96.79000091552734,2.1630859375,0.02234823759726808,0.10317460317460317,0.051587301587301584,79.75505455108652,87.52855796385704,89.11533536831256,49.7553017944535,1.5142687966803408,2.0316753785971287,5.882532319746161,-0.6114463718056697,-13.080884024617397,0.12090333093097971,0.08181512903713228,1.2922213798605122,0.06137329577295415,-0.013171642381289327,38.075018533526915,43.0,22.0,0.011509444386897272,0.9817165429306501,-0.02751669714464766,-0.017160869047505578,0.0051507983379874885,0.017174657989470935,-0.08464154652029543,-0.08464154652029543,19.0,0.10838570411433088,0.9099708070691824,1.1887411182418084,0.9261973316564547,0.7087957436828807,0.5333333333333333,0.5157894736842106,0.8157894736842105,0.10538616905749154,False,0,[],,,,,,,,,,,,,,,,,,"{""indicator_details"": {}, ""regime_green"": true}",-0.011045439,"['active price discovery', 'healthy 200d sector breadth', 'dollar volume ratio 20 60']","active price discovery, healthy 200d sector breadth, dollar volume ratio 20 60",0.41847826086956524
2026-08-31,BAC,Financials,Diversified Banks,XLF,SPY,True,1459036401.4491653,61.939998626708984,1.0757993970598494,0.01736841170345065,0.25,0.20238095238095238,91.61250147023155,95.11210344245326,95.78051827441851,71.77814029363785,1.2156339086609336,1.197563950475427,2.925801474313616,2.421987074403944,-8.25445954336297,0.20248496690040918,0.24352533465141168,1.7263311333466682,0.13281027825482294,0.011470059469636612,38.478757417633176,32.0,34.0,-0.008403361344537785,0.35826689180627297,-0.03008386940604102,0.019336776908792652,0.0026965854934049905,0.008403361344537815,-0.050364123024326024,-0.050364123024326024,10.0,0.06751227664509916,1.056911076832715,1.5092176001022495,1.517393441895577,0.8759783508567762,0.9333333333333333,0.5157894736842106,0.8157894736842105,0.10538616905749154,False,0,[],,,,,,,,,,,,,,,,,,"{""indicator_details"": {}, ""regime_green"": true}",-0.013904909,"['active price discovery', 'healthy 200d sector breadth', 'supportive earnings volume']","active price discovery, healthy 200d sector breadth, supportive earnings volume",0.3860759493670886
2026-08-31,BANR,Financials,Regional Banks,XLF,SPY,True,22535151.962638855,70.13999938964844,1.2089505876813615,0.017236250330788905,0.023809523809523808,0.07539682539682539,78.59647884234447,86.74088625756414,88.41461645847232,48.368678629690045,7.623786311133927,6.706886478593717,11.26953401449805,7.53738278616926,-10.311027971776952,0.11528064987059516,0.16202781113987652,1.2138675836263144,0.07805938543384501,0.003933272747971742,31.06940192123446,32.0,28.0,-0.0012722129008816419,2.5771700843366983,-0.027328430535853765,0.007469069556908847,0.002595906008711596,0.040649263421547704,-0.06280060366414841,-0.06280060366414841,10.0,0.07823069282944671,0.88774552604597,0.9428761607939606,1.0660392557151266,0.9487058257829466,0.75,0.5157894736842106,0.8157894736842105,0.10538616905749154,False,0,[],,,,,,,,,,,,,,,,,,"{""indicator_details"": {}, ""regime_green"": true}",0.0013904504,"['active price discovery', 'healthy 200d sector breadth', 'dollar volume ratio 20 60']","active price discovery, healthy 200d sector breadth, dollar volume ratio 20 60",0.46534653465346526
2026-08-31,BEN,Financials,Asset Management & Custody Banks,XLF,SPY,True,84149999.8021965,34.150001525878906,0.6136422838483538,0.017969026542600155,0.03968253968253968,0.027777777777777776,76.07195753808493,84.99357681401403,86.85444726401154,43.800978792822185,0.08849997372281848,1.156772343800867,5.484406533715443,-3.0612868958493706,14.216626714582578,0.10374922224994276,0.2648148713288483,1.4465622438952521,0.20644312822313055,0.013957914386477779,63.210760798562916,49.0,21.0,0.00934583631003183,1.8716126362948233,-0.04123707623758088,0.008564704970462467,0.004610291394340754,0.01950199490458107,-0.05870995934634504,-0.05870995934634504,18.0,0.09112778283599623,0.7242592843758546,1.052138923468269,1.0302660459412103,0.6929033493310904,0.5166666666666667,0.5157894736842106,0.8157894736842105,0.10538616905749154,False,0,[],,,,,,,,,,,,,,,,,,"{""indicator_details"": {}, ""regime_green"": true}",-0.0006323551,"['active price discovery', 'healthy 200d sector breadth', 'days since 52w high']","active price discovery, healthy 200d sector breadth, days since 52w high",0.43728813559322033
2026-08-31,BFH,Financials,Consumer Finance,XLF,SPY,True,39317899.81738281,104.47000122070312,3.203484671456473,0.030664158457209142,0.28174603174603174,0.2976190476190476,87.74499709650892,92.73022650439037,93.7027952645329,63.621533442088094,-3.818085473742798,-1.948484933140307,-0.0403124247395823,-8.261107144708973,-16.1665676174066,0.1686989812509272,0.45117383415397816,1.6803680196310438,0.22981625955862892,-0.008466041377629577,43.08593529975029,38.0,28.0,-0.01504719487317896,1.1566301802056345,-0.08879994369061384,0.0255227093748982,0.005970805165780446,0.022518841432821138,-0.08783722750211231,-0.08783722750211231,10.0,0.12262304006927927,0.9324907464550548,1.717852727576648,1.0559959988703855,0.5918353907180932,0.55,0.5157894736842106,0.8157894736842105,0.10538616905749154,False,0,[],,,,,,,,,,,,,,,,,,"{""indicator_details"": {}, ""regime_green"": true}",0.0021118235,"['earnings breakout open', 'supportive 126d momentum', 'healthy 200d sector breadth']","earnings breakout open, supportive 126d momentum, healthy 200d sector breadth",0.5094850948509486
2026-08-31,BGC,Financials,Investment Banking & Brokerage,XLF,SPY,True,27928793.78845167,12.010000228881836,0.3878570284162249,0.03229450633010816,0.7261904761904762,0.8293650793650794,84.88734525617866,90.9146781062372,92.10946783740569,57.993474714518754,21.47218462573813,16.944260676921033,21.582231504413443,24.49714219618135,42.83455050913978,0.1492823395301479,0.22177012432304166,1.1116390505544185,0.17577091678181006,0.06165747700617255,79.17983359727363,48.0,22.0,0.025488464349435302,1.3399554990604563,0.0004144313812532996,0.02825341738731124,0.004627209134345289,0.018421056594214745,-0.013957312974918867,-0.06826998378605731,47.0,0.20177602665131503,0.9654745185980977,1.1449632733709014,1.0026785036945884,0.8601583316706408,0.65,0.5157894736842106,0.8157894736842105,0.10538616905749154,False,0,[],,,,,,,,,,,,,,,,,,"{""indicator_details"": {}, ""regime_green"": true}",-0.0016061894,"['active price discovery', 'healthy 200d sector breadth', 'dollar volume ratio 20 60']","active price discovery, healthy 200d sector breadth, dollar volume ratio 20 60",0.43728813559322033
2026-08-31,BLK,Financials,Asset Management & Custody Banks,XLF,SPY,True,564787589.4335327,1155.6099853515625,20.57696533203125,0.01780615051173279,0.17063492063492064,0.06349206349206349,81.92867249529723,88.98285694496653,90.40488370684993,52.28384991843393,11.631047610179763,9.474034869753112,13.838718451496405,12.023051222427405,25.63348317026767,0.1321407301281301,0.08171778039114241,1.613649994344059,0.0920224404386639,0.06713637744148891,52.13578444058314,32.0,33.0,0.06323857807886935,1.7013434585718246,0.02182050331282026,0.05689588398430612,0.004735130877281213,0.01725772404485782,-0.026584278094540448,-0.05273206808896924,219.0,0.05970818325799374,0.812469663959672,1.4692234764672012,1.1391267678134926,0.7697847157420191,0.7333333333333333,0.5157894736842106,0.8157894736842105,0.10538616905749154,False,0,[],,,,,,,,,,,,,,,,,,"{""indicator_details"": {}, ""regime_green"": true}",-0.032981493,"['active price discovery', 'healthy 200d sector breadth', 'strong earnings gap']","active price discovery, healthy 200d sector breadth, strong earnings gap",0.21568627450980393
2026-08-31,BRK-B,Financials,Multi-Sector Holdings,XLF,SPY,True,1800753035.1886292,504.0299987792969,5.581427437918527,0.011073601673384734,0.007936507936507936,0.6626984126984127,68.06042639018307,79.15046309130001,81.57886727972055,34.66557911908646,14.015392072873027,13.30267924624367,19.695065429676596,8.748708703438538,14.372180586079125,0.07174294503675838,0.049690702635168726,1.3189895529452857,0.023367435718909164,0.003926031875911837,35.50126219289804,50.0,15.0,0.005366017360045827,1.4807866407854455,0.00019061122199715008,-0.047958114446858935,0.0033074046813467094,0.013287710773730872,-0.06264912092716834,-0.06264912092716834,15.0,0.08480781399742723,0.9305069522462968,1.1025223572637897,1.262049217232612,0.9040579474128965,0.7833333333333333,0.5157894736842106,0.8157894736842105,0.10538616905749154,False,0,[],,,,,,,,,,,,,,,,,,"{""indicator_details"": {}, ""regime_green"": true}",0.0064736158,"['active price discovery', 'holding above earnings close', 'days since 52w high']","active price discovery, holding above earnings close, days since 52w high",0.5609167671893848
2026-08-31,BRO,Financials,Insurance Brokers,XLF,SPY,True,113952704.24242401,72.16999816894531,1.7978858947753906,0.024911818489542645,0.4126984126984127,0.3253968253968254,96.053486421929,97.74572575841323,98.06133625948505,84.66557911908646,-0.501079446654785,-0.12407167374345818,0.581008531132639,0.23200128697561695,14.494429974832187,0.26658474462516324,-0.002625793806019794,1.4855902588771064,0.03670592640840338,0.044593111956863205,52.32039166461341,40.0,25.0,0.009163391717856406,0.9036247781426122,-0.043295556233296284,0.03543760873529589,0.008451494981512226,0.017497199849975182,-0.03477328595496465,-0.25971894809358653,251.0,0.08819673467239517,0.7006460612019331,1.0012537850729109,0.9921960278962638,0.6726902686342037,0.5,0.5157894736842106,0.8157894736842105,0.10538616905749154,False,0,[],,,,,,,,,,,,,,,,,,"{""indicator_details"": {}, ""regime_green"": true}",-0.024131743,"['healthy 200d sector breadth', 'improving 10d RS vs group ETF', 'strong 126d momentum']","healthy 200d sector breadth, improving 10d RS vs group ETF, strong 126d momentum",0.25981308411214954
2026-08-31,BX,Financials,Asset Management & Custody Banks,XLF,SPY,True,487886281.8352051,143.24000549316406,3.8271375383649553,0.026718356545634175,0.19047619047619047,0.4166666666666667,93.52956550108524,96.26192860863371,96.77843186199519,77.24306688417619,2.2225102728930892,1.7503647046424504,3.2298575228494997,5.60492507488523,14.8958786201175,0.2249016803718269,0.24200124181905713,0.9775133446710261,0.09410518788351435,0.09308469823528266,42.42775443387207,38.0,27.0,-0.01115455748238181,1.7588955973620644,-0.07290078665463984,0.1505221324752133,0.005629235312398478,0.01857862141683536,-0.04646515557727937,-0.2464621587000786,238.0,0.1289644068612948,0.9201865434880985,0.7179200970630103,0.8146820517486191,0.8840865446631004,0.3333333333333333,0.5157894736842106,0.8157894736842105,0.10538616905749154,False,0,[],,,,,,,,,,,,,,,,,,"{""indicator_details"": {}, ""regime_green"": true}",-0.024504187,"['healthy 200d sector breadth', 'earnings breakout open', 'active price discovery']","healthy 200d sector breadth, earnings breakout open, active price discovery",0.25981308411214954
2026-08-31,CATY,Financials,Regional Banks,XLF,SPY,True,22632802.238908768,61.209999084472656,0.8523218972342355,0.013924553340672191,0.03571428571428571,0.003968253968253968,71.13189595306473,81.44618825405004,83.66239529021558,38.00978792822186,2.016613065316349,2.86476103850336,8.11584418318661,-1.1100164727561364,-14.801948013098432,0.0833628156543833,0.21932267239448766,1.5599036121720113,0.11677107254881913,-0.022045135947207098,27.23949372667684,37.0,28.0,-0.0011279357601552409,1.3431425141619173,-0.030042218330924575,-0.002444614152327773,0.0036850223258893477,0.007885191629130811,-0.061843872974942204,-0.061843872974942204,10.0,0.06871422705890712,0.907340736379833,1.1335663235601772,1.1241962115302218,0.7176762140399888,0.7166666666666667,0.5157894736842106,0.8157894736842105,0.10538616905749154,False,0,[],,,,,,,,,,,,,,,,,,"{""indicator_details"": {}, ""regime_green"": true}",-0.0070894402,"['active price discovery', 'healthy 200d sector breadth', 'dollar volume ratio 20 60']","active price discovery, healthy 200d sector breadth, dollar volume ratio 20 60",0.41847826086956524
2026-08-31,CB,Financials,Property & Casualty Insurance,XLF,SPY,True,474250744.8098602,338.6000061035156,5.149233136858259,0.015207421866625876,0.26587301587301587,0.05952380952380952,73.54954113938608,83.20399720295741,85.24826784038183,40.53833605220228,14.041362867492147,12.534702008448946,18.263922739963178,10.627985603954524,15.680960339080848,0.09303378990827493,-0.012136782423812886,1.396827368406655,0.040333607020668,-0.02464624001419788,38.793350588102285,41.0,29.0,-0.010240221723151977,1.1961420000264735,-0.044813695240105034,-0.04565947645665103,0.004656245184543634,0.034577331393497064,-0.05114193551311308,-0.0746105172133239,23.0,0.06003443017962074,0.7786854617124823,1.4521935905308552,1.2082873865733632,0.857560955985589,0.8166666666666667,0.5157894736842106,0.8157894736842105,0.10538616905749154,False,0,[],,,,,,,,,,,,,,,,,,"{""indicator_details"": {}, ""regime_green"": true}",-0.0008435455,"['active price discovery', 'strong 126d momentum', 'dollar volume ratio 20 60']","active price discovery, strong 126d momentum, dollar volume ratio 20 60",0.43728813559322033
2026-08-31,CBSH,Financials,Regional Banks,XLF,SPY,True,51866289.625492096,57.709999084472656,0.8467856815883091,0.014673118957233595,0.027777777777777776,0.003968253968253968,79.90964917217079,87.63299700633776,89.2081246914296,50.0,3.1413675103769236,3.2153741296243936,7.187633392983059,1.996740016299917,-7.29421352893236,0.12167149132566024,0.11538456150631426,1.1810085539685875,0.0762981353155597,-0.015943405074685058,36.49483757655937,33.0,32.0,0.013927121310456148,1.7305184865421572,-0.005061569676793387,-0.0284512188214332,0.0027569584796470702,0.008387502210330477,-0.045958051196149374,-0.05269204170969577,23.0,0.0520000291907269,0.9215181394685007,1.1393887548878359,0.8869403563484252,0.712749150615406,0.3333333333333333,0.5157894736842106,0.8157894736842105,0.10538616905749154,False,0,[],,,,,,,,,,,,,,,,,,"{""indicator_details"": {}, ""regime_green"": true}",-0.0062332335,"['active price discovery', 'healthy 200d sector breadth', 'constructive ATR profile']","active price discovery, healthy 200d sector breadth, constructive ATR profile",0.41847826086956524
2026-08-31,CFG,Financials,Regional Banks,XLF,SPY,True,163513325.12485123,68.87000274658203,1.3266138349260603,0.019262578510524295,0.16666666666666666,0.03571428571428571,82.10608775789242,89.10023134436078,90.50872408189589,52.69168026101142,5.972930126276751,5.15233694156818,9.014381661378465,5.584915794833748,-17.153470513234716,0.13310306235216318,0.12735312775514163,2.1622429539188768,0.08216660609162368,-0.03614150754120829,29.317307530268607,34.0,32.0,0.037682792487020444,2.002099634603528,0.01179052072341813,-0.0743279390575462,0.005276427235865233,0.013095604031653591,-0.08575599266492429,-0.08575599266492429,10.0,0.1013963817292083,0.9595799859166972,1.3888355736221758,1.3887251247330215,0.61407478427175,0.7833333333333333,0.5157894736842106,0.8157894736842105,0.10538616905749154,False,0,[],,,,,,,,,,,,,,,,,,"{""indicator_details"": {}, ""regime_green"": true}",-0.0055227038,"['healthy 200d sector breadth', 'active price discovery', 'dollar volume ratio 20 60']","healthy 200d sector breadth, active price discovery, dollar volume ratio 20 60",0.41847826086956524
2026-08-31,CFR,Financials,Regional Banks,XLF,SPY,True,71701086.63627625,160.8699951171875,2.8669662475585938,0.017821634453771946,0.12698412698412698,0.003968253968253968,92.43543085946985,95.60813407161793,96.21141915002302,74.06199021207178,4.955629031502085,3.6370310581900753,5.6047480112668495,10.24780928297642,-0.021139372280302382,0.21146173093441267,0.14735031320183922,1.4375768554606658,0.12816025043909082,-0.0037648999630856958,32.27588282525127,43.0,22.0,0.012939578008037245,1.3999471576133398,0.0026089680244894,-0.016025507908409176,0.003912272069678724,0.012936357778928197,-0.058138218718656653,-0.058138218718656653,10.0,0.07047733315889798,0.8856795553165329,1.097718194230428,1.133126774140944,0.7523641487086757,0.5666666666666667,0.5157894736842106,0.8157894736842105,0.10538616905749154,False,0,[],,,,,,,,,,,,,,,,,,"{""indicator_details"": {}, ""regime_green"": true}",-0.004543454,"['active price discovery', 'healthy 200d sector breadth', 'days since 52w high']","active price discovery, healthy 200d sector breadth, days since 52w high",0.43728813559322033
2026-08-31,CINF,Financials,Property & Casualty Insurance,XLF,SPY,True,75769933.12902832,169.89999389648438,2.656939915248326,0.015638257861663785,0.17063492063492064,0.07936507936507936,71.12567868531215,81.44161279790677,83.6582567033026,37.92822185970636,22.816093278438323,20.93259232416316,27.321981120052726,15.108335959135864,18.28682006671533,0.0833385953760899,-0.0004706543891371817,1.445849047561115,0.016356796716560675,-0.04368435153576613,38.13617813479993,40.0,25.0,0.002953933330417602,0.9854495912366434,-0.05882650581950377,-0.07778321751821338,0.006515479741424013,0.042175482787086674,-0.06132600057190951,-0.12786819965241825,39.0,0.08558750457704196,0.7024478087241878,1.1156950061722168,0.8591698013035655,0.5462064079451447,0.45,0.5157894736842106,0.8157894736842105,0.10538616905749154,False,0,[],,,,,,,,,,,,,,,,,,"{""indicator_details"": {}, ""regime_green"": true}",0.0071992017,"['limited recent downside gap risk', 'improving 10d RS vs group ETF', 'earnings breakout open']","limited recent downside gap risk, improving 10d RS vs group ETF, earnings breakout open",0.5609167671893848
2026-08-31,CME,Financials,Financial Exchanges & Data,XLF,SPY,True,473615435.3823242,285.5,5.777845110212054,0.02023763611282681,0.3888888888888889,0.3968253968253968,76.94142039635979,85.60022339176601,87.39702147572815,45.758564437194124,46.291464136160954,43.58559726976447,49.503547768559095,32.63713004436609,39.56459540703928,0.10761944903555176,-0.12546710937690608,1.8599331566439412,0.02390100571821895,0.12041541181935159,80.02294419199767,37.0,28.0,0.04294798153055335,1.1074453356704967,-0.008708720927959157,0.14548224084287487,0.004814954548896061,0.036009224801037874,-0.002794229224862055,-0.13264067072659114,125.0,0.1191644768385199,0.871705883956438,1.254778954182364,1.2497825095335955,0.6670535957654374,0.6833333333333333,0.5157894736842106,0.8157894736842105,0.10538616905749154,False,0,[],,,,,,,,,,,,,,,,,,"{""indicator_details"": {}, ""regime_green"": true}",-0.0005515454,"['strong 126d momentum', 'improving RS vs group ETF', 'active price discovery']","strong 126d momentum, improving RS vs group ETF, active price discovery",0.43728813559322033
2026-08-31,CNO,Financials,Life & Health Insurance,XLF,SPY,True,25062641.841054916,54.790000915527344,0.8994571140834263,0.016416446414559603,0.08333333333333333,0.047619047619047616,90.53440606495543,94.45661436012612,95.210152506328,69.33115823817292,8.21461382398617,6.0395883142845435,8.67312642810694,13.422437781775201,12.444442671750757,0.19186424756612852,0.2885700923251826,2.7886988062395335,0.19680692920870355,0.0229878351564405,51.238388356084705,45.0,22.0,0.007554253171259795,1.3036182922653745,-0.013680933192443234,0.02430359312521535,0.004281357201965636,0.010043562150829962,-0.031122870827198446,-0.048619538628959735,21.0,0.06402108803560266,0.8383918204319796,1.8532786103630015,2.427387967610318,0.8801201298931189,0.9666666666666667,0.5157894736842106,0.8157894736842105,0.10538616905749154,False,0,[],,,,,,,,,,,,,,,,,,"{""indicator_details"": {}, ""regime_green"": true}",-0.0043684375,"['active price discovery', 'days since 52w high', 'healthy 200d sector breadth']","active price discovery, days since 52w high, healthy 200d sector breadth",0.43728813559322033
2026-08-31,COF,Financials,Consumer Finance,XLF,SPY,True,584389902.7450943,214.50999450683594,4.719997950962612,0.022003627205408355,0.1746031746031746,0.1626984126984127,86.8554300766726,92.17023703025545,93.21223876738222,61.908646003262646,3.6979175321662154,3.165800188944644,6.0062568197979544,4.777431659334361,2.169444699269164,0.1622778356330099,0.10390071233854292,1.5880400403986512,0.03366748326714045,0.01866126375197861,43.14826473118464,36.0,29.0,-0.0016201900998451535,0.9793161302856,-0.032275499386987594,0.040199753840853614,0.006708044176588851,0.024739783707648455,-0.05974403839430775,-0.17381766135974586,163.0,0.07959488681837651,0.9064623831211954,1.5014496237655368,1.1430338395835915,0.6885276395663394,0.5666666666666667,0.5157894736842106,0.8157894736842105,0.10538616905749154,False,0,[],,,,,,,,,,,,,,,,,,"{""indicator_details"": {}, ""regime_green"": true}",-0.028195443,"['healthy 200d sector breadth', 'dollar volume ratio 20 60', 'well above 200d trend']","healthy 200d sector breadth, dollar volume ratio 20 60, well above 200d trend",0.25981308411214954
2026-08-31,CPAY,Financials,Transaction & Payment Processing Services,XLF,SPY,True,151557509.02526855,404.29998779296875,9.117538452148438,0.02255141906365153,0.0873015873015873,0.11904761904761904,77.53436621140006,86.01099264652812,87.76386185764743,46.98205546492659,-11.292597718818286,-6.863376229110031,-3.8856391641394197,-19.766110794242124,-26.530576971911216,0.11031769525031065,0.217734333005126,1.0281649111134574,0.20953514405920792,0.06863174184113129,48.65333278537772,47.0,18.0,0.008776382232291713,1.9359130615597777,0.004242932519306519,0.02476361504549951,0.005463776493399996,0.014577292019432888,-0.05081646494044789,-0.05081646494044789,12.0,0.11361086093577562,0.8947404186426173,0.9464426814404643,0.8545510855105085,0.8690174858632895,0.45,0.5157894736842106,0.8157894736842105,0.10538616905749154,False,0,[],,,,,,,,,,,,,,,,,,"{""indicator_details"": {}, ""regime_green"": true}",-0.014512665,"['healthy 200d sector breadth', 'active price discovery', 'strong earnings volume']","healthy 200d sector breadth, active price discovery, strong earnings volume",0.3860759493670886
2026-08-31,CRBG,Financials,Asset Management & Custody Banks,XLF,SPY,True,103590967.96320057,32.540000915527344,0.6785715648106166,0.02085345868834373,0.05952380952380952,0.626984126984127,93.51349976133992,96.25237533936837,96.77015431364228,77.16150081566069,10.274205659063298,7.190813191527212,9.499039792439333,19.867287286728327,11.391329666516441,0.2246895479590867,0.25298428093505465,0.8413891122883024,0.12612888362114322,0.033150375571134066,41.344217513720466,45.0,19.0,-0.0025550918259540367,1.7171012388454485,-0.03818914788571559,0.02974685198449656,0.00563067636959263,0.04175130099530523,-0.06521115680005107,-0.07055120035486162,251.0,0.11929263492973506,0.9516520570334521,0.559223201635938,0.886234935694609,1.0119129526879687,0.38333333333333336,0.5157894736842106,0.8157894736842105,0.10538616905749154,False,0,[],,,,,,,,,,,,,,,,,,"{""indicator_details"": {}, ""regime_green"": true}",-0.0039510704,"['improving RS vs group ETF', 'limited recent downside gap risk', 'healthy 200d sector breadth']","improving RS vs group ETF, limited recent downside gap risk, healthy 200d sector breadth",0.43728813559322033
2026-08-31,CVBF,Financials,Regional Banks,XLF,SPY,True,24554332.74355507,22.170000076293945,0.32500035422188894,0.014659465633895375,0.003968253968253968,0.003968253968253968,75.89765312154005,84.87133744222773,86.7450021979181,43.474714518760194,3.090103088512535,3.4255186158940063,8.038170670050391,0.8504276401945816,-16.997983117751623,0.1029850574894795,0.1334356176694207,1.1750026782622025,0.07893187804293571,-0.017840124501558183,30.061351129022242,37.0,29.0,0.0006676144840003229,0.9111384733056203,-0.03745719080213805,-0.011150758213615775,0.0027388887428063,0.028776951269557507,-0.05296880731313813,-0.05296880731313813,10.0,0.06554394988907947,0.8769596620063751,0.9050444432315428,0.8097650932408211,0.6651420606297724,0.3,0.5157894736842106,0.8157894736842105,0.10538616905749154,False,0,[],,,,,,,,,,,,,,,,,,"{""indicator_details"": {}, ""regime_green"": true}",-0.0096469885,"['active price discovery', 'healthy 200d sector breadth', 'dollar volume ratio 20 60']","active price discovery, healthy 200d sector breadth, dollar volume ratio 20 60",0.41847826086956524
2026-08-31,ECPG,Financials,Consumer Finance,XLF,SPY,True,30809359.967811584,97.01000213623047,3.5078588213239397,0.036159764396230795,0.6904761904761905,0.873015873015873,94.242774168989,96.684636314758,97.1444650701956,79.03752039151712,-2.1296351414755463,-1.0709231379950666,-0.2013047323142274,-4.907059885581489,1.123909959569275,0.2348524077266656,0.3678793660588324,1.1009595321252552,0.3223179042506627,0.029505581824661016,55.736641724421766,47.0,18.0,0.0056520924257137395,1.0716403949635305,-0.021090164672880052,0.046606964948081586,0.010042170928580485,0.015800893149977725,-0.07591923190938565,-0.07591923190938565,10.0,0.14257734539743144,0.9314681040652537,0.8204024596419888,1.0723040233326195,1.056193252426658,0.6333333333333333,0.5157894736842106,0.8157894736842105,0.10538616905749154,False,0,[],,,,,,,,,,,,,,,,,,"{""indicator_details"": {}, ""regime_green"": true}",-0.022524584,"['healthy 200d sector breadth', 'days since 52w high', 'supportive 5d rs change vs qqq']","healthy 200d sector breadth, days since 52w high, supportive 5d rs change vs qqq",0.25981308411214954
2026-08-31,EG,Financials,Reinsurance,XLF,SPY,True,94909131.39849854,374.6499938964844,6.488000052315848,0.017317496751670786,0.04365079365079365,0.07936507936507936,85.52611898815513,91.32472754987472,92.47005889418979,59.54323001631321,22.00846576285737,17.269290131044983,21.851023225914034,25.883898312971723,37.86433841077124,0.1533370216726102,0.10311217651619242,1.9887582164044442,0.09629765766914512,0.01142382634565157,60.433650036039076,42.0,23.0,-0.007574666262317065,1.5228290227829016,-0.013303796061933881,-0.04884617542063263,0.007594076096750324,0.038741804052192505,-0.017968338288075092,-0.06574571970844245,24.0,0.053153912719979296,0.7671395905124587,1.1783109499608266,1.515997760285423,0.6981109690942241,0.8333333333333334,0.5157894736842106,0.8157894736842105,0.10538616905749154,False,0,[],,,,,,,,,,,,,,,,,,"{""indicator_details"": {}, ""regime_green"": true}",-0.001258446,"['improving RS vs group ETF', 'healthy 200d sector breadth', 'days since 52w high']","improving RS vs group ETF, healthy 200d sector breadth, days since 52w high",0.43728813559322033
2026-08-31,ENVA,Financials,Consumer Finance,XLF,SPY,True,56221497.89978027,226.72000122070312,8.321124485560826,0.0367022073075085,0.6626984126984127,0.44841269841269843,99.01027241539398,99.44202609559414,99.52130850770114,93.80097879282219,-0.8844640361812282,-0.49374101930939673,-0.40242039879655067,-3.4280350621085347,-3.020537099598343,0.37966286554168427,0.601243075673638,1.2599637166467355,0.2920983109340442,-0.05876609029457397,27.958257861832834,38.0,27.0,-0.011191538638532506,1.1773609011961796,-0.10707039678548513,0.04095499561047111,0.006422773100189472,0.023054356998784765,-0.1522897949039903,-0.1522897949039903,11.0,0.18118532199194973,0.9528551362664021,1.3157586137183241,0.8698725978092253,0.7142500430017378,0.48333333333333334,0.5157894736842106,0.8157894736842105,0.10538616905749154,False,0,[],,,,,,,,,,,,,,,,,,"{""indicator_details"": {}, ""regime_green"": true}",0.013895768,"['supportive 126d momentum', 'earnings breakout open', 'healthy 200d sector breadth']","supportive 126d momentum, earnings breakout open, healthy 200d sector breadth",0.5800865800865801
2026-08-31,EQH,Financials,Diversified Financial Services,XLF,SPY,True,106655097.03543854,50.130001068115234,1.0610005514962333,0.021164981625565408,0.07936507936507936,0.6388888888888888,94.37754049189303,96.76420558405404,97.21331645738105,79.52691680261012,11.251449130007074,7.781727153741798,10.03236719781178,22.558701643685907,14.734740763490308,0.2368616476179648,0.2380834524582185,0.8489136143743689,0.1262637844671637,0.035827290645742,42.21940444986374,46.0,19.0,-0.0004166762034097937,1.705260061404758,-0.04097540050128612,0.038963752707051436,0.00506561779764299,0.027909577693370467,-0.059827431450991564,-0.09102448447636136,235.0,0.11735118044572802,0.928201606873179,0.6648960691823576,0.7720329164773824,0.897830888278083,0.3333333333333333,0.5157894736842106,0.8157894736842105,0.10538616905749154,False,0,[],,,,,,,,,,,,,,,,,,"{""indicator_details"": {}, ""regime_green"": true}",-0.0058542723,"['improving RS vs group ETF', 'healthy 200d sector breadth', 'active price discovery']","improving RS vs group ETF, healthy 200d sector breadth, active price discovery",0.41847826086956524
2026-08-31,ERIE,Financials,Insurance Brokers,XLF,SPY,True,57968902.0655365,255.55999755859375,8.86355699811663,0.034682881056470626,0.6746031746031746,0.49206349206349204,92.09940651644739,95.40603949737664,96.03593413503569,73.4910277324633,2.284807215611025,1.8757456994844404,3.6269729240381707,5.19436921575587,19.3752983111104,0.20769338321192854,-0.04194939996778346,6.554789469833422,0.002739811811668906,0.04809179749165681,49.13846827985783,43.0,22.0,-0.03254876780752225,1.2416142864611237,-0.08465932417101274,0.09367911824872688,0.006723122019073486,0.032548767807522305,-0.058606857444902904,-0.28564640794243534,251.0,0.17499239173277228,0.7934203379851072,1.8587983744438357,7.10678262124526,1.1893155129879922,1.0,0.5157894736842106,0.8157894736842105,0.10538616905749154,False,0,[],,,,,,,,,,,,,,,,,,"{""indicator_details"": {}, ""regime_green"": true}",-0.008939833,"['earnings breakout open', 'distance from 52w high', 'volume dry-up into setup']","earnings breakout open, distance from 52w high, volume dry-up into setup",0.41847826086956524
2026-08-31,ESNT,Financials,Commercial & Residential Mortgage Finance,XLF,SPY,True,29384011.738967896,67.55999755859375,1.1489274161202567,0.017006031048532967,0.19047619047619047,0.5555555555555556,90.56659100276038,94.47627667494476,95.22727708266808,69.49429037520392,12.277039552181819,8.943883375849012,11.954504332434354,19.046042616442705,19.29054139394883,0.19216516219363622,0.10158153499979972,1.391513607550299,0.08023490699101192,0.0209709754702231,49.58900530400021,49.0,16.0,0.0031351868924474058,2.4812826894624833,-0.044156314302134514,-0.016880146121998396,0.005104677703888477,0.01234183548136758,-0.03993186128054782,-0.03993186128054782,9.0,0.08428352992444783,0.8792393066033499,1.2614088531434127,1.1659856792061958,0.781825716016649,0.75,0.5157894736842106,0.8157894736842105,0.10538616905749154,False,0,[],,,,,,,,,,,,,,,,,,"{""indicator_details"": {}, ""regime_green"": true}",0.0035975508,"['improving RS vs group ETF', 'active price discovery', 'days since 52w high']","improving RS vs group ETF, active price discovery, days since 52w high",0.5094850948509486
2026-08-31,EWBC,Financials,Regional Banks,XLF,SPY,True,83200390.50166321,126.86000061035156,2.404179164341518,0.0189514358566489,0.11904761904761904,0.07142857142857142,62.26884699014148,74.61993963591104,77.42552641703527,29.690048939641112,5.095243622993728,5.980845157716175,12.599493652450064,1.654189118940213,-15.705224083993766,0.05129694650976857,0.14381026437285427,1.8710348136038157,0.062118577522085,-0.034947583377127577,31.272749467329547,36.0,29.0,-0.002576174024942035,1.212222794325058,-0.019561130633216184,-0.0490254391706173,0.004062069972967097,0.02904055980480851,-0.07718047949470508,-0.07718047949470508,10.0,0.08633295041161773,1.1030731217802285,1.5150563794881722,1.4734518292358096,0.7254413664367957,0.8833333333333333,0.5157894736842106,0.8157894736842105,0.10538616905749154,False,0,[],,,,,,,,,,,,,,,,,,"{""indicator_details"": {}, ""regime_green"": true}",-0.0031058905,"['active price discovery', 'healthy 200d sector breadth', 'dollar volume ratio 20 60']","active price discovery, healthy 200d sector breadth, dollar volume ratio 20 60",0.43728813559322033
2026-08-31,EZPW,Financials,Consumer Finance,XLF,SPY,True,25312987.90686798,32.31999969482422,1.6977925981794084,0.05253071207334497,0.9246031746031746,1.0,60.081430439471895,72.83620152048643,75.77495443562168,27.97716150081566,5.91089181560298,6.874845617981904,13.772005080433686,1.8972919001636654,22.190690433171,0.043927669592007224,0.1895472802380922,0.6800699981484928,0.19048823688278502,0.021440119854331426,68.85130943747988,57.0,18.0,-0.002903230728641626,1.2540101495543143,-0.14091161087627668,0.08529210710588542,0.008336074780414099,0.042918097311541566,-0.10022267977823773,-0.12954487570487905,79.0,0.3483483105072001,0.906848129694861,1.0087772440918639,0.7738396879381032,1.087264104582067,0.4166666666666667,0.5157894736842106,0.8157894736842105,0.10538616905749154,False,0,[],,,,,,,,,,,,,,,,,,"{""indicator_details"": {}, ""regime_green"": true}",0.029624723,"['earnings breakout open', 'atr pct 14', 'supportive base tightness']","earnings breakout open, atr pct 14, supportive base tightness",0.6583333333333333
2026-08-31,FAF,Financials,Property & Casualty Insurance,XLF,SPY,True,40062290.54427719,73.91999816894531,1.402498517717634,0.01897319470317358,0.047619047619047616,0.007936507936507936,83.46601471200873,89.99338975433352,91.29773901392745,55.22022838499184,22.515506622081958,18.091608302913286,22.995517512823326,24.331882826719635,22.04989423666259,0.14074065876051067,0.05164315274060671,1.561223809873157,0.10903897019110893,0.024938483329417456,62.742832728794646,37.0,28.0,-0.0053036270023699705,0.9931526485613548,-0.030076301209894463,0.048213296763014,0.005722957607081336,0.014933799727247237,-0.037123858261605025,-0.07449496155590551,23.0,0.07322376086079965,0.6973272903466347,1.3855399274682019,1.1285893738669457,0.6844150190669577,0.6,0.5157894736842106,0.8157894736842105,0.10538616905749154,False,0,[],,,,,,,,,,,,,,,,,,"{""indicator_details"": {}, ""regime_green"": true}",-3.347575e-05,"['improving RS vs group ETF', 'active price discovery', 'improving 10d RS vs group ETF']","improving RS vs group ETF, active price discovery, improving 10d RS vs group ETF",0.43728813559322033
2026-08-31,FBP,Financials,Regional Banks,XLF,SPY,True,29320554.603227615,27.8799991607666,0.46292877197265625,0.016604332349625772,0.05952380952380952,0.0873015873015873,88.48954069594437,93.19538403592793,94.10967575429181,65.66068515497552,2.22854196037774,2.0501246714177626,4.453408154460519,3.6394952609249955,-12.089926091968238,0.17438919248369644,0.30037306279349174,1.6073662491778842,0.18270523402985867,5.7360576341362953e-05,35.20408833536962,38.0,28.0,0.022069487113665298,2.0320713667064956,0.012907874443524703,-0.03395708346705484,0.004082187406313281,0.014580431810965749,-0.06693440616377477,-0.06693440616377477,10.0,0.08536136634609862,0.9594703211576703,1.4656475460778962,1.1381482621113048,0.6898087920675802,0.7,0.5157894736842106,0.8157894736842105,0.10538616905749154,False,0,[],,,,,,,,,,,,,,,,,,"{""indicator_details"": {}, ""regime_green"": true}",-0.008713676,"['active price discovery', 'healthy 200d sector breadth', 'days since 52w high']","active price discovery, healthy 200d sector breadth, days since 52w high",0.41847826086956524
2026-08-31,FDS,Financials,Financial Exchanges & Data,XLF,SPY,True,190530314.7321396,313.54998779296875,10.909643990652901,0.034793954442301996,0.38492063492063494,0.23015873015873015,86.1810609731987,91.74261587618973,92.83710376555428,60.685154975530175,-11.288108397136838,-6.698289427470073,-5.316779149241,-25.86741226163364,-22.199930599041956,0.1576517656533989,0.4256160057854912,1.5084904060736968,0.25862603669090106,0.18118344689766805,68.80068610222983,13.0,43.0,-0.035118227428508786,2.036612475796979,-0.16517811341281619,0.2769292767097937,0.009387661017789572,0.042137583212364715,0.012153539023360693,-0.1684568337375959,246.0,0.1891187620632648,0.821401302721125,1.4390886739082187,1.339218972746689,0.9746913834112916,0.8,0.5157894736842106,0.8157894736842105,0.10538616905749154,False,0,[],,,,,,,,,,,,,,,,,,"{""indicator_details"": {}, ""regime_green"": true}",-0.094833516,"['earnings breakout open', 'healthy 200d sector breadth', 'supportive 126d momentum']","earnings breakout open, healthy 200d sector breadth, supportive 126d momentum",0.041666666666666664
2026-08-31,FFBC,Financials,Regional Banks,XLF,SPY,True,23135945.13636017,32.630001068115234,0.48714310782296316,0.014929301007562039,0.007936507936507936,0.003968253968253968,72.04186203838326,82.11278926143562,84.26475562328983,39.151712887438826,7.474978628748744,7.191527845104176,12.709264338537636,4.677385259076971,-11.867032018836646,0.08694205764665708,0.15709220515333122,1.3489635176493986,0.10266291660432358,-0.03681529545993449,25.27078148949444,38.0,30.0,-0.001399861423544202,0.7120940645315642,-0.015728572933818907,-0.08032690278725574,0.003687103285022625,0.06812437945662966,-0.06397015212828583,-0.09961369876250759,32.0,0.08193666324109548,0.8550543886619802,1.2562601226304162,0.8154340600850861,0.6046067769929565,0.4,0.5157894736842106,0.8157894736842105,0.10538616905749154,False,0,[],,,,,,,,,,,,,,,,,,"{""indicator_details"": {}, ""regime_green"": true}",-0.00031702605,"['limited recent downside gap risk', 'active price discovery', 'healthy 200d sector breadth']","limited recent downside gap risk, active price discovery, healthy 200d sector breadth",0.43728813559322033
2026-08-31,FHI,Financials,Asset Management & Custody Banks,XLF,SPY,True,24217951.68939209,63.650001525878906,1.240614754813058,0.019491197565936383,0.16666666666666666,0.027777777777777776,83.13626852684155,89.77787945362373,91.1075444277983,54.56769983686787,-4.529754927486735,-2.3186782460188766,0.3562427532288126,-9.409480277231566,-6.475494947158211,0.13884419790614144,0.11725469829809732,1.7717313224869409,0.1355203159819037,0.050045887454350235,55.11812348087905,43.0,22.0,-0.004993392853106515,1.0194073406972737,-0.0201606224565688,0.07028754362494638,0.006278586853937567,0.014965518267697707,-0.04622760255124847,-0.04622760255124847,18.0,0.07619742649110159,0.8630424907828734,1.2702196734584466,1.5514552550474257,0.874624601418063,0.8833333333333333,0.5157894736842106,0.8157894736842105,0.10538616905749154,False,0,[],,,,,,,,,,,,,,,,,,"{""indicator_details"": {}, ""regime_green"": true}",-0.0097214095,"['healthy 200d sector breadth', 'days since 52w high', 'active price discovery']","healthy 200d sector breadth, days since 52w high, active price discovery",0.41847826086956524
2026-08-31,FIBK,Financials,Regional Banks,XLF,SPY,True,34716924.03766632,36.810001373291016,0.606428691319057,0.016474563126723376,0.007936507936507936,0.003968253968253968,64.75748904476838,76.60007183468561,79.24764378831938,31.64763458401305,6.8868018652887955,7.350144003342336,13.773866763699587,3.122777208299933,-16.27412580718499,0.05989063802103223,0.04633317379123003,0.9194546833061646,0.026778995249779426,-0.03801924307445344,34.60558092220721,42.0,27.0,-0.012763685114870138,1.6359311461354555,-0.06650239038711281,-0.03385819297883419,0.004719426289001155,0.012763685114870185,-0.0666835026621152,-0.09334968579483727,32.0,0.07671300782570073,0.864842839111194,0.8973320968287887,0.7570709735066447,0.8206336238187001,0.23333333333333334,0.5157894736842106,0.8157894736842105,0.10538616905749154,False,0,[],,,,,,,,,,,,,,,,,,"{""indicator_details"": {}, ""regime_green"": true}",-0.00019135067,"['active price discovery', 'healthy 200d sector breadth', 'earnings breakout open']","active price discovery, healthy 200d sector breadth, earnings breakout open",0.43728813559322033
2026-08-31,FITB,Financials,Regional Banks,XLF,SPY,True,237577519.79667664,53.77000045776367,0.9753573281424386,0.018139433138160035,0.14682539682539683,0.0992063492063492,76.86826159233097,85.54937706402015,87.35158224623443,45.67699836867863,2.4021606574075918,2.846709060352268,7.247688429734524,1.0152216775620886,-23.02715811053897,0.10728992868888709,0.0788523333295319,1.2560922962587011,0.06134671648869814,-0.05110312163652157,18.657976738479903,35.0,31.0,-0.007411127414938878,1.6368797754022961,-0.009579826803768343,-0.07309081169539788,0.003906751953747856,0.01023055933107922,-0.08289272593915364,-0.09630251331489625,32.0,0.09109519683937055,0.9395135148824219,1.4926669755084545,0.9886580130154675,0.7294806236761429,0.5166666666666667,0.5157894736842106,0.8157894736842105,0.10538616905749154,False,0,[],,,,,,,,,,,,,,,,,,"{""indicator_details"": {}, ""regime_green"": true}",-0.0014138534,"['active price discovery', 'healthy 200d sector breadth', 'holding above earnings close']","active price discovery, healthy 200d sector breadth, holding above earnings close",0.43728813559322033
2026-08-31,FNB,Financials,Regional Banks,XLF,SPY,True,55554921.22730255,18.229999542236328,0.2875070571899414,0.015771095140393626,0.04365079365079365,0.031746031746031744,66.50288663703847,77.95859026179723,80.4915997468404,33.442088091353995,7.15162071590774,7.42437230802183,13.651339349406882,3.613237235608274,-12.605181672297185,0.06608182079288816,0.05803830682343758,1.2640449596648666,0.028432784791668584,-0.03748682459153501,26.344016554994283,33.0,32.0,0.0005241210126740725,1.2258712312478621,-0.02552322593698131,-0.06464855021440297,0.004054003142254081,0.03488970308678299,-0.0679959079764717,-0.06942320570487093,41.0,0.07590754332241241,0.9462184978737844,1.2540871011442583,0.7740702832877376,0.6024955795458234,0.4,0.5157894736842106,0.8157894736842105,0.10538616905749154,False,0,[],,,,,,,,,,,,,,,,,,"{""indicator_details"": {}, ""regime_green"": true}",-0.0017221037,"['active price discovery', 'healthy 200d sector breadth', 'dollar volume ratio 20 60']","active price discovery, healthy 200d sector breadth, dollar volume ratio 20 60",0.43728813559322033
2026-08-31,FULT,Financials,Regional Banks,XLF,SPY,True,34771453.850468636,23.459999084472656,0.3792858123779297,0.01616734131200225,0.015873015873015872,0.015873015873015872,75.17569487170394,84.36279547557059,86.28926786861783,42.25122349102774,2.971875385642406,3.379011250063698,8.094416450993037,0.36043294498046663,-18.302973737986115,0.09985931403587722,0.1230253599766844,0.9710944612948689,0.09054519436478309,-0.030866884787112598,29.850657040697797,36.0,28.0,-0.0004061831251402914,0.7035197884141279,-0.024573878047316478,-0.04009825810843615,0.003130482060571893,0.011978480757758678,-0.0634730619167263,-0.07015459729995632,32.0,0.07005550620837503,0.9397344876009308,1.1072987824190061,0.7640088924329699,0.7440182171462902,0.16666666666666666,0.5157894736842106,0.8157894736842105,0.10538616905749154,False,0,[],,,,,,,,,,,,,,,,,,"{""indicator_details"": {}, ""regime_green"": true}",-0.012541714,"['active price discovery', 'healthy 200d sector breadth', 'holding above earnings close']","active price discovery, healthy 200d sector breadth, holding above earnings close",0.3860759493670886
2026-08-31,GL,Financials,Life & Health Insurance,XLF,SPY,True,82517413.56009674,172.6699981689453,3.4709570748465404,0.020101680150887914,0.5158730158730159,0.6944444444444444,82.4682175880232,89.33919491804335,90.72002439806823,53.4257748776509,8.41304408149712,6.94624158710522,10.960988794546111,9.41599492655066,0.7770381213346838,0.13509074225204176,0.18000407304239263,1.3854301425398603,0.1271408159031105,-0.03302402660569121,34.44815408727288,37.0,28.0,0.0023869070746846965,1.576944161037199,-0.0353432741561045,-0.061576096907905886,0.00489849478549752,0.0751087354577106,-0.08397878955466676,-0.09856436743418384,31.0,0.11003148891418417,0.9176501787386531,1.2118967297941134,1.0662040347569828,0.7530732834681975,0.6333333333333333,0.5157894736842106,0.8157894736842105,0.10538616905749154,False,0,[],,,,,,,,,,,,,,,,,,"{""indicator_details"": {}, ""regime_green"": true}",0.011581106,"['limited recent downside gap risk', 'healthy 200d sector breadth', 'days since 52w high']","limited recent downside gap risk, healthy 200d sector breadth, days since 52w high",0.5609167671893848
2026-08-31,GNW,Financials,Multi-line Insurance,XLF,SPY,True,20303209.905933857,9.9399995803833,0.17448554720197404,0.017553878729162444,0.047619047619047616,0.07539682539682539,87.84047711211394,92.79005756488762,93.75516102010243,64.02936378466558,18.17968848029186,13.779545958825594,17.737281976575645,24.583561013679436,25.724555308707956,0.16941171533921184,0.16257302440235022,1.5152424892331788,0.11031983800221415,0.01844257995730543,57.894694574110325,50.0,18.0,-0.0020387825594458953,1.0288203203871442,-0.03972533056345273,0.025799794718887936,0.00477617949394985,0.02096434067765858,-0.03260341124906929,-0.03260341124906929,10.0,0.0781741769605288,0.9274392099029911,1.1453081143604333,1.3001858505373187,0.8546473974737946,0.8833333333333333,0.5157894736842106,0.8157894736842105,0.10538616905749154,False,0,[],,,,,,,,,,,,,,,,,,"{""indicator_details"": {}, ""regime_green"": true}",-0.0011484269,"['active price discovery', 'improving RS vs group ETF', 'supportive days to earnings']","active price discovery, improving RS vs group ETF, supportive days to earnings",0.43728813559322033
2026-08-31,GPN,Financials,Transaction & Payment Processing Services,XLF,SPY,True,201588306.3666153,91.05000305175781,2.760957990373884,0.030323535396307503,0.31746031746031744,0.36904761904761907,91.9993450662243,95.34574038856329,95.98355479367055,73.08319738988581,-4.412704594896212,-2.434693197515429,-1.3915087090684324,-10.94288247971484,-12.73587351475966,0.20659957800732465,0.16895626865107327,1.3950817279407037,0.20863450707114994,0.1028557109132829,62.59098080472526,46.0,18.0,-0.005325792869157242,1.6018528680023119,-0.014759553548338467,0.040809322791838465,0.005426510579948951,0.018867885192352576,-0.05037541030475967,-0.05037541030475967,5.0,0.1387173483195669,0.8926882333176375,0.8775462948174755,1.2114993546220933,0.9226795547744168,0.6333333333333333,0.5157894736842106,0.8157894736842105,0.10538616905749154,False,0,[],,,,,,,,,,,,,,,,,,"{""indicator_details"": {}, ""regime_green"": true}",-0.0070541403,"['healthy 200d sector breadth', 'active price discovery', 'days since 52w high']","healthy 200d sector breadth, active price discovery, days since 52w high",0.41847826086956524
2026-08-31,GSHD,Financials,Insurance Brokers,XLF,SPY,True,22824163.55253601,68.6500015258789,2.8533071790422713,0.04156310437905327,0.34523809523809523,0.27380952380952384,99.99790597131906,99.99882457446847,99.99899239211761,99.42903752039152,0.009137474529765655,0.005675637917434528,0.007128323380385382,0.48853222291801046,1.3035281479383798,0.873124110988222,0.24073738033654268,0.9369697844843147,0.23328654740768068,0.1494946035024591,58.494410094078994,37.0,28.0,0.010232543945312589,0.6927233645195103,-0.062014168084959964,0.3356031028776323,0.009795226218281305,0.04567312360266217,-0.07753287805742204,-0.21309028877923653,251.0,0.18052025837796218,0.6836882934325452,0.7865332289096695,0.553077452981195,0.7388597900762041,0.18333333333333332,0.5157894736842106,0.8157894736842105,0.10538616905749154,False,0,[],,,,,,,,,,,,,,,,,,"{""indicator_details"": {}, ""regime_green"": true}",-0.022862667,"['constructive ATR profile', 'limited recent downside gap risk', 'strong RS vs XLK']","constructive ATR profile, limited recent downside gap risk, strong RS vs XLK",0.25981308411214954
2026-08-31,HCI,Financials,Property & Casualty Insurance,XLF,SPY,True,22820409.121948242,185.72999572753906,3.848912920270647,0.02072316270289964,0.003968253968253968,0.3134920634920635,93.79316576305135,96.41847716141181,96.91404295941199,78.14029363784665,7.018164604209645,4.9239275628418255,6.856156218386374,15.46710700377983,22.394572366453012,0.22845421475218775,0.06888813074998223,0.5747680264639596,0.10096015240760539,0.028748772558797125,53.58272106557502,48.0,17.0,0.009749568449950896,0.4207981836699731,-0.03201370528923553,0.04875910921999793,0.008852800984844884,0.024283748694363914,-0.06658824842983313,-0.11767222932285482,212.0,0.13340002607448612,0.8919409663055868,0.9565027734848583,0.48522253743678345,0.8663235845885143,0.08333333333333333,0.5157894736842106,0.8157894736842105,0.10538616905749154,False,0,[],,,,,,,,,,,,,,,,,,"{""indicator_details"": {}, ""regime_green"": true}",-0.033091705,"['healthy 200d sector breadth', 'improving 10d RS vs group ETF', 'dollar volume ratio 20 60']","healthy 200d sector breadth, improving 10d RS vs group ETF, dollar volume ratio 20 60",0.21568627450980393
2026-08-31,HIG,Financials,Property & Casualty Insurance,XLF,SPY,True,153460511.00700378,137.3800048828125,2.234295436314174,0.016263614477376575,0.2222222222222222,0.30158730158730157,71.65383439155329,81.8292805895633,84.00871267895013,38.66231647634584,22.325932093813094,20.35063811762194,26.672599856565718,15.434932613265161,20.080409385881296,0.08540732570160814,-0.031580401157929705,1.8745954063877812,0.008980901038867492,-0.008398765980861669,45.251399505410056,43.0,27.0,0.0,1.135438460744536,-0.008936769171813186,-0.03375993838960423,0.00521846235131333,0.03806398598223089,-0.052812939588385066,-0.05945981181958848,22.0,0.06647053886862363,0.7915920149468756,1.4670115212955777,1.4813732038867036,0.7579190627169154,0.8833333333333333,0.5157894736842106,0.8157894736842105,0.10538616905749154,False,0,[],,,,,,,,,,,,,,,,,,"{""indicator_details"": {}, ""regime_green"": true}",0.0050297175,"['improving RS vs group ETF', 'active price discovery', 'holding above earnings close']","improving RS vs group ETF, active price discovery, holding above earnings close",0.5588235294117648
2026-08-31,HLNE,Financials,Asset Management & Custody Banks,XLF,SPY,True,56640235.31880188,108.81999969482422,3.523614065987723,0.03238020654171456,0.21031746031746032,0.5992063492063492,93.97553870551953,96.52656828357392,97.00764197006528,78.46655791190864,8.64905502587915,6.020164136345571,8.084602077829501,18.23835905290293,18.156859460400895,0.2309954504126044,0.018627705978294218,1.1398408190018414,0.016498955473883557,0.19561527275434054,57.51510679560181,46.0,19.0,0.04404164486878015,1.9546010466234716,0.040314922182578705,0.07095757347862985,0.008080686923247149,0.01792783338965822,-0.00039498514635794013,-0.30091226304324514,155.0,0.12763938066625988,0.9152887124069632,0.6742947118227988,0.9251713937909758,0.9095654666712114,0.43333333333333335,0.5157894736842106,0.8157894736842105,0.10538616905749154,False,0,[],,,,,,,,,,,,,,,,,,"{""indicator_details"": {}, ""regime_green"": true}",-0.015624278,"['distance from 52w high', 'supportive earnings gap', 'healthy 200d sector breadth']","distance from 52w high, supportive earnings gap, healthy 200d sector breadth",0.3488372093023256
2026-08-31,HOMB,Financials,Regional Banks,XLF,SPY,True,35282587.243582726,29.459999084472656,0.39850003378731863,0.013526817588984726,0.003968253968253968,0.003968253968253968,79.16821190800471,87.13068719846297,88.76158709476293,48.939641109298535,0.22131929490004154,1.121060590581095,4.951152719615351,-2.242102981981013,-18.542021482388506,0.118026514534322,0.05327135529841609,1.5844064449990187,0.041622436868097606,-0.01887649720385854,18.623449892701956,32.0,33.0,-0.0012037780393361341,0.8898417627763446,-0.011572438902356486,0.005803965982643433,0.004715028478363098,0.01253041102467444,-0.06934138539124624,-0.07066251181563343,23.0,0.07670071759776313,0.9299570553207532,1.26737752464431,1.0852831156826335,0.6923643221529738,0.7166666666666667,0.5157894736842106,0.8157894736842105,0.10538616905749154,False,0,[],,,,,,,,,,,,,,,,,,"{""indicator_details"": {}, ""regime_green"": true}",-0.009871328,"['active price discovery', 'healthy 200d sector breadth', 'supportive earnings volume']","active price discovery, healthy 200d sector breadth, supportive earnings volume",0.41847826086956524
2026-08-31,HOOD,Financials,Investment Banking & Brokerage,XLF,SPY,True,1682588822.6905632,104.80999755859375,6.192841121128628,0.05908635879574881,0.5476190476190477,0.6388888888888888,85.80982766628557,91.50606336445217,92.62938647408309,60.0326264274062,-13.365814714112915,-7.989489821330878,-6.772119885213698,-32.46941106240635,-13.969003564443838,0.15518564621087005,0.33041380023653244,0.9242019956336264,0.10015144082311017,0.03504188520381388,59.32082421476198,47.0,23.0,-0.006468288705296921,1.0498546912261466,-0.23231985573231573,0.16662958404851835,0.01898264008911395,0.054499151677794004,-0.0679413036637514,-0.3187963269022487,226.0,0.24844979763470365,0.9147182088649133,1.6564736937043167,0.7674101936893675,0.7374446996977312,0.2833333333333333,0.5157894736842106,0.8157894736842105,0.10538616905749154,False,0,[],,,,,,,,,,,,,,,,,,"{""indicator_details"": {}, ""regime_green"": true}",0.07111835,"['supportive atr pct 14', 'distance from 52w high', 'limited recent downside gap risk']","supportive atr pct 14, distance from 52w high, limited recent downside gap risk",0.8309859154929577
2026-08-31,HWC,Financials,Regional Banks,XLF,SPY,True,51133750.290000916,74.48999786376953,1.2449994768415178,0.01671364629541842,0.015873015873015872,0.027777777777777776,76.62011782656198,85.37664302650231,87.19716675908322,45.35073409461664,2.273561772842868,2.7639618274466073,7.193510601874422,0.933456181006207,-25.879909752164124,0.10617763461112295,0.11345285747048295,0.7383372224546549,0.08392996516221266,-0.02180682370710841,27.06024220755151,31.0,29.0,-0.002328895109892759,1.5556922121163814,-0.028290626319857348,-0.028053256041248087,0.003441332002202674,0.04597403786399148,-0.0703856181575978,-0.0703856181575978,11.0,0.08518419863869442,0.8263830109087621,1.0880653605118489,0.5631640732086299,0.7436284919272427,0.05,0.5157894736842106,0.8157894736842105,0.10538616905749154,False,0,[],,,,,,,,,,,,,,,,,,"{""indicator_details"": {}, ""regime_green"": true}",0.0045823096,"['active price discovery', 'healthy 200d sector breadth', 'limited recent downside gap risk']","active price discovery, healthy 200d sector breadth, limited recent downside gap risk",0.5416666666666666
2026-08-31,IBKR,Financials,Investment Banking & Brokerage,XLF,SPY,True,400990037.799469,97.29000091552734,2.9384433201381137,0.030202932392707403,0.2222222222222222,0.3611111111111111,74.49485990761829,83.87989742808242,85.85588756401205,41.598694942903755,-7.245944849689138,-4.128726287416185,-0.2168908483319001,-13.739528365979709,10.058352644615244,0.09696694370713033,0.3574717929556639,0.9014921957317098,0.24063847810927178,0.054793089789024044,66.12278231096636,36.0,29.0,0.01974255620166665,1.117530153601577,-0.04436270966017186,0.03039613219909998,0.005774821986394074,0.04255321999140925,-0.014784800855419333,-0.014784800855419333,4.0,0.1567294930648654,0.8044276859429674,0.9199181820780568,0.837119409237425,0.9209218476523647,0.3333333333333333,0.5157894736842106,0.8157894736842105,0.10538616905749154,False,0,[],,,,,,,,,,,,,,,,,,"{""indicator_details"": {}, ""regime_green"": true}",-0.002022417,"['limited recent downside gap risk', 'active price discovery', 'dollar volume ratio 20 60']","limited recent downside gap risk, active price discovery, dollar volume ratio 20 60",0.43728813559322033
2026-08-31,ICE,Financials,Financial Exchanges & Data,XLF,SPY,True,450731448.39260864,160.6999969482422,3.137659345354353,0.019524949626258684,0.31746031746031744,0.1626984126984127,77.1541060621766,85.74783671338447,87.52889915273784,46.166394779771615,14.442023562831977,12.362783314631912,17.63294584056281,13.403558593952546,30.762971796886532,0.10858160530748151,-0.02476029773807298,1.5494624708055968,0.03636163314955316,0.10505290107876432,75.74928050943508,43.0,22.0,0.004861291197395534,2.275737149197249,-0.0016742515170110606,0.028348323764408656,0.0053508836182852735,0.016694563801862447,-0.01646369087125832,-0.09597208644118005,251.0,0.10712831930096177,0.7698886226117821,1.4070252269235257,1.1417806385774312,0.7682530086444332,0.6333333333333333,0.5157894736842106,0.8157894736842105,0.10538616905749154,False,0,[],,,,,,,,,,,,,,,,,,"{""indicator_details"": {}, ""regime_green"": true}",-0.010000502,"['active price discovery', 'healthy 200d sector breadth', 'dollar volume ratio 20 60']","active price discovery, healthy 200d sector breadth, dollar volume ratio 20 60",0.41847826086956524
2026-08-31,INDB,Financials,Regional Banks,XLF,SPY,True,23346346.821487427,81.18000030517578,1.2821568080357142,0.015793998561416216,0.03968253968253968,0.007936507936507936,60.94186608466272,73.54277640463724,76.42982450197019,28.711256117455136,0.11304037226899055,1.7443416569543757,8.238332130965048,-2.014090255812995,-15.298523833645106,0.04680847337936611,0.015892836752160022,0.6112373596261388,0.026269278364481223,-0.03668157023714672,23.768101840231665,38.0,32.0,0.00046949433051790557,1.473326628136621,-0.005947546778197865,-0.06871627841680383,0.003336214726220915,0.07422279863036742,-0.06215338961598482,-0.0722285679408482,32.0,0.0683781923607553,0.7772403435263054,1.2126026222950028,0.42711984693601884,0.6902346753080592,0.05,0.5157894736842106,0.8157894736842105,0.10538616905749154,False,0,[],,,,,,,,,,,,,,,,,,"{""indicator_details"": {}, ""regime_green"": true}",0.008870503,"['limited recent downside gap risk', 'active price discovery', 'strong 126d momentum']","limited recent downside gap risk, active price discovery, strong 126d momentum",0.5609167671893848
2026-08-31,IVZ,Financials,Asset Management & Custody Banks,XLF,SPY,True,108439493.3956995,32.779998779296875,0.7754357201712472,0.023655758055152683,0.16666666666666666,0.10317460317460317,89.98020103947304,94.11713029035975,94.91433143223433,68.18923327895595,-0.013061088775103258,0.4687416429116382,2.3684383792879373,-0.43342360775962163,3.234058054832076,0.1868210638405865,0.254496740608972,1.3719957937498855,0.2111381419697105,0.09309293155269709,64.4897727219647,41.0,24.0,-0.00763870624120444,1.9853954384082733,-0.03643989228554678,0.11382937272793492,0.005209086662502338,0.019805475627988556,-0.025854463807763794,-0.025854463807763794,2.0,0.08164580089021863,0.8255718113543092,0.9307623394610646,1.0443792874031754,0.7958192046380521,0.5666666666666667,0.5157894736842106,0.8157894736842105,0.10538616905749154,False,0,[],,,,,,,,,,,,,,,,,,"{""indicator_details"": {}, ""regime_green"": true}",-0.0074042478,"['active price discovery', 'days since 52w high', 'healthy 200d sector breadth']","active price discovery, days since 52w high, healthy 200d sector breadth",0.41847826086956524
2026-08-31,JKHY,Financials,Transaction & Payment Processing Services,XLF,SPY,True,127918515.09674835,167.91000366210938,5.23125239780971,0.031155096681057343,0.7301587301587301,0.7817460317460317,91.13589465962409,94.82311893008253,95.5291945124697,70.63621533442088,-0.5816144742779841,0.0437568506767434,1.6688870936075375,-1.6539232148863618,35.91738892855291,0.19764627187614647,0.022594438385017845,0.9159468641408156,0.050103848859323036,0.10564361296989419,67.62962812258874,46.0,9.0,0.01087612554826567,1.7601083452970363,-0.07032404419318172,0.09659096797647249,0.01074492018557563,0.026256951654018434,-0.04045946401968237,-0.13175446407754077,156.0,0.1726980569739169,0.9842168160797823,1.4471431928761984,0.7875175494565998,0.8404447878425665,0.3,0.5157894736842106,0.8157894736842105,0.10538616905749154,False,0,[],,,,,,,,,,,,,,,,,,"{""indicator_details"": {}, ""regime_green"": true}",-0.023562934,"['healthy 200d sector breadth', 'earnings breakout open', 'dollar volume ratio 20 60']","healthy 200d sector breadth, earnings breakout open, dollar volume ratio 20 60",0.25981308411214954
2026-08-31,JPM,Financials,Diversified Banks,XLF,SPY,True,1801975147.1387787,356.0199890136719,5.0955963134765625,0.014312669149823723,0.007936507936507936,0.047619047619047616,91.41183442738718,94.9905845686479,95.67486131195811,71.45187601957585,6.32465369446723,4.648568466496187,6.94021388647333,11.712674715582367,3.5627154653786306,0.20041811697541134,0.19646455146769704,1.6177472704003681,0.12183243886807708,0.023625706509605396,41.13660830947464,31.0,34.0,-0.022509188433844196,0.40979128814899146,-0.04789637974190897,0.037414757887768824,0.003364177435840737,0.022509188433844234,-0.028594845801713897,-0.028594845801713897,12.0,0.04604717453371987,0.8280761690713863,1.2280411222504861,1.0766315970481533,0.6555501660865927,0.6,0.5157894736842106,0.8157894736842105,0.10538616905749154,False,0,[],,,,,,,,,,,,,,,,,,"{""indicator_details"": {}, ""regime_green"": true}",-0.012233208,"['active price discovery', 'dollar volume ratio 20 60', 'healthy 200d sector breadth']","active price discovery, dollar volume ratio 20 60, healthy 200d sector breadth",0.3860759493670886
2026-08-31,JXN,Financials,Life & Health Insurance,XLF,SPY,True,51417339.74383545,133.42999267578125,3.069286891392299,0.023002975791584543,0.1349206349206349,0.4642857142857143,96.46530108883883,97.98466194704713,98.26741305637353,86.13376835236541,2.9646379191301406,2.0521047395870937,3.061166964661922,10.257647732968508,18.163108205666134,0.275743353549029,0.19325695796757625,1.420711738126896,0.19414278733012302,0.09069530683910126,59.23038660766354,46.0,20.0,0.004743227321268861,1.875128183922863,-0.030231287056972422,0.05754136967739831,0.011593607267537876,0.027393934461805554,-0.029105728102864825,-0.029105728102864825,18.0,0.08366182783857905,0.9211194072573716,1.1162486173579993,1.2269340031454892,0.9145522923372261,0.7333333333333333,0.5157894736842106,0.8157894736842105,0.10538616905749154,False,0,[],,,,,,,,,,,,,,,,,,"{""indicator_details"": {}, ""regime_green"": true}",-0.018096417,"['healthy 200d sector breadth', 'days since 52w high', 'dollar volume ratio 20 60']","healthy 200d sector breadth, days since 52w high, dollar volume ratio 20 60",0.2857142857142857
2026-08-31,KKR,Financials,Asset Management & Custody Banks,XLF,SPY,True,386015910.291214,109.72000122070312,3.606799534388951,0.03287276243402358,0.2896825396825397,0.746031746031746,85.75496746022068,91.47103635216463,92.59861710304068,59.8694942903752,4.505493165272426,3.810545025868336,6.921026219436129,5.427766499014162,18.467701299340156,0.15482579469244362,0.21090387905999397,0.9450341764006146,0.03593629237365694,0.08131654854162722,47.55764080981857,48.0,22.0,0.013698636453198354,1.485366446100937,-0.033886904495974424,0.08655176840187151,0.006746449262389242,0.024254874384765826,-0.05860147277749628,-0.2786324995540742,235.0,0.1522491477366796,1.0580528770701518,0.5956621147469618,0.932422300208687,1.0800800718558834,0.55,0.5157894736842106,0.8157894736842105,0.10538616905749154,False,0,[],,,,,,,,,,,,,,,,,,"{""indicator_details"": {}, ""regime_green"": true}",-0.025355374,"['healthy 200d sector breadth', 'dollar volume ratio 20 60', 'well above 200d trend']","healthy 200d sector breadth, dollar volume ratio 20 60, well above 200d trend",0.25981308411214954
2026-08-31,KNSL,Financials,Property & Casualty Insurance,XLF,SPY,True,64895384.814071655,373.8999938964844,9.443178449358259,0.025255893563808505,0.12301587301587301,0.06746031746031746,94.03493754475254,96.56173520297924,97.03808769247614,78.54812398042415,-1.8136137696461248,-0.8643714527459991,0.08005033803196682,-3.9294636316377876,19.297920231442895,0.2318386828326482,-0.05623706191930289,0.9534546187297982,0.04336736441380231,0.054111510974048434,49.490826531183046,38.0,27.0,-0.015937852253843587,1.5828873133996837,-0.10154284184904183,0.12525579411968102,0.007304677058694592,0.025672373916193373,-0.061919799054703906,-0.2290721775330219,224.0,0.1387673936501537,0.7098864648033268,1.0005623200757345,0.5864368624304718,0.680600848873803,0.23333333333333334,0.5157894736842106,0.8157894736842105,0.10538616905749154,False,0,[],,,,,,,,,,,,,,,,,,"{""indicator_details"": {}, ""regime_green"": true}",-0.023795238,"['earnings breakout open', 'healthy 200d sector breadth', 'dollar volume ratio 20 60']","earnings breakout open, healthy 200d sector breadth, dollar volume ratio 20 60",0.25981308411214954
2026-08-31,LNC,Financials,Multi-line Insurance,XLF,SPY,True,71887766.41750336,42.59000015258789,1.2042865753173828,0.028276275440309123,0.42857142857142855,0.23809523809523808,93.89457110854318,96.47860131050793,96.96610966114078,78.38499184339315,6.858830287613287,4.807430068289108,6.7049434724212915,15.30430724681613,-4.337094546174896,0.22985847066004395,0.23449275804602587,1.2635580484251607,0.0822788496909494,0.018889772957305557,39.09953324230496,43.0,22.0,0.06082549937729187,3.616822287452681,0.020787375482983927,-0.074532817710938,0.007074029735798992,0.024549148020534227,-0.10647226823583722,-0.10647226823583722,18.0,0.13650458932472306,0.8777924062355644,1.2034786390306589,1.1266807289079943,0.962102093550048,0.7333333333333333,0.5157894736842106,0.8157894736842105,0.10538616905749154,False,0,[],,,,,,,,,,,,,,,,,,"{""indicator_details"": {}, ""regime_green"": true}",-0.012417548,"['healthy 200d sector breadth', 'days since 52w high', 'dollar volume ratio 20 60']","healthy 200d sector breadth, days since 52w high, dollar volume ratio 20 60",0.3860759493670886
2026-08-31,MA,Financials,Transaction & Payment Processing Services,XLF,SPY,True,1409124191.4104614,589.3099975585938,9.478315080915179,0.01608375069179574,0.11507936507936507,0.17857142857142858,90.32454326369368,94.32826350877652,95.09834358437855,68.76019575856444,-0.06705859754373478,0.4171907896653977,2.247651356552325,-0.5144578681674261,22.22392843990103,0.1899242757366859,0.1311132390759957,1.2416106430020941,0.1124757532814743,0.07127406540591098,68.6371458051708,43.0,22.0,0.02492362750265853,1.56551179107497,0.013027780053470828,0.020715376250805884,0.0047481281215139785,0.01674891022614565,-0.019825995538118035,-0.02046141693843795,238.0,0.08123221074789964,0.8228165405391156,1.3352673308054495,1.061444846152685,0.878034167160084,0.5833333333333334,0.5157894736842106,0.8157894736842105,0.10538616905749154,False,0,[],,,,,,,,,,,,,,,,,,"{""indicator_details"": {}, ""regime_green"": true}",-0.021310173,"['active price discovery', 'healthy 200d sector breadth', 'dollar volume ratio 20 60']","active price discovery, healthy 200d sector breadth, dollar volume ratio 20 60",0.25981308411214954
2026-08-31,MCO,Financials,Financial Exchanges & Data,XLF,SPY,True,287271586.3572693,504.6400146484375,11.23606436593192,0.02226550420057283,0.4007936507936508,0.20634920634920634,72.08604308103398,82.14499997067813,84.29383237054786,39.23327895595432,-8.65226482263428,-5.151772968089304,-0.9714167342246611,-14.800950872896536,0.8469708874946633,0.08711762468323725,0.0826861361086586,1.5254909647550778,0.06735943118310679,0.04021498031070649,67.09983295757745,37.0,28.0,0.005521979814011813,1.4070851590219517,-0.056999326559427854,0.030508478801283045,0.004467639744978674,0.027089068551115206,-0.030787194937037077,-0.07723813241887745,156.0,0.10533912833683373,0.8765190412592019,1.4788148828418037,1.1193649067270108,0.7225907158630889,0.6333333333333333,0.5157894736842106,0.8157894736842105,0.10538616905749154,False,0,[],,,,,,,,,,,,,,,,,,"{""indicator_details"": {}, ""regime_green"": true}",-0.020127062,"['active price discovery', 'healthy 200d sector breadth', 'dollar volume ratio 20 60']","active price discovery, healthy 200d sector breadth, dollar volume ratio 20 60",0.25981308411214954
2026-08-31,MET,Financials,Life & Health Insurance,XLF,SPY,True,273834540.82382584,95.16999816894531,1.560715811593192,0.016399241794904915,0.07142857142857142,0.2896825396825397,86.94095879597619,92.22427948262262,93.25961508901317,62.15334420880914,5.066843063073193,4.121445863489626,7.079806149609908,6.733621307423647,-5.572817160384012,0.16287881754074696,0.29942655577307353,1.1700983644722884,0.16646089136584358,0.018004667070771068,42.62441433193449,50.0,18.0,0.0038489832222363685,0.9762382252993326,-0.013292464327120945,-0.011323539820231265,0.005018388977903026,0.014484442720681293,-0.05706927691285357,-0.05706927691285357,17.0,0.08085246598656824,0.9320348296311305,1.3419980587166243,1.0035411073838845,0.8341225531416759,0.4666666666666667,0.5157894736842106,0.8157894736842105,0.10538616905749154,False,0,[],,,,,,,,,,,,,,,,,,"{""indicator_details"": {}, ""regime_green"": true}",-0.017151317,"['healthy 200d sector breadth', 'active price discovery', 'supportive days to earnings']","healthy 200d sector breadth, active price discovery, supportive days to earnings",0.3153846153846154
2026-08-31,MKTX,Financials,Financial Exchanges & Data,XLF,SPY,True,151494954.72061157,162.6300048828125,0.29749843052455355,0.0018292960806274598,0.031746031746031744,0.007936507936507936,95.61918385945239,97.4927883885208,97.84303002477291,83.19738988580751,7.4344966233018255,5.047821835818169,6.689712925668886,18.323714254185674,25.08818043185478,0.257870007950999,-0.1531892616581556,0.7789173171026433,0.03404291645224161,0.18648015056920375,52.33657520962866,48.0,22.0,0.29770141816441487,19.125814916838937,0.2932783681514153,-0.0007986583215200405,0.0005525684235462569,0.02509819409872778,-0.0010442147773871424,-0.17012806108187362,126.0,0.006800981868230823,0.13129407590791248,0.9411999150675109,0.7592195354687029,1.1189895590513483,0.5166666666666667,0.5157894736842106,0.8157894736842105,0.10538616905749154,False,0,[],,,,,,,,,,,,,,,,,,"{""indicator_details"": {}, ""regime_green"": true}",-0.014748262,"['supportive earnings open vs 20d high', 'active price discovery', 'strong 126d momentum']","supportive earnings open vs 20d high, active price discovery, strong 126d momentum",0.3860759493670886
2026-08-31,MORN,Financials,Financial Exchanges & Data,XLF,SPY,True,62732228.08506012,218.94000244140625,6.500382559640067,0.02969024612749664,0.38095238095238093,0.3055555555555556,79.17667714082377,87.13644252897062,88.76670709734728,49.02120717781403,-12.00105738481804,-7.290562895209135,-4.6835004957082305,-22.29093626146878,-19.519950116399507,0.11806758376281623,0.20092153679635572,1.2327500971110918,0.16473277275767353,0.1817264883678101,79.17285129975544,42.0,23.0,-0.0020090634631069193,2.7982380209380886,-0.01011706565021453,0.10208395452257268,0.006621305948339607,0.029692541964558495,-0.010216973499166615,-0.16964390605072555,251.0,0.16335330629166245,0.7722194883288417,1.0200433620747629,0.9126277569471444,0.8344004905846949,0.4666666666666667,0.5157894736842106,0.8157894736842105,0.10538616905749154,False,0,[],,,,,,,,,,,,,,,,,,"{""indicator_details"": {}, ""regime_green"": true}",-0.028507443,"['healthy 200d sector breadth', 'supportive rsi 14', 'supportive distance above 50d']","healthy 200d sector breadth, supportive rsi 14, supportive distance above 50d",0.25981308411214954
2026-08-31,MRSH,Financials,Insurance Brokers,XLF,SPY,True,308975970.41625214,189.8000030517578,3.730564662388393,0.019655240265570917,0.4126984126984127,0.21428571428571427,87.60204022189298,92.64054572168409,93.62428729530087,63.4584013050571,-0.776782077728484,0.06555004356306426,2.320801860649894,-1.8227722890749263,15.047643358846834,0.16764072278315045,0.018076546201647448,1.4154649014433254,0.06713282243449421,0.037181162091089424,47.3779420099345,33.0,29.0,0.02498620340727653,1.010606144454237,0.0034945908413137605,0.045211778619073995,0.00674157859556625,0.01913504724891561,-0.029999464261860065,-0.08675359005170724,222.0,0.0625577228036002,0.7314074659677892,1.8618733479125174,1.1436546044365439,0.8258643353267635,0.6333333333333333,0.5157894736842106,0.8157894736842105,0.10538616905749154,False,0,[],,,,,,,,,,,,,,,,,,"{""indicator_details"": {}, ""regime_green"": true}",-0.02156075,"['healthy 200d sector breadth', 'improving 10d RS vs group ETF', 'dollar volume ratio 20 60']","healthy 200d sector breadth, improving 10d RS vs group ETF, dollar volume ratio 20 60",0.25981308411214954
2026-08-31,MTB,Financials,Regional Banks,XLF,SPY,True,199908914.98068237,233.94000244140625,4.034646170479911,0.017246499651082322,0.1111111111111111,0.09126984126984126,76.46176511995186,85.26619376617727,87.0983899326201,44.69820554649266,-3.415957703137579,-1.4146779979280382,2.530126597703884,-7.70603243231745,-27.42893381781053,0.10547210962678055,0.06578588811574604,2.265287558719709,0.06464609493492059,-0.04340250954084437,21.548993071109294,34.0,33.0,-0.005507756110129991,1.640463594501367,-0.01069424996422097,-0.05870517204986203,0.004018831576291615,0.01495632777848812,-0.08599333764120642,-0.08599333764120642,10.0,0.09828573433999198,1.0109060587938414,1.6446497385919407,1.9247788152063248,0.8034620625717643,0.95,0.5157894736842106,0.8157894736842105,0.10538616905749154,False,0,[],,,,,,,,,,,,,,,,,,"{""indicator_details"": {}, ""regime_green"": true}",-0.0037444518,"['active price discovery', 'healthy 200d sector breadth', 'holding above earnings close']","active price discovery, healthy 200d sector breadth, holding above earnings close",0.43728813559322033
2026-08-31,MTG,Financials,Reinsurance,XLF,SPY,True,39634336.39238262,30.649999618530273,0.3959429604666574,0.012918204417440826,0.003968253968253968,0.003968253968253968,93.38920304151418,96.17841714942654,96.70606464237513,76.83523654159869,3.7941410394821276,2.793470847958403,4.465552664578581,8.946075987401471,11.798561724972771,0.22306465569502265,0.13016219284883546,1.8285971667582284,0.10542667498650397,0.0372776836170321,55.99997558597475,42.0,23.0,-0.004578135709539577,1.395472496267693,-0.007337367511891957,0.0022890678547697885,0.0037951332859610777,0.015957473431378266,-0.028218176003885764,-0.028218176003885764,9.0,0.0529127356320551,0.6668249011909844,1.2252127073670702,1.5100362048687057,0.8447734314592139,0.9666666666666667,0.5157894736842106,0.8157894736842105,0.10538616905749154,False,0,[],,,,,,,,,,,,,,,,,,"{""indicator_details"": {}, ""regime_green"": true}",-0.0051701707,"['active price discovery', 'days since 52w high', 'healthy 200d sector breadth']","active price discovery, days since 52w high, healthy 200d sector breadth",0.43728813559322033
2026-08-31,NDAQ,Financials,Financial Exchanges & Data,XLF,SPY,True,251116720.48098755,98.61000061035156,1.8189288548060827,0.018445683435226963,0.2896825396825397,0.04365079365079365,65.49635637056272,77.17815643764797,79.77758878610939,32.21859706362154,-2.8483808402466053,-0.7936248645288515,4.899450605408418,-5.8417126348299675,5.405231130451202,0.062493300337564284,0.1194233705278962,1.5813554032929806,0.09324574838801945,0.07796881974473718,72.52200033887175,38.0,27.0,0.02370735691003656,1.175115594264095,-0.023147194852056963,0.09057733474074658,0.0048950425461323,0.01670213965991253,-0.023373284954142037,-0.031240792578583143,155.0,0.08348533721939319,0.8265817832762195,1.384241265322812,1.0078334247626288,0.6776941750942612,0.55,0.5157894736842106,0.8157894736842105,0.10538616905749154,False,0,[],,,,,,,,,,,,,,,,,,"{""indicator_details"": {}, ""regime_green"": true}",-0.0071479934,"['active price discovery', 'dollar volume ratio 20 60', 'healthy 200d sector breadth']","active price discovery, dollar volume ratio 20 60, healthy 200d sector breadth",0.41847826086956524
2026-08-31,NLY,Financials,Mortgage REITs,XLF,SPY,True,134488508.53254032,22.920000076293945,0.3085071018763951,0.013460170194130261,0.05555555555555555,0.19047619047619047,66.35488621612556,77.84434213729179,80.38717796518326,33.3605220228385,-1.564008074569557,0.21127939996861755,5.879775261996002,-4.210790120600784,3.2871723895866687,0.0655508987637703,-0.012494572150703709,1.6939538860888137,0.01722108490550696,0.0023571993241245227,44.954131651129316,37.0,29.0,0.004845757678674456,0.8051421419666771,-0.02853492714464223,0.011920550212406233,0.003334454257863362,0.034125227697470936,-0.04140526045320392,-0.06525286915168571,148.0,0.06503336458156511,0.8176969835838812,1.054117847736909,1.3358545496426928,0.7762206708772434,0.7833333333333333,0.5157894736842106,0.8157894736842105,0.10538616905749154,False,0,[],,,,,,,,,,,,,,,,,,"{""indicator_details"": {}, ""regime_green"": true}",-0.009388326,"['active price discovery', 'strong 126d momentum', 'supportive earnings volume']","active price discovery, strong 126d momentum, supportive earnings volume",0.41847826086956524
2026-08-31,NTRS,Financials,Asset Management & Custody Banks,XLF,SPY,True,175260443.60863495,185.55999755859375,3.2865077427455356,0.017711294384490196,0.1111111111111111,0.1111111111111111,75.73904742873749,84.75992576714172,86.64521752076395,43.1484502446982,0.5535674719387629,1.517710610681874,5.939625977921551,-2.735820333948901,-13.086268581707671,0.1022929879726222,0.2776974662088154,0.8614805931124849,0.17942256680107238,0.01366944946487453,45.09717362118328,37.0,28.0,-0.01983139639771858,3.121327908462661,-0.0532881335523081,0.03862080910696708,0.003647936930520501,0.0200380709597732,-0.042863763180943204,-0.042863763180943204,10.0,0.06451495875856869,0.883871416391993,0.9972717058618419,0.8032979259621034,0.9212253769539064,0.23333333333333334,0.5157894736842106,0.8157894736842105,0.10538616905749154,False,0,[],,,,,,,,,,,,,,,,,,"{""indicator_details"": {}, ""regime_green"": true}",-0.002991535,"['active price discovery', 'healthy 200d sector breadth', 'dollar volume ratio 20 60']","active price discovery, healthy 200d sector breadth, dollar volume ratio 20 60",0.43728813559322033
2026-08-31,ONB,Financials,Regional Banks,XLF,SPY,True,86369682.51106071,25.579999923706055,0.4167071751185826,0.016290350913269653,0.031746031746031744,0.003968253968253968,73.9203689250694,83.4698925418543,85.48744532217844,40.94616639477977,8.070518992137323,7.501038468780976,12.795010667406459,5.086345693883281,-12.76206506406293,0.09456563992768552,0.08619960732104404,0.9668878780344978,0.06574005586126497,-0.027638926115248454,22.844841406537114,37.0,28.0,0.0,1.2142238849399785,-0.04209369075315694,-0.030693424959308935,0.0037022180278110605,0.03972762513375977,-0.06505504875155,-0.06505504875155,19.0,0.07716141463694857,0.9250746509073446,1.0626276766409524,0.7137413289540718,0.7539257918114531,0.16666666666666666,0.5157894736842106,0.8157894736842105,0.10538616905749154,False,0,[],,,,,,,,,,,,,,,,,,"{""indicator_details"": {}, ""regime_green"": true}",-0.0009693365,"['active price discovery', 'healthy 200d sector breadth', 'dollar volume ratio 20 60']","active price discovery, healthy 200d sector breadth, dollar volume ratio 20 60",0.43728813559322033
2026-08-31,ORI,Financials,Property & Casualty Insurance,XLF,SPY,True,37587344.261888504,41.72999954223633,0.6325713566371373,0.015158671545080911,0.04365079365079365,0.011904761904761904,83.04030767305917,89.71503633759686,91.05206104135694,54.32300163132137,20.013388747586035,16.067394735966445,20.87308411060951,21.397166260498217,23.76065444305731,0.1382978645915658,-0.031337099151309555,2.120927415673148,0.003749314310940565,-0.00712595742189561,39.32924028093893,38.0,28.0,-0.0011915929016083071,0.7598361560378611,-0.01723532893567492,0.0031250257904722467,0.005175339754210195,0.024038462420187087,-0.050079689225047685,-0.10757055089500589,169.0,0.05957552521095387,0.7121875354871173,1.3766809595663592,1.6017377639685577,0.7050751815955731,0.9166666666666666,0.5157894736842106,0.8157894736842105,0.10538616905749154,False,0,[],,,,,,,,,,,,,,,,,,"{""indicator_details"": {}, ""regime_green"": true}",-0.0042458503,"['supportive distance above 200d', 'strong 126d momentum', 'active price discovery']","supportive distance above 200d, strong 126d momentum, active price discovery",0.43728813559322033
2026-08-31,PAYO,Financials,Transaction & Payment Processing Services,XLF,SPY,True,23918321.931098223,7.110000133514404,0.032857145581926615,0.004621258082267524,0.05952380952380952,0.003968253968253968,97.65044316877808,98.66741781540956,98.85549742635331,89.55954323001632,-1.7965376637187802,-0.9945336586473275,-0.7433046871190783,-3.8389897773186448,-6.283977552379767,0.30939233117615017,0.5524018017365202,0.7308559364529831,0.22530215067057835,4.221159397899127e-05,56.25001862652476,47.0,17.0,0.0,0.45108853614546723,-0.008356538191369944,-0.002105244419030927,0.0007383319201247574,0.010494778239983345,-0.009749261350667227,-0.009749261350667227,24.0,0.01994300097805958,0.8881518978494921,0.43250013310039526,0.6392982543441004,0.5218297635717497,0.31666666666666665,0.5157894736842106,0.8157894736842105,0.10538616905749154,False,0,[],,,,,,,,,,,,,,,,,,"{""indicator_details"": {}, ""regime_green"": true}",0.027389292,"['supportive 126d momentum', 'active price discovery', 'supportive earnings volume']","supportive 126d momentum, active price discovery, supportive earnings volume",0.6583333333333333
2026-08-31,PB,Financials,Regional Banks,XLF,SPY,True,52493752.3026886,71.55999755859375,1.1173580714634486,0.015614283252994092,0.03968253968253968,0.023809523809523808,65.23322492546761,76.97279121444248,79.5894288021907,32.05546492659054,6.249880007900018,6.756068113223677,13.087562753770968,2.6341120333550023,-8.612831731926171,0.06156347234879411,0.00916646259929177,1.6940428451253495,0.014741078099279138,-0.022217402228307707,33.69905768678848,47.0,23.0,-0.008837545872316221,0.9520393316555674,-0.027999979654947937,-0.03596936114230209,0.0053530601922065265,0.016962791850824607,-0.0567455404520838,-0.07305698980052688,137.0,0.06090051178075141,0.8556438848411081,1.2787417945176056,1.160293568636243,0.6886863605119833,0.75,0.5157894736842106,0.8157894736842105,0.10538616905749154,False,0,[],,,,,,,,,,,,,,,,,,"{""indicator_details"": {}, ""regime_green"": true}",-0.013869349,"['strong 126d momentum', 'healthy 200d sector breadth', 'active price discovery']","strong 126d momentum, healthy 200d sector breadth, active price discovery",0.3860759493670886
2026-08-31,PFG,Financials,Life & Health Insurance,XLF,SPY,True,109074075.3782196,110.16000366210938,1.8560921805245536,0.016849056997289977,0.05555555555555555,0.003968253968253968,67.73648153546802,78.90413411065283,81.35447025661024,34.257748776508976,1.6121782968635472,2.712746688807698,8.419971311726002,-1.7650711093915916,-7.714541362040329,0.07055395557408817,0.14953565227221888,2.3772925578398327,0.12082270569979503,-0.014992360911528666,36.89499581254119,40.0,25.0,0.006489936696250531,1.6986901691978045,-0.041688432131556485,-0.010153627856249847,0.00435444380294483,0.03186188867575413,-0.05531255393604395,-0.05531255393604395,17.0,0.06009091463955966,0.8310678925416015,1.0528479320441873,1.642281908046934,0.6996164604966821,0.8833333333333333,0.5157894736842106,0.8157894736842105,0.10538616905749154,False,0,[],,,,,,,,,,,,,,,,,,"{""indicator_details"": {}, ""regime_green"": true}",-0.00268514,"['limited recent downside gap risk', 'active price discovery', 'healthy 200d sector breadth']","limited recent downside gap risk, active price discovery, healthy 200d sector breadth",0.43728813559322033
2026-08-31,PGR,Financials,Property & Casualty Insurance,XLF,SPY,True,377539173.7999573,218.0800018310547,4.7596435546875,0.02182521787749602,0.36904761904761907,0.6190476190476191,81.88102762269368,88.95130223969828,90.3769614313732,52.039151712887445,4.490968279353325,4.07629411250214,7.84328076600157,2.9763970266608766,33.53874421492493,0.1318835516873169,0.021882751927315036,0.9374877915217034,0.03511785940261444,0.004931124567286618,56.53660905604807,32.0,33.0,-0.09153634311365,2.0308731831010856,-0.13100509637679936,0.06266446025658734,0.006618206394745746,0.09153634311365,-0.029591038236599143,-0.12708641783331798,248.0,0.10606360777926409,0.9131482639550483,1.3386598280449333,0.6698587774601596,0.6844349138801867,0.3,0.5157894736842106,0.8157894736842105,0.10538616905749154,False,0,[],,,,,,,,,,,,,,,,,,"{""indicator_details"": {}, ""regime_green"": true}",-0.014834447,"['limited recent downside gap risk', 'earnings breakout open', 'healthy 200d sector breadth']","limited recent downside gap risk, earnings breakout open, healthy 200d sector breadth",0.3860759493670886
2026-08-31,PJT,Financials,Investment Banking & Brokerage,XLF,SPY,True,44573364.93787384,180.38999938964844,5.299571446010044,0.029378410465886153,0.32936507936507936,0.6587301587301587,85.70453367621892,91.43881964223517,92.57031368279031,59.70636215334421,7.3583999176633625,5.865242139290714,9.251178843049729,9.176614802080962,25.639532487492538,0.15449599609374998,0.21893366236803735,1.311394559566898,0.12084761436734565,0.08118377112772636,55.68979237745215,46.0,24.0,-0.010010676271092644,1.7337943748185796,-0.052309211920363086,0.041332354896381984,0.006434635912471004,0.029781705892086976,-0.014343086680077222,-0.07785500515126498,152.0,0.10193570756780232,0.8636979732629811,1.490793190280878,1.047984748083746,0.828132815159579,0.6833333333333333,0.5157894736842106,0.8157894736842105,0.10538616905749154,False,0,[],,,,,,,,,,,,,,,,,,"{""indicator_details"": {}, ""regime_green"": true}",-0.012520591,"['healthy 200d sector breadth', 'dollar volume ratio 20 60', 'active price discovery']","healthy 200d sector breadth, dollar volume ratio 20 60, active price discovery",0.3860759493670886
2026-08-31,PLMR,Financials,Property & Casualty Insurance,XLF,SPY,True,28000256.469596863,132.57000732421875,3.7632827758789062,0.02838713561111349,0.10714285714285714,0.3253968253968254,94.33344387100708,96.7381805012096,97.1907986505917,79.20065252854812,8.465418136658286,5.860965652357464,7.842381796973157,17.749959782011857,39.021353425043635,0.2361992723333206,0.04715646857861544,0.9071035623628343,0.059889358033304065,0.000726988941849711,51.444049829634565,48.0,19.0,-0.003442980291670783,0.6076070981404316,-0.07844467019431856,-0.026008326135174453,0.007371967198831491,0.0202925553212503,-0.04336841122402946,-0.10195087583508844,38.0,0.12119743965911174,0.8408358491739268,0.6820349551448482,0.7035420971287055,0.7973946945220446,0.3,0.5157894736842106,0.8157894736842105,0.10538616905749154,False,0,[],,,,,,,,,,,,,,,,,,"{""indicator_details"": {}, ""regime_green"": true}",-0.012763606,"['earnings breakout open', 'healthy 200d sector breadth', 'improving 10d RS vs group ETF']","earnings breakout open, healthy 200d sector breadth, improving 10d RS vs group ETF",0.3860759493670886
2026-08-31,PNC,Financials,Diversified Banks,XLF,SPY,True,324174980.18029785,239.6300048828125,4.195868355887277,0.017509778702125403,0.2261904761904762,0.12698412698412698,77.25466721042311,85.81752408928743,87.59113810912301,46.32952691680261,2.3190752432773394,2.7623490084140627,7.094265495096266,0.852754300665687,-16.995656457280518,0.10903872245091994,0.11856420511522359,1.2929947127415389,0.07201943354520654,-0.03877740669687607,22.659221299647456,33.0,33.0,-0.015514629546350633,0.956104456354943,-0.018017558752404073,-0.05713157333218699,0.004166268763407694,0.01551462954635068,-0.07464468338777652,-0.07464468338777652,10.0,0.08278929736354057,1.1033654592732465,1.8644296475394782,0.9727788806535337,0.6847596519904469,0.45,0.5157894736842106,0.8157894736842105,0.10538616905749154,False,0,[],,,,,,,,,,,,,,,,,,"{""indicator_details"": {}, ""regime_green"": true}",-0.009732277,"['active price discovery', 'healthy 200d sector breadth', 'holding above earnings close']","active price discovery, healthy 200d sector breadth, holding above earnings close",0.41847826086956524
2026-08-31,PNFP,Financials,Regional Banks,XLF,SPY,True,88288840.07500458,99.97000122070312,1.9771439688546317,0.01977737265892099,0.07936507936507936,0.07936507936507936,60.582291476130635,73.24828436852818,76.15704938184557,28.466557911908648,4.605738173054668,5.667484411996,12.449948939726362,1.1641944237260908,-19.61820166429347,0.045601930577537475,0.07877417930287733,1.375161049832045,0.03742393771851784,-0.020956815988527253,28.57146117913713,32.0,29.0,-0.0007042222711233226,1.3108865361009907,-0.04329395857751195,0.03285463658535459,0.0037706935115704777,0.016536571489918245,-0.0939001218020058,-0.0939001218020058,19.0,0.11320755878929184,0.8171056069927277,1.3222211870317027,1.0040957087814284,0.692533010265047,0.5,0.5157894736842106,0.8157894736842105,0.10538616905749154,False,0,[],,,,,,,,,,,,,,,,,,"{""indicator_details"": {}, ""regime_green"": true}",-0.0009242232,"['active price discovery', 'strong earnings volume', 'healthy 200d sector breadth']","active price discovery, strong earnings volume, healthy 200d sector breadth",0.43728813559322033
2026-08-31,PRI,Financials,Life & Health Insurance,XLF,SPY,True,43110014.12701416,287.6499938964844,6.070360456194196,0.021103287276198295,0.36904761904761907,0.3412698412698413,69.99867204330238,80.60746998660048,82.90282948768215,36.460032626427406,5.318069858018617,5.592861583762485,11.246202717231853,1.7412062205594339,-7.1422493621626515,0.07899770376942872,0.11388632579879387,1.2320906646768799,0.051780867440671084,-0.05577971197525403,22.614377694388224,47.0,18.0,0.003991889220853473,0.9871382359655584,-0.022522479614162316,-0.10274806705661721,0.005122097608706189,0.017801937682271556,-0.11654050947329464,-0.11974393916131643,21.0,0.13413482696284013,0.9704059825874165,1.3541475318668263,1.1642784048934967,0.8997991082749337,0.6333333333333333,0.5157894736842106,0.8157894736842105,0.10538616905749154,False,0,[],,,,,,,,,,,,,,,,,,"{""indicator_details"": {}, ""regime_green"": true}",-0.00917947,"['healthy 200d sector breadth', 'active price discovery', 'supportive distance above 20d high']","healthy 200d sector breadth, active price discovery, supportive distance above 20d high",0.41847826086956524
2026-08-31,PRU,Financials,Life & Health Insurance,XLF,SPY,True,155220739.46577072,117.5999984741211,2.095179966517857,0.01781615640904043,0.2222222222222222,0.23809523809523808,87.95403580322058,92.86114844965769,93.8173699269924,64.35562805872756,0.6502105490034467,1.0087743934260516,3.3475138178211807,0.7044463146362858,-5.652521900522643,0.17026570777269723,0.1765883148052394,1.6989665878057745,0.09193179341101837,-0.0038046302757877883,34.20347908504475,42.0,19.0,-0.016913333666268904,1.080139078247026,-0.029461332406969576,-0.04808161241206266,0.004489359990762126,0.0169133336662689,-0.07923584912197446,-0.07923584912197446,18.0,0.08623914978516617,0.877314563058946,1.1262599203869212,1.675737418770951,0.97215425874324,0.95,0.5157894736842106,0.8157894736842105,0.10538616905749154,False,0,[],,,,,,,,,,,,,,,,,,"{""indicator_details"": {}, ""regime_green"": true}",-0.011307544,"['active price discovery', 'healthy 200d sector breadth', 'days since 52w high']","active price discovery, healthy 200d sector breadth, days since 52w high",0.41847826086956524
2026-08-31,PYPL,Financials,Transaction & Payment Processing Services,XLF,SPY,True,597905778.4611053,52.665000915527344,2.0157149178641185,0.03827427860672116,0.7817460317460317,0.8412698412698413,87.29638881069525,92.44840256277263,93.4560137303983,62.72430668841762,-11.74014263814557,-6.961703764044401,-5.844227475646633,-29.37023283888474,-25.132254028778796,0.16541275760075713,0.15417487799113694,1.777503663133325,0.028558563976621078,-0.02455060173702363,31.18503288094746,41.0,24.0,0.012306021588451621,1.1305809567691505,-0.015779432569882346,-0.09696500015240472,0.013095357828082483,0.12567109379227692,-0.16044952495069265,-0.3351637524429666,210.0,0.2082049644554255,1.0879056329631636,1.6046333997094,1.3326649020076082,0.8253713105203808,0.8166666666666667,0.5157894736842106,0.8157894736842105,0.10538616905749154,False,0,[],,,,,,,,,,,,,,,,,,"{""indicator_details"": {}, ""regime_green"": true}",-0.0018036667,"['limited recent downside gap risk', 'distance from 52w high', 'supportive distance above 20d high']","limited recent downside gap risk, distance from 52w high, supportive distance above 20d high",0.43728813559322033
2026-08-31,RDN,Financials,Property & Casualty Insurance,XLF,SPY,True,31654524.132505417,35.86000061035156,0.5841356004987445,0.016289336044520993,0.09126984126984126,0.75,65.14734640861145,76.90564478661442,79.5278830650155,31.97389885807504,19.341432094101556,18.822098909418635,25.677899060584515,10.865504400047328,15.75547995016958,0.06126071733466576,0.02603719106000879,1.715088276243999,0.012630362993429385,-0.04630955022017166,42.603544285511134,46.0,18.0,-0.004793103673926935,1.187198215627371,-0.013256597933098191,-0.08450338813694347,0.006875378463555781,0.05233595437555633,-0.10035122776594263,-0.10305150022656329,23.0,0.1112354592200916,0.8510749549057587,1.0626332563976584,1.521400963387308,0.8292566340728665,0.9,0.5157894736842106,0.8157894736842105,0.10538616905749154,False,0,[],,,,,,,,,,,,,,,,,,"{""indicator_details"": {}, ""regime_green"": true}",0.014203036,"['limited recent downside gap risk', 'strong 126d momentum', 'holding above earnings close']","limited recent downside gap risk, strong 126d momentum, holding above earnings close",0.5800865800865801
2026-08-31,RF,Financials,Regional Banks,XLF,SPY,True,210429671.1563902,29.8799991607666,0.5191428320748466,0.01737425858955504,0.0992063492063492,0.051587301587301584,73.51799945962277,83.18133564547507,85.22787477064156,40.29363784665579,1.2312185820282622,2.1339165287570125,6.962560470793164,-1.7601518843955546,-21.15705489988047,0.09290413291889776,0.06828744706118628,1.4054587707788986,0.05367648517252521,-0.031307409191232635,23.780489932347322,34.0,31.0,-0.014814858857385205,1.9843704649916525,-0.016938747266153298,-0.055924185753461475,0.004540823571976327,0.01563522598228763,-0.07449282013356695,-0.07976599823116481,32.0,0.08193339054507931,0.9767144977617747,1.2509460392287413,1.1280207701213707,0.7621990997379696,0.5833333333333334,0.5157894736842106,0.8157894736842105,0.10538616905749154,False,0,[],,,,,,,,,,,,,,,,,,"{""indicator_details"": {}, ""regime_green"": true}",-0.0055678072,"['active price discovery', 'healthy 200d sector breadth', 'holding above earnings close']","active price discovery, healthy 200d sector breadth, holding above earnings close",0.41847826086956524
2026-08-31,RGA,Financials,Reinsurance,XLF,SPY,True,62136178.06625366,246.0399932861328,4.337441580636161,0.017629010319439906,0.04365079365079365,0.4365079365079365,94.46475594285087,96.81564828544995,97.25782152628908,79.7716150081566,12.082568840094666,8.35472879395708,10.67085853903464,23.536896181750727,21.499406369199797,0.23818622602342576,0.13398161912650552,1.1758618231838096,0.15824228200487503,0.046878909022498125,52.78110721619396,43.0,17.0,0.012141446221774599,0.2532902327406547,-0.02346938775510199,0.03680917334211253,0.006768582188894551,0.02553861039723463,-0.019732855316266007,-0.019732855316266007,11.0,0.07995694633037323,0.9750388463902795,0.8399214501407664,1.076550003861166,0.9352293936479243,0.6,0.5157894736842106,0.8157894736842105,0.10538616905749154,False,0,[],,,,,,,,,,,,,,,,,,"{""indicator_details"": {}, ""regime_green"": true}",-0.009105671,"['improving RS vs group ETF', 'healthy 200d sector breadth', 'improving 10d RS vs group ETF']","improving RS vs group ETF, healthy 200d sector breadth, improving 10d RS vs group ETF",0.41847826086956524
2026-08-31,RJF,Financials,Investment Banking & Brokerage,XLF,SPY,True,129722136.80114746,178.1699981689453,3.5422276088169644,0.019881167678175167,0.17857142857142858,0.17063492063492064,93.29475033666185,96.12216097713132,96.65730582856862,76.4274061990212,7.69418640587692,5.427878120132732,7.5188128113357635,15.628710192501238,21.904178815158126,0.22184878082469872,0.1538013228961186,1.7106782073583953,0.11343843597534062,0.044710821169393386,46.028316288089734,42.0,28.0,-0.0028583085123202734,0.8907429519608282,-0.028768671240143706,0.060472614691359894,0.003512874475609662,0.013435467414841884,-0.024954838642873733,-0.024954838642873733,17.0,0.08169066270098914,0.9498796215727793,1.9944081329469532,1.223089229983256,0.7270601299443797,0.7166666666666667,0.5157894736842106,0.8157894736842105,0.10538616905749154,False,0,[],,,,,,,,,,,,,,,,,,"{""indicator_details"": {}, ""regime_green"": true}",-0.0041536717,"['active price discovery', 'improving RS vs group ETF', 'improving 10d RS vs group ETF']","active price discovery, improving RS vs group ETF, improving 10d RS vs group ETF",0.43728813559322033
2026-08-31,RLI,Financials,Property & Casualty Insurance,XLF,SPY,True,34437109.048784256,63.470001220703125,1.3137506757463728,0.020698765566083584,0.29365079365079366,0.4801587301587302,95.39032840568605,97.35910745485224,97.72758820165933,82.46329526916803,-0.06583000923795623,0.18067339545731897,1.060722457160665,1.4527003221427748,11.477150199893373,0.25360457992709806,0.010990800490964459,1.0935680732535085,0.07073075155530159,0.028765578541567135,47.896162387911275,35.0,28.0,-0.002657804740604064,0.9314431492312195,-0.051500763994078436,0.07594506551559688,0.007722431482414827,0.033734558770036616,-0.05268654894472946,-0.07058133885202922,246.0,0.11890445565933709,0.6532266138311579,1.2928488400234357,0.7497763180471493,0.6804802856975206,0.3,0.5157894736842106,0.8157894736842105,0.10538616905749154,False,0,[],,,,,,,,,,,,,,,,,,"{""indicator_details"": {}, ""regime_green"": true}",-0.017673198,"['healthy 200d sector breadth', 'improving 10d RS vs group ETF', 'dollar volume ratio 20 60']","healthy 200d sector breadth, improving 10d RS vs group ETF, dollar volume ratio 20 60",0.3153846153846154
2026-08-31,RNR,Financials,Reinsurance,XLF,SPY,True,69261368.23457336,327.6400146484375,5.631419590541294,0.01718782608584574,0.07539682539682539,0.023809523809523808,89.15974188373495,93.61136738366818,94.47308085390543,66.96574225122349,13.51823715348904,10.02885813282559,13.387389117116811,20.429474932560083,35.91439750794721,0.1797919582646199,0.06712704280064763,1.4656711410171863,0.10412235623467915,0.021111346512614662,64.99464625357089,46.0,28.0,0.004358907554673275,0.8237996537141231,-0.021209517239463516,0.024867878714750713,0.005145564019416576,0.02197506479019881,-0.022466206634324748,-0.024793840348839802,23.0,0.06987364253617363,0.7851617380275235,1.2939302076421064,1.039995957485346,0.6886950489865465,0.5833333333333334,0.5157894736842106,0.8157894736842105,0.10538616905749154,False,0,[],,,,,,,,,,,,,,,,,,"{""indicator_details"": {}, ""regime_green"": true}",-0.004258336,"['improving RS vs group ETF', 'active price discovery', 'improving 10d RS vs group ETF']","improving RS vs group ETF, active price discovery, improving 10d RS vs group ETF",0.43728813559322033
2026-08-31,RYAN,Financials,Insurance Brokers,XLF,SPY,True,55374764.90337372,42.18000030517578,1.3896424429757255,0.032945529467082686,0.3888888888888889,0.2619047619047619,96.38742605890782,97.93954586180175,98.2285123021738,85.72593800978792,-2.077331929378147,-1.118377302673295,-0.6546900485784732,-4.575610482469614,2.107356102697466,0.273935352691856,0.048992819337413396,1.7507816212740759,0.003957990423569393,0.012348359751486567,50.056765828616555,43.0,22.0,-0.028399305245791484,1.1598190866841611,-0.035454930761044334,-0.043320477223904086,0.00890078047471099,0.0283993052457915,-0.07964218590551408,-0.2873194335311656,225.0,0.11698764792992931,0.7232770250260301,0.8387442812020391,1.1810397366945344,0.6677267920382719,0.6333333333333333,0.5157894736842106,0.8157894736842105,0.10538616905749154,False,0,[],,,,,,,,,,,,,,,,,,"{""indicator_details"": {}, ""regime_green"": true}",-0.019570373,"['holding above earnings close', 'healthy 200d sector breadth', 'supportive distance from 52w high']","holding above earnings close, healthy 200d sector breadth, supportive distance from 52w high",0.25981308411214954
2026-08-31,SBCF,Financials,Regional Banks,XLF,SPY,True,28334535.699914932,33.95500183105469,0.5474286760602679,0.0161221807256567,0.007936507936507936,0.015873015873015872,83.76672043946152,90.18933503587428,91.47056382888252,55.791190864600324,5.530545076535105,4.695810457396178,8.241540175017548,5.505942290843187,-9.408483137029663,0.14249672326867202,0.06043102266170797,0.8823068423078025,0.05364094440542303,0.0009669720370687997,31.647246837165355,40.0,24.0,0.0036080202236312697,0.8462326572826996,-0.035399465115609985,0.00906390167445359,0.0033117568269785238,0.029650029937152943,-0.06382681548087643,-0.06382681548087643,10.0,0.07498514088431553,0.7345155147714744,1.1231114303729237,0.662694801896402,0.7978159895305127,0.16666666666666666,0.5157894736842106,0.8157894736842105,0.10538616905749154,False,0,[],,,,,,,,,,,,,,,,,,"{""indicator_details"": {}, ""regime_green"": true}",-0.007955005,"['active price discovery', 'healthy 200d sector breadth', 'dollar volume ratio 20 60']","active price discovery, healthy 200d sector breadth, dollar volume ratio 20 60",0.41847826086956524
2026-08-31,SCHW,Financials,Investment Banking & Brokerage,XLF,SPY,True,581984606.5322838,109.81999969482422,2.260406494140625,0.02058283100001827,0.31746031746031744,0.32142857142857145,94.42288744570169,96.79095782787402,97.23646167693944,79.69004893964112,-0.6484249293178976,-0.14381627747231107,0.8557876869408005,0.3094458426566007,10.904392867921473,0.23754791907270434,0.15006809248753505,0.9599751481914208,0.1303017023044886,0.05890817159645981,55.63830654995856,33.0,29.0,0.01599375243812884,1.2948914927120356,0.0020198045783117458,0.09863946279170355,0.0060165209391575825,0.035806508980729304,-0.04112458862021806,-0.04112458862021806,5.0,0.08837779269870664,0.9464237507255712,1.6564749586250258,0.8103343703301874,0.8420047737906668,0.4,0.5157894736842106,0.8157894736842105,0.10538616905749154,False,0,[],,,,,,,,,,,,,,,,,,"{""indicator_details"": {}, ""regime_green"": true}",-0.0058233645,"['active price discovery', 'days since 52w high', 'dollar volume ratio 20 60']","active price discovery, days since 52w high, dollar volume ratio 20 60",0.41847826086956524
2026-08-31,SEIC,Financials,Asset Management & Custody Banks,XLF,SPY,True,68443644.1847992,110.9800033569336,1.58770751953125,0.01430624861692308,0.011904761904761904,0.011904761904761904,95.55045130504116,97.45266852549781,97.80838866592657,82.95269168026101,3.1855665233232884,2.2527263086924023,3.4578743715909326,9.277060058419124,28.510963888899973,0.25656707133613477,0.347826187670883,1.2528182869131559,0.25945635189437155,0.10419513629432235,82.13564253678787,37.0,29.0,0.0,1.2338719474807205,-0.013648319643791429,0.13650795312606334,0.003962560528468784,0.01185414426637594,-0.010432440062654202,-0.010432440062654202,1.0,0.0821330817437274,0.7146380279907614,1.4031322725669038,1.0743269160480626,0.9371935578928778,0.7166666666666667,0.5157894736842106,0.8157894736842105,0.10538616905749154,False,0,[],,,,,,,,,,,,,,,,,,"{""indicator_details"": {}, ""regime_green"": true}",-0.0013891162,"['active price discovery', 'days since 52w high', 'dollar volume ratio 20 60']","active price discovery, days since 52w high, dollar volume ratio 20 60",0.43728813559322033
2026-08-31,SF,Financials,Investment Banking & Brokerage,XLF,SPY,True,65216208.231536865,80.77999877929688,1.6076790945870536,0.019901945022052735,0.09523809523809523,0.06746031746031746,87.26021500484045,92.4256263262469,93.4360607566408,62.64274061990211,11.956811376891778,9.095285938237026,12.632080626124704,16.676970448752968,19.20345781631613,0.16515212239780208,0.06894269029393008,1.0252627872094962,0.02685655995607986,0.022096921321277573,34.60883465561011,37.0,28.0,0.01005023544855943,1.3129276104046386,-0.009163856331886544,0.018534879157159123,0.004448989228279793,0.029501034650343202,-0.06276834329813608,-0.10071250809320831,164.0,0.09754238865630553,0.9543224474722064,1.6081904214793605,0.7625664263183757,0.7695553906158537,0.3,0.5157894736842106,0.8157894736842105,0.10538616905749154,False,0,[],,,,,,,,,,,,,,,,,,"{""indicator_details"": {}, ""regime_green"": true}",0.0002849605,"['improving RS vs group ETF', 'strong earnings volume', 'active price discovery']","improving RS vs group ETF, strong earnings volume, active price discovery",0.43728813559322033
2026-08-31,SFNC,Financials,Regional Banks,XLF,SPY,True,24313576.519023895,22.579999923706055,0.36353560856410433,0.016099894144925988,0.03571428571428571,0.003968253968253968,68.31562465822098,79.34394428764095,81.75500779425667,34.99184339314845,2.482293174971673,3.388501308885978,9.077155099539112,-0.7864777152460078,-20.67237828574315,0.07268412076480235,0.10903729110036409,0.9829118948912507,0.08170902856129068,-0.023690007414231405,23.708890128616247,33.0,32.0,0.0,2.45532629775456,-0.007264960643816543,-0.028817207582535254,0.003995498676939824,0.04559137487924227,-0.07116411272077605,-0.07116411272077605,17.0,0.08333328375133649,0.9402203022417421,0.8269052529832228,0.739477143387184,0.7368680125401972,0.26666666666666666,0.5157894736842106,0.8157894736842105,0.10538616905749154,False,0,[],,,,,,,,,,,,,,,,,,"{""indicator_details"": {}, ""regime_green"": true}",-0.002384376,"['active price discovery', 'healthy 200d sector breadth', 'limited recent downside gap risk']","active price discovery, healthy 200d sector breadth, limited recent downside gap risk",0.43728813559322033
2026-08-31,SIGI,Financials,Property & Casualty Insurance,XLF,SPY,True,32934725.712982178,91.29000091552734,1.970456804547991,0.021584585220579617,0.23015873015873015,0.023809523809523808,64.79794544897386,76.63183932998294,79.2767893659653,31.72920065252855,15.551883433811277,15.23076872724316,22.020790493945874,8.583316381949903,8.420317196945831,0.060032489596622884,0.07577186258459001,1.1274954169986788,0.06312208215456329,-0.0392933093725865,37.2659031551997,37.0,27.0,-0.008846778288115753,1.403434138566877,-0.05149400488418021,-0.06646896348446518,0.004998925318978003,0.02043958351781224,-0.06742260205610973,-0.09073705649300601,40.0,0.10149652711036197,0.7100334195817236,1.0542001146086897,0.6935963470456797,0.5985259470763524,0.3333333333333333,0.5157894736842106,0.8157894736842105,0.10538616905749154,False,0,[],,,,,,,,,,,,,,,,,,"{""indicator_details"": {}, ""regime_green"": true}",0.0047003087,"['active price discovery', 'holding above earnings close', 'dollar volume ratio 20 60']","active price discovery, holding above earnings close, dollar volume ratio 20 60",0.5416666666666666
2026-08-31,SLM,Financials,Consumer Finance,XLF,SPY,True,52380664.43534088,25.969999313354492,0.6652857916695731,0.025617474365024907,0.11904761904761904,0.15079365079365079,88.8480357572227,93.41821620227815,94.30439722365857,66.721044045677,0.09602598528805117,0.5938429164664427,2.712707780875931,0.1358769715123742,-14.28955090134825,0.17724387770038774,0.36972576832151294,1.7768537365814985,0.05763970672576617,0.003791728178627291,39.16210761685291,38.0,27.0,-0.009119728330624466,1.9925779662268788,-0.04435945943915487,0.07402808046266052,0.0036831298391083733,0.04755995053830142,-0.08135836954956754,-0.18894444278317546,247.0,0.09658648971285821,0.8488902563151651,0.953290300741478,1.2341923033588738,0.7133905803535299,0.7333333333333333,0.5157894736842106,0.8157894736842105,0.10538616905749154,False,0,[],,,,,,,,,,,,,,,,,,"{""indicator_details"": {}, ""regime_green"": true}",-0.013158002,"['active price discovery', 'healthy 200d sector breadth', 'limited recent downside gap risk']","active price discovery, healthy 200d sector breadth, limited recent downside gap risk",0.3860759493670886
2026-08-31,SSB,Financials,Regional Banks,XLF,SPY,True,62089174.708042145,104.88999938964844,1.6437568664550781,0.015671244885308865,0.003968253968253968,0.03968253968253968,82.23798408350092,89.18736291472224,90.58578596081931,52.85481239804242,3.1922759556695297,3.106226116102846,6.6947058106578226,1.5100691217587965,-12.426361196089609,0.1338233376666358,0.05131806072820844,1.0280114131182105,0.06935951281740771,0.004680006613690165,24.321793600868986,37.0,27.0,-0.011351439812074537,1.336625065163981,-0.03172319028912729,0.035950611255787024,0.004408521726217651,0.011351439812074557,-0.06515149516417407,-0.06515149516417407,10.0,0.07204273860409348,0.8783376886613433,0.8910633738847122,0.8810442070460602,0.8758945389638684,0.43333333333333335,0.5157894736842106,0.8157894736842105,0.10538616905749154,False,0,[],,,,,,,,,,,,,,,,,,"{""indicator_details"": {}, ""regime_green"": true}",-0.0056262105,"['active price discovery', 'healthy 200d sector breadth', 'dollar volume ratio 20 60']","active price discovery, healthy 200d sector breadth, dollar volume ratio 20 60",0.41847826086956524
2026-08-31,STT,Financials,Asset Management & Custody Banks,XLF,SPY,True,221323503.81829834,191.3800048828125,3.816198076520647,0.019940422087758935,0.26587301587301587,0.25,91.14102170827404,94.82623434094324,95.53190503393336,70.71778140293638,-2.578632593009303,-1.2468142956374209,0.16129099970511618,-5.647336771472752,-5.973335141480902,0.1976970581637867,0.4782944149369699,1.6956264907492864,0.297333902199791,0.04646485581059125,57.14778610807857,32.0,32.0,0.003805170308173844,1.8315337152549647,0.0017649988174581743,0.030809011676597775,0.003947794940552562,0.022891306238120936,-0.023222518057752994,-0.023222518057752994,2.0,0.07665676049980878,0.8912116918470255,1.220128703095358,1.041605807209541,0.6019283779733341,0.5666666666666667,0.5157894736842106,0.8157894736842105,0.10538616905749154,False,0,[],,,,,,,,,,,,,,,,,,"{""indicator_details"": {}, ""regime_green"": true}",0.002226293,"['active price discovery', 'supportive 126d momentum', 'healthy 200d sector breadth']","active price discovery, supportive 126d momentum, healthy 200d sector breadth",0.5094850948509486
2026-08-31,SYF,Financials,Consumer Finance,XLF,SPY,True,226436611.19106293,77.08000183105469,1.956777845110212,0.025386323282647453,0.376984126984127,0.30158730158730157,72.40573556551891,82.37765225374746,84.5037671297316,39.55954323001632,-3.1104668080781295,-1.1114874167124498,3.5224137836940344,-6.732225311140979,-4.368737128581891,0.08839313983628805,0.12296040962201826,1.6194855747906187,0.0277436337200681,0.005537784593867563,45.32616057135821,32.0,29.0,0.01498431302611225,2.1132408309973747,-0.0650605129361772,0.06744222141430867,0.0050360543025341434,0.019251485307971588,-0.05781684230159467,-0.13168858008427997,160.0,0.08135614141310649,0.8969125358156272,1.7415931857371063,1.4193424776799988,0.8967487291917442,0.8833333333333333,0.5157894736842106,0.8157894736842105,0.10538616905749154,False,0,[],,,,,,,,,,,,,,,,,,"{""indicator_details"": {}, ""regime_green"": true}",-0.0054725157,"['healthy 200d sector breadth', 'active price discovery', 'earnings breakout open']","healthy 200d sector breadth, active price discovery, earnings breakout open",0.41847826086956524
2026-08-31,TBBK,Financials,Regional Banks,XLF,SPY,True,21118047.050460815,65.0,1.75,0.026923076923076925,0.10317460317460317,0.003968253968253968,90.64259053738391,94.5226830790774,95.26769015024651,69.7389885807504,-0.2044152323093016,0.31233252573177595,2.0693759692468774,-0.8396585260140625,-5.9741328536424305,0.19287939067336302,0.20081283423967333,0.9766874846383296,0.052983710107744005,-0.02327608810792391,17.774600091067555,43.0,22.0,0.0038467547021410198,2.3054491872693865,-0.043153363840867875,0.0033961288182895455,0.0049802880884811055,0.017959082314399025,-0.10861215534586,-0.20391918205416937,219.0,0.14339469108997996,0.7780941764557279,0.8680650098339645,0.7170777630281854,0.7553907309757997,0.23333333333333334,0.5157894736842106,0.8157894736842105,0.10538616905749154,False,0,[],,,,,,,,,,,,,,,,,,"{""indicator_details"": {}, ""regime_green"": true}",-0.022881009,"['healthy 200d sector breadth', 'active price discovery', 'constructive ATR profile']","healthy 200d sector breadth, active price discovery, constructive ATR profile",0.25981308411214954
2026-08-31,TFC,Financials,Diversified Banks,XLF,SPY,True,251626624.85647774,49.58000183105469,0.8520001002720424,0.017184349915420692,0.18253968253968253,0.19444444444444445,64.16442644246531,76.13284694149058,78.81866495199172,31.158238172920065,6.014316638012247,6.63918405482984,13.086032814325861,2.4703816122028712,-8.939561338082385,0.05781956391994614,0.0006055014017376514,1.7643035572298527,0.0004459797912205465,-0.036351544366113576,28.902622590681645,34.0,31.0,-0.006572741298048745,1.336057993300226,-0.020823692146701878,-0.055619012741815466,0.004940206536935249,0.013823969548971473,-0.07379034258020345,-0.11779357370134169,141.0,0.07966915696578468,0.954901187857944,1.2062172710762098,1.288180654282951,0.6353733706030904,0.7,0.5157894736842106,0.8157894736842105,0.10538616905749154,False,0,[],,,,,,,,,,,,,,,,,,"{""indicator_details"": {}, ""regime_green"": true}",0.0026046287,"['supportive distance above 200d', 'active price discovery', 'healthy 200d sector breadth']","supportive distance above 200d, active price discovery, healthy 200d sector breadth",0.5094850948509486
2026-08-31,THG,Financials,Property & Casualty Insurance,XLF,SPY,True,49527008.68171692,226.11000061035156,3.9342847551618303,0.01739987061404534,0.10714285714285714,0.24206349206349206,93.2718103524196,96.10849063797362,96.64545616990645,76.2642740619902,7.791356950897651,5.4964896878868785,7.601339702028724,15.628577240474314,28.4240132632942,0.22155587873887717,0.24455091218469116,0.8771806041946129,0.1867740165027832,0.027778806364957966,59.31220180066229,42.0,24.0,0.004054297432245946,1.116281626179404,-0.021660924894367328,0.008744174736727173,0.004536970035189547,0.03149005434757738,-0.042170595929507226,-0.042170595929507226,20.0,0.07340002775731445,0.8411874130289592,1.3279208905372233,0.7319857077865924,0.8521842385362015,0.18333333333333332,0.5157894736842106,0.8157894736842105,0.10538616905749154,False,0,[],,,,,,,,,,,,,,,,,,"{""indicator_details"": {}, ""regime_green"": true}",0.0035941615,"['limited recent downside gap risk', 'improving RS vs group ETF', 'active price discovery']","limited recent downside gap risk, improving RS vs group ETF, active price discovery",0.5094850948509486
2026-08-31,TROW,Financials,Asset Management & Custody Banks,XLF,SPY,True,156678356.15665054,111.27999877929688,2.101656232561384,0.018886199277640427,0.1349206349206349,0.01984126984126984,67.81013025863679,78.96020850074088,81.40556635566116,34.42088091353997,-0.7218503820991486,0.839898382455118,6.364717163899314,-3.965427154919688,3.2880365777616483,0.07082371766776041,0.17235567768588522,1.929942654758871,0.07555330926541608,-0.025296923072997808,36.413651982548934,44.0,21.0,-0.03483399414670385,2.7392521660125846,-0.05635245901639341,-0.004205827478327762,0.0037918070549005033,0.03483399414670389,-0.0482381070644462,-0.08786886246477976,24.0,0.06877081583424717,0.7603797168383769,0.8641609625084782,1.4440135551543234,0.714134165313232,0.8666666666666667,0.5157894736842106,0.8157894736842105,0.10538616905749154,False,0,[],,,,,,,,,,,,,,,,,,"{""indicator_details"": {}, ""regime_green"": true}",0.001224026,"['active price discovery', 'healthy 200d sector breadth', 'days since 52w high']","active price discovery, healthy 200d sector breadth, days since 52w high",0.46534653465346526
2026-08-31,TRV,Financials,Property & Casualty Insurance,XLF,SPY,True,581311134.3994446,365.92999267578125,6.3124847412109375,0.01725052569496232,0.2976190476190476,0.373015873015873,96.04949464172084,97.74340541562051,98.05933432729273,84.58401305057096,5.036503407859101,3.424248156715791,4.734541536844077,13.516368388794263,15.961356163855385,0.26650054321776295,0.17787355347992428,1.4171534761877995,0.1773403028474975,0.019220135997395076,37.85138578018405,33.0,31.0,0.01432714532282131,2.1939307989374575,-0.01914985637476685,-0.00826608005781615,0.004526186902628027,0.03205934623116451,-0.05342938612684611,-0.08218064948526682,24.0,0.077198467998551,0.7837882067533232,1.3206827742229021,1.1027930334082112,0.7959353961779208,0.65,0.5157894736842106,0.8157894736842105,0.10538616905749154,False,0,[],,,,,,,,,,,,,,,,,,"{""indicator_details"": {}, ""regime_green"": true}",0.0011200353,"['active price discovery', 'improving RS vs group ETF', 'days since 52w high']","active price discovery, improving RS vs group ETF, days since 52w high",0.46534653465346526
2026-08-31,UBSI,Financials,Regional Banks,XLF,SPY,True,36718748.86942673,47.130001068115234,0.6324996948242188,0.013420319976443253,0.01984126984126984,0.003968253968253968,76.42307471625655,85.23918162021106,87.0742276252332,44.61663947797716,3.0637158807976164,3.3731879089936427,7.9010556402488135,1.4218554518972937,-12.840573235959276,0.10530022848820253,0.12643405583735756,1.0052988985902067,0.09670710882132587,-0.006163748213278759,30.594930238639932,38.0,27.0,-0.002344928814951408,1.6528853514631747,-0.029448402067499435,-0.004856409190713951,0.003751768762186647,0.008607298853343858,-0.050181336504816265,-0.050181336504816265,19.0,0.05912487829201871,0.891123126042397,1.2836992178958824,0.7573549142398858,0.7579319497878452,0.25,0.5157894736842106,0.8157894736842105,0.10538616905749154,False,0,[],,,,,,,,,,,,,,,,,,"{""indicator_details"": {}, ""regime_green"": true}",-0.0075256466,"['active price discovery', 'healthy 200d sector breadth', 'dollar volume ratio 20 60']","active price discovery, healthy 200d sector breadth, dollar volume ratio 20 60",0.41847826086956524
2026-08-31,UCB,Financials,Regional Banks,XLF,SPY,True,22264845.88496399,34.84000015258789,0.5446423121861049,0.015632672497151216,0.023809523809523808,0.007936507936507936,69.81622591262735,80.47154021205807,82.77955161733635,36.215334420880914,7.069057069055219,7.057185813553289,12.852030174202298,3.3709986425598046,-11.950924747823244,0.0783038895624526,0.07167031532915824,0.9857435897344903,0.04357698001051204,-0.019822982619060698,27.43057717142952,37.0,29.0,-0.014987430450327022,1.1168772347105207,-0.045454508145168604,-0.014427110142778643,0.005149642967594276,0.02041371708590783,-0.059649099324731614,-0.06293706652450304,32.0,0.07049981461078626,0.9793088593149677,1.039576113805959,0.7089614751911723,0.6943715714740958,0.21666666666666667,0.5157894736842106,0.8157894736842105,0.10538616905749154,False,0,[],,,,,,,,,,,,,,,,,,"{""indicator_details"": {}, ""regime_green"": true}",-0.012114949,"['healthy 200d sector breadth', 'active price discovery', 'dollar volume ratio 20 60']","healthy 200d sector breadth, active price discovery, dollar volume ratio 20 60",0.3860759493670886
2026-08-31,UMBF,Financials,Regional Banks,XLF,SPY,True,71511792.27606201,141.6300048828125,2.777715410505022,0.019612478392579027,0.06349206349206349,0.015873015873015872,76.39808638482394,85.22173029571164,87.05861644008617,44.53507340946166,4.980505066911789,4.8433250587823835,9.533289590286643,3.133280418426615,-24.821079809772243,0.10518932210965892,0.2038249302670756,1.1375620614256565,0.11362531693813334,-0.022211632016704615,33.01728363881588,41.0,24.0,-0.0021281339941831012,1.3230677764182415,-0.05151371799214044,-0.01632164824600757,0.0037524936937029683,0.012217653328720362,-0.07624577278219102,-0.07624577278219102,10.0,0.08652828758454051,0.8624890746094267,0.8312096276761709,0.8281668259560755,0.7391309398253881,0.36666666666666664,0.5157894736842106,0.8157894736842105,0.10538616905749154,False,0,[],,,,,,,,,,,,,,,,,,"{""indicator_details"": {}, ""regime_green"": true}",-0.0016966964,"['active price discovery', 'strong earnings volume', 'healthy 200d sector breadth']","active price discovery, strong earnings volume, healthy 200d sector breadth",0.43728813559322033
2026-08-31,UNM,Financials,Life & Health Insurance,XLF,SPY,True,95543576.68533325,93.22000122070312,2.1314288548060825,0.02286450146851871,0.6785714285714286,0.7222222222222222,79.02713762521009,87.0347045197639,88.67618725693322,48.858075040783035,18.293492600235204,15.317188928935451,20.57136593445948,18.295727852518976,7.863780012258175,0.11734389164229686,0.29274719777663094,1.3626934313711785,0.15516613644780713,0.042027646407959154,60.446373628140854,46.0,24.0,0.002661459868165572,1.0302158512828032,-0.061823289808777715,0.06016150229918704,0.004085759555516622,0.05038098817014357,-0.014066650323920404,-0.014066650323920404,12.0,0.09255837822383571,0.875779728028561,1.251775464376031,1.227471343304405,0.8248051092847754,0.7166666666666667,0.5157894736842106,0.8157894736842105,0.10538616905749154,False,0,[],,,,,,,,,,,,,,,,,,"{""indicator_details"": {}, ""regime_green"": true}",0.007007898,"['active price discovery', 'improving RS vs group ETF', 'earnings breakout open']","active price discovery, improving RS vs group ETF, earnings breakout open",0.5609167671893848
2026-08-31,USB,Financials,Diversified Banks,XLF,SPY,True,349460193.28728485,61.58000183105469,1.0121353694370814,0.016436104893499098,0.14285714285714285,0.01984126984126984,84.99463577107578,90.9837232400558,92.17021499286247,58.07504078303426,4.282016491982688,3.7052703268206244,6.925720475881988,4.203810139187482,-11.851609583713902,0.14995336523621816,0.1272194879563313,1.5752521387029335,0.09163012910430467,-0.02030813453881109,31.10179455939391,33.0,32.0,-0.00015867833359051176,1.0854130930671304,-0.006152380397595136,-0.03796282181031785,0.004070690458774834,0.013413722046722124,-0.06802868444638022,-0.06802868444638022,10.0,0.07508772051782478,0.9649893235129119,1.5491244260307282,1.23710507992251,0.7321809999382938,0.6666666666666666,0.5157894736842106,0.8157894736842105,0.10538616905749154,False,0,[],,,,,,,,,,,,,,,,,,"{""indicator_details"": {}, ""regime_green"": true}",-0.008799378,"['active price discovery', 'healthy 200d sector breadth', 'dollar volume ratio 20 60']","active price discovery, healthy 200d sector breadth, dollar volume ratio 20 60",0.41847826086956524
2026-08-31,V,Financials,Transaction & Payment Processing Services,XLF,SPY,True,1839247888.5042114,379.3699951171875,5.9067535400390625,0.015569901721443374,0.09523809523809523,0.25793650793650796,88.61220017979011,93.27170933501621,94.17638655976052,66.23164763458401,3.598792234917539,2.980436831909657,5.499869416572096,6.736945108096641,30.20882774868344,0.1753570902811481,0.1836447647753785,1.2050589287827747,0.1385090340187895,0.055394780540682635,66.55328147568424,41.0,24.0,0.006978729450847654,1.4980398612005295,-0.00021914084086560592,0.03486183176563662,0.0037598748121179413,0.026160005547591115,-0.016080120572806278,-0.016080120572806278,3.0,0.07680062400507004,0.7887006922350885,1.1248857247052304,0.9453399341675349,0.8217808003470567,0.5166666666666667,0.5157894736842106,0.8157894736842105,0.10538616905749154,False,0,[],,,,,,,,,,,,,,,,,,"{""indicator_details"": {}, ""regime_green"": true}",-0.006615979,"['active price discovery', 'days since 52w high', 'healthy 200d sector breadth']","active price discovery, days since 52w high, healthy 200d sector breadth",0.41847826086956524
2026-08-31,VCTR,Financials,Asset Management & Custody Banks,XLF,SPY,True,57298173.67923355,118.01000213623047,3.567705971854074,0.0302322337706216,0.5158730158730159,0.8015873015873016,99.16888740760989,99.53177491733013,99.59835644199877,94.86133768352364,0.8327922484006081,0.5533193880332021,0.8091799152016392,4.967287153776297,5.211785931282407,0.39376408040969313,0.7102898860323257,1.0645289255280734,0.48755400147221895,0.16464862997874308,59.32421416875132,48.0,18.0,0.0037029550111820075,1.729125846450908,-0.024066713032912745,0.18045414319542274,0.006645027584971319,0.021873180926483677,-0.04484015199260272,-0.04484015199260272,1.0,0.23872073087979526,0.9891784497870628,0.9074857905836162,1.274738144910421,1.3654744539299644,0.8333333333333334,0.5157894736842106,0.8157894736842105,0.10538616905749154,False,0,[],,,,,,,,,,,,,,,,,,"{""indicator_details"": {}, ""regime_green"": true}",-0.0025621937,"['supportive 126d momentum', 'healthy 200d sector breadth', 'days since 52w high']","supportive 126d momentum, healthy 200d sector breadth, days since 52w high",0.43728813559322033
2026-08-31,VIRT,Financials,Financial Exchanges & Data,XLF,SPY,True,60252463.95174599,65.63999938964844,3.2459000178745816,0.04945003120134804,0.9920634920634921,0.996031746031746,96.36084787385334,97.92414089786728,98.21522842243716,85.56280587275693,1.1330963522648148,0.8902295950932597,1.7181438370741517,5.61170562825815,51.57747579940729,0.27332687412453427,0.5361572687302931,0.841633773458103,0.3940539589151486,0.08019193648749652,73.9999861283784,47.0,34.0,-0.04004942649177845,0.3103097784492033,-0.08732718472748136,0.07046927216237608,0.006317859750179139,0.04004942649177849,-0.04537387969461959,-0.04537387969461959,1.0,0.2579565156613702,1.135951519157295,2.385453900918732,0.9212719334930292,1.0884165070586742,0.48333333333333334,0.5157894736842106,0.8157894736842105,0.10538616905749154,False,0,[],,,,,,,,,,,,,,,,,,"{""indicator_details"": {}, ""regime_green"": true}",0.022662446,"['supportive 126d momentum', 'earnings breakout open', 'atr pct 14']","supportive 126d momentum, earnings breakout open, atr pct 14",0.6583333333333333
2026-08-31,VOYA,Financials,Multi-Sector Holdings,XLF,SPY,True,72991593.98827362,101.31999969482422,1.9054505484444755,0.018806262871927472,0.08333333333333333,0.19444444444444445,94.71652751138775,96.96392582270907,97.38606541564948,80.2610114192496,4.317547796285737,3.047995796295311,4.529734331319133,10.823358607513654,8.867368387464765,0.2421233305613606,0.4886865020469109,1.2916500954782515,0.2518946884870169,0.035010778644411523,60.74895016504775,46.0,19.0,0.0029979319743449473,1.2708516600741495,-0.03350982935648539,0.006356767855666634,0.005745231311778643,0.04996025788687142,-0.018692496902428912,-0.024362049267890318,32.0,0.0884461241373098,0.9656515040392356,0.9725828467992611,1.2292577738447645,0.9033279252843677,0.6833333333333333,0.5157894736842106,0.8157894736842105,0.10538616905749154,False,0,[],,,,,,,,,,,,,,,,,,"{""indicator_details"": {}, ""regime_green"": true}",0.0035008476,"['supportive 126d momentum', 'active price discovery', 'limited recent downside gap risk']","supportive 126d momentum, active price discovery, limited recent downside gap risk",0.5094850948509486
2026-08-31,WEX,Financials,Transaction & Payment Processing Services,XLF,SPY,True,89156440.71017456,190.5800018310547,5.571522303989956,0.02923455898027012,0.2619047619047619,0.3253968253968254,96.45342474114624,97.97778353259044,98.261482558226,86.05220228384992,-1.876728028385287,-0.9969997845360723,-0.5233496963932112,-3.6788490608933557,0.39613056420851933,0.2754651597276212,0.20620254323452336,2.035564223532007,0.21279809258939109,0.10707710486746608,51.612223474906024,42.0,28.0,0.010623703924900418,1.797288511683167,-0.021622116704659522,0.2241778699717445,0.006468273924057471,0.01963800688034424,-0.06573853277610098,-0.06573853277610098,5.0,0.12162539709600578,0.7931671959647246,1.3958525341957584,1.5430950682471207,0.8752099798878604,0.9,0.5157894736842106,0.8157894736842105,0.10538616905749154,False,0,[],,,,,,,,,,,,,,,,,,"{""indicator_details"": {}, ""regime_green"": true}",-0.0082813725,"['healthy 200d sector breadth', 'days since 52w high', 'dollar volume ratio 20 60']","healthy 200d sector breadth, days since 52w high, dollar volume ratio 20 60",0.41847826086956524
2026-08-31,WFC,Financials,Diversified Banks,XLF,SPY,True,779183917.533371,86.38999938964844,1.6297503880092077,0.018865035299496603,0.07936507936507936,0.07539682539682539,79.46554896414662,87.33255875977322,88.94112294920751,49.34747145187602,5.151555643222693,4.744405154414892,8.96478276607192,5.011693130767625,-12.836717627178587,0.11947649915085035,0.046137048608795084,2.064986094994275,0.017185230157953795,0.0006092317739958009,45.561155832388714,31.0,34.0,-0.03216607452631526,0.6656656638424437,-0.042000691357352626,-0.018518488020714652,0.005022459183553723,0.03216607452631528,-0.04192080354947503,-0.11630526286954979,164.0,0.07988021759215944,0.9390593361813531,1.388719547218926,1.6073363128659448,0.7458269648822796,0.9,0.5157894736842106,0.8157894736842105,0.10538616905749154,False,0,[],,,,,,,,,,,,,,,,,,"{""indicator_details"": {}, ""regime_green"": true}",-0.0067783464,"['healthy 200d sector breadth', 'active price discovery', 'dollar volume ratio 20 60']","healthy 200d sector breadth, active price discovery, dollar volume ratio 20 60",0.41847826086956524
2026-08-31,WSFS,Financials,Regional Banks,XLF,SPY,True,27552425.63293457,77.44999694824219,1.1117875235421317,0.01435490726081126,0.011904761904761904,0.003968253968253968,75.38692759526143,84.51195993003662,86.42301303750138,42.65905383360522,1.1631658544912682,1.9918086640471557,6.522393205189445,-1.595224895001138,-14.146162140314914,0.10076742860129428,0.19208858693329112,1.4224873931891466,0.13766891360819444,-0.021695783973435235,15.601516698599184,38.0,27.0,-0.011666220667319482,1.3440277632149418,-0.03455965315883669,-0.019123634165890024,0.00330491329788149,0.011666220667319508,-0.06619249254354109,-0.06619249254354109,17.0,0.07282376226367725,0.7798797015684699,1.1473712064561403,1.0379991727900904,0.7265503130718415,0.5666666666666667,0.5157894736842106,0.8157894736842105,0.10538616905749154,False,0,[],,,,,,,,,,,,,,,,,,"{""indicator_details"": {}, ""regime_green"": true}",-0.007256883,"['active price discovery', 'healthy 200d sector breadth', 'dollar volume ratio 20 60']","active price discovery, healthy 200d sector breadth, dollar volume ratio 20 60",0.41847826086956524
2026-08-31,WT,Financials,Asset Management & Custody Banks,XLF,SPY,True,39699986.14153576,24.059999465942383,0.7232145581926618,0.030058793609550685,0.3134920634920635,0.5476190476190477,95.54139694057994,97.44738156510643,97.80382336098813,82.87112561174551,1.169105011321193,0.9570955835961286,1.944555215743648,5.5280123273119415,21.33893327270721,0.2563968639801437,0.3732876048687903,1.2924128938201902,0.43999422270304483,0.16847163297676332,70.76611949613704,44.0,21.0,0.027659599939695356,1.2579297918628545,-0.08990700725073897,0.24212691912792916,0.007884890420641905,0.03124995860788526,-0.07032456544988186,-0.07032456544988186,1.0,0.22770394945127986,0.757685769238296,1.2357906271694665,1.1441854829783709,0.9690439091114798,0.7,0.5157894736842106,0.8157894736842105,0.10538616905749154,False,0,[],,,,,,,,,,,,,,,,,,"{""indicator_details"": {}, ""regime_green"": true}",0.028253306,"['earnings breakout open', 'limited recent downside gap risk', 'supportive earnings open vs 20d high']","earnings breakout open, limited recent downside gap risk, supportive earnings open vs 20d high",0.6583333333333333
2026-08-31,WTW,Financials,Insurance Brokers,XLF,SPY,True,156104211.54608154,338.54998779296875,7.241788591657366,0.02139060361179481,0.42063492063492064,0.4722222222222222,97.8618993464786,98.78848351177759,98.95965617032549,90.37520391517128,-0.7099575998358887,-0.3355273550222506,-0.0017622275180571023,-0.41534213209847337,6.512123230574701,0.31711008612809666,0.11321186777776404,1.0567853334476776,0.12880991324875987,0.09337952001839858,46.881072774142375,43.0,22.0,0.07451020507913442,2.190783784927917,0.05692158387453783,0.007439369411732288,0.006489008373371541,0.015090004454563712,-0.03686956733123348,-0.040364013739181304,225.0,0.07907907832885648,0.7767714522810641,0.9109378155489269,0.9064353164592983,0.915096948688902,0.36666666666666664,0.5157894736842106,0.8157894736842105,0.10538616905749154,False,0,[],,,,,,,,,,,,,,,,,,"{""indicator_details"": {}, ""regime_green"": true}",-0.015394246,"['healthy 200d sector breadth', 'strong 126d momentum', 'dollar volume ratio 20 60']","healthy 200d sector breadth, strong 126d momentum, dollar volume ratio 20 60",0.3488372093023256
2026-08-31,XYZ,Financials,Transaction & Payment Processing Services,XLF,SPY,True,299187871.81967163,82.0199966430664,2.6798858642578125,0.03267356710486232,0.1746031746031746,0.36507936507936506,69.68130997518539,80.37086095098294,82.68821152191428,35.97063621533442,-19.82068395844844,-12.952390100730497,-9.480826698142295,-31.6740255613567,-11.625125805855468,0.07779235594805556,0.2726144379639637,1.3631561621781432,0.19900356204498856,0.029036821707177477,57.101580022671456,50.0,18.0,0.007679602204231584,1.9421790535645114,0.00565974968460492,-0.02589074090484622,0.006331952207954977,0.028459271226203415,-0.05637369568686412,-0.05637369568686412,2.0,0.1254693045554784,0.9791667871859847,0.8926188176854322,1.2851796109220364,0.9419496224601999,0.8,0.5157894736842106,0.8157894736842105,0.10538616905749154,False,0,[],,,,,,,,,,,,,,,,,,"{""indicator_details"": {}, ""regime_green"": true}",-0.007954447,"['healthy 200d sector breadth', 'days since 52w high', 'active price discovery']","healthy 200d sector breadth, days since 52w high, active price discovery",0.41847826086956524
2026-08-31,ZION,Financials,Regional Banks,XLF,SPY,True,94995776.18169403,66.69000244140625,1.2975142342703683,0.019455903235426668,0.09126984126984126,0.03571428571428571,73.25987682397003,82.99561688450096,85.06069603760784,40.0489396411093,3.0328539377976966,3.5419012925771227,8.555212447249957,-0.04885986989314972,-24.498737620504386,0.09184676558898341,0.1470588775630448,1.2209519478975135,0.07512021151360157,-0.04502511434827436,26.90244500776842,35.0,30.0,0.0017988776650230687,1.6277477017172783,-0.01281694653598009,-0.07233268872430876,0.003515064071351004,0.05383228236804352,-0.08254230015794073,-0.09067349643496914,32.0,0.0906226673255533,0.9769185551994957,1.2805276447214122,0.9866054122659738,0.7648630641435095,0.5,0.5157894736842106,0.8157894736842105,0.10538616905749154,False,0,[],,,,,,,,,,,,,,,,,,"{""indicator_details"": {}, ""regime_green"": true}",0.0029961655,"['limited recent downside gap risk', 'active price discovery', 'healthy 200d sector breadth']","limited recent downside gap risk, active price discovery, healthy 200d sector breadth",0.5094850948509486
2026-08-31,ABNB,Consumer Discretionary,"Hotels, Resorts & Cruise Lines",XLY,SPY,True,734003665.5521774,183.22000122070312,5.213572910853794,0.028455260758205266,0.4166666666666667,0.9801587301587301,98.15021044810256,98.9531863550734,99.10130018648574,96.24796084828712,-1.2821652233284482,-0.6998174936279042,-0.48688974164755905,-0.7365542291374965,2.7679282484501186,0.32893310879549076,0.37490626424500073,1.406019163883769,0.32620480447633043,0.14843249004646442,48.13124434762293,48.0,17.0,-0.0022952724172556893,0.47771406301964653,-0.02785942882013781,0.2290045544025261,0.012789750582101212,0.02823495627534853,-0.05289657722554797,-0.05289657722554797,5.0,0.3013993331503442,1.0300436816993321,0.8447655775815913,1.8074958453650856,1.4699723380840872,0.95,0.34838709677419355,0.4064516129032258,0.0,False,0,[],,,,,,,,,,,,,,,,,,"{""indicator_details"": {}, ""regime_green"": true}",-0.0056613144,"['strong earnings volume', 'healthy 200d sector breadth', 'healthy 50d sector breadth']","strong earnings volume, healthy 200d sector breadth, healthy 50d sector breadth",0.41847826086956524
2026-08-31,ADT,Consumer Discretionary,Specialized Consumer Services,XLY,SPY,True,44404768.15767288,7.389999866485596,0.15892151423863002,0.02150494142217178,0.4087301587301587,0.4722222222222222,74.36931505005776,83.79049691727239,85.77558732576011,78.62969004893964,11.93258271965626,10.635717757186526,16.1276104626359,11.392526234758705,20.27598181748079,0.09643918656388872,0.03792134624526233,1.3153662266846637,0.005986213178727974,0.03811087383564642,47.4576291733865,48.0,22.0,-0.014844758291818638,1.5331947495963347,-0.020134177499404382,-0.015978742841410987,0.005982274447302899,0.0191740575837818,-0.0721908694396538,-0.17291555462482922,241.0,0.1002785911201629,0.8320674953406659,0.8782825665001958,1.1425869231190182,0.8764546763138923,0.6166666666666667,0.34838709677419355,0.4064516129032258,0.0,False,0,[],,,,,,,,,,,,,,,,,,"{""indicator_details"": {}, ""regime_green"": true}",-0.004579506,"['healthy 200d sector breadth', 'limited recent downside gap risk', 'healthy 50d sector breadth']","healthy 200d sector breadth, limited recent downside gap risk, healthy 50d sector breadth",0.43728813559322033
2026-08-31,ANF,Consumer Discretionary,Apparel Retail,XLY,SPY,True,94761024.1401329,143.0800018310547,8.367850712367467,0.058483719634334484,0.8968253968253969,0.9087301587301587,99.99833241858865,99.99906395069098,99.99919759243402,99.673735725938,0.4570136749115221,0.27934242105855844,0.3318696759849331,2.2002230935011653,2.689220648513384,0.8913416912768843,0.4622381610858768,1.1395759717314486,0.49636199781826457,0.3897050514224264,66.35830658654825,62.0,3.0,0.20633602641381832,18.474112494149296,0.09712708753051458,-0.031607432615535114,0.018448370500344674,0.02189358183728313,-0.07439513432383515,-0.07439513432383515,3.0,0.5373445762252747,1.1500495594512083,4.1641594168247655,1.670011734777422,1.7437479498257165,0.9666666666666667,0.34838709677419355,0.4064516129032258,0.0,False,0,[],,,,,,,,,,,,,,,,,,"{""indicator_details"": {}, ""regime_green"": true}",-0.08680307,"['healthy 50d sector breadth', 'earnings breakout open', 'supportive distance above 200d']","healthy 50d sector breadth, earnings breakout open, supportive distance above 200d",0.05
2026-08-31,BBY,Consumer Discretionary,Computer & Electronics Retail,XLY,SPY,True,225938969.47883606,80.1500015258789,3.452301025390625,0.0430730001206044,0.9563492063492064,0.7579365079365079,67.29723433354475,78.56882321622263,81.04875217945316,72.51223491027733,-31.99525965574817,-20.998432509744447,-18.43775563240709,-24.064782204637098,-24.879778129657467,0.06895169295117443,0.3013476429178279,1.6704643175650131,0.12499322009258967,-0.036010957560626444,43.816676217229535,61.0,2.0,-0.07822511180587699,3.1518043977392804,-0.10697467257339299,-0.04080895323535272,0.014193830561091813,0.07822511180587693,-0.11196051227131787,-0.12178817660771524,23.0,0.17672752078885753,1.051305854397086,1.7683997547521915,1.7105717091957116,1.0315806244090087,0.95,0.34838709677419355,0.4064516129032258,0.0,False,0,[],,,,,,,,,,,,,,,,,,"{""indicator_details"": {}, ""regime_green"": true}",0.0017833703,"['healthy 50d sector breadth', 'strong earnings gap', 'healthy 200d sector breadth']","healthy 50d sector breadth, strong earnings gap, healthy 200d sector breadth",0.46534653465346526
2026-08-31,BJRI,Consumer Discretionary,Restaurants,XLY,SPY,True,29933288.063432693,63.59000015258789,2.708707536969866,0.04259643859836712,0.8134920634920635,0.5238095238095238,98.75481313713986,99.29721604832086,99.39694971402973,96.8189233278956,-1.0156410196623682,-0.5626447890061996,-0.43667062157291525,-1.306586044557534,-1.1435868595534515,0.36108729647055604,0.7369570907520737,1.1059211077483437,0.3703478867380577,-0.013031268028634588,41.32158921963228,43.0,22.0,0.015110442416778946,1.821150546431999,-0.004473643230605506,-0.1436843748545602,0.006953785974750914,0.04403452973866191,-0.09961061730849008,-0.14758711188650486,22.0,0.12317110051405593,0.9526082526163243,1.016167313486241,0.9251566512439078,0.907476997141139,0.6166666666666667,0.34838709677419355,0.4064516129032258,0.0,False,0,[],,,,,,,,,,,,,,,,,,"{""indicator_details"": {}, ""regime_green"": true}",0.005042326,"['supportive 126d momentum', 'healthy 50d sector breadth', 'holding above recent breakout']","supportive 126d momentum, healthy 50d sector breadth, holding above recent breakout",0.5588235294117648
2026-08-31,BKNG,Consumer Discretionary,"Hotels, Resorts & Cruise Lines",XLY,SPY,True,895331026.635643,199.08999633789062,6.082860674176898,0.03055332154335478,0.4007936507936508,0.5833333333333334,88.731497968238,93.34585991645595,94.24118253364922,89.88580750407831,-8.993425779569648,-5.25401111206142,-4.1004379785837415,-4.164722243272948,-2.6977295782362773,0.17630721617660639,0.1907923689623532,1.0412653665224554,0.07063697215462814,0.03432294260917551,35.302913424013695,41.0,19.0,0.0012453439158006674,1.5228458122920048,-0.05694041450506715,0.02481078889909183,0.008033484496253851,0.026365242805259752,-0.08388556217528031,-0.1194620007563919,247.0,0.1415664910346897,0.8288094503060568,0.8638822107133246,0.8360855029684384,0.8430450457175485,0.4166666666666667,0.34838709677419355,0.4064516129032258,0.0,False,0,[],,,,,,,,,,,,,,,,,,"{""indicator_details"": {}, ""regime_green"": true}",-0.015962679,"['healthy 200d sector breadth', 'healthy 50d sector breadth', 'supportive sector breadth 50d']","healthy 200d sector breadth, healthy 50d sector breadth, supportive sector breadth 50d",0.3225806451612903
2026-08-31,CAKE,Consumer Discretionary,Restaurants,XLY,SPY,True,186748816.84350586,109.48999786376953,4.622007097516741,0.0422139664599096,0.9563492063492064,0.9007936507936508,99.97067752930282,99.98353866953464,99.98588857576793,99.34747145187602,-0.02691174723238987,-0.014990872693772417,-0.01236517502908896,-0.24503058561380442,-0.08203140060972203,0.6619611783315458,0.7393168631735676,1.4886042936660648,0.6250460755643347,0.15621157283796308,45.569622410452176,41.0,24.0,0.011030668711224045,1.0933045091220048,0.0010238491049869847,0.23008645361219382,0.006088651855981236,0.025903254248968794,-0.07572177351028597,-0.07572177351028597,12.0,0.15661004884093838,1.092366821659794,0.9346817611446134,1.5937310604661752,1.273328327045018,0.9833333333333333,0.34838709677419355,0.4064516129032258,0.0,False,0,[],,,,,,,,,,,,,,,,,,"{""indicator_details"": {}, ""regime_green"": true}",-0.023618193,"['supportive 126d momentum', 'healthy 50d sector breadth', 'healthy 200d sector breadth']","supportive 126d momentum, healthy 50d sector breadth, healthy 200d sector breadth",0.25981308411214954
2026-08-31,CBRL,Consumer Discretionary,Restaurants,XLY,SPY,True,39846797.110033035,55.2400016784668,2.435671125139509,0.04409252445929889,0.12698412698412698,0.16666666666666666,99.913729273757,99.95155640657852,99.95846998414314,98.93964110929853,-0.07944574184971032,-0.04428051777861697,-0.03658616031057704,-0.40836215068516424,-0.7343605206933148,0.5755846980813031,0.7107463645782508,1.4989386920171504,0.514224337936273,0.018010563247106773,47.603165178865936,12.0,59.0,0.0,3.136871685889682,-0.05627588732489219,0.5217631636220372,0.007511805335927213,0.026810624674266325,-0.08307738969465006,-0.09988589473859566,251.0,0.11255765898903974,0.9605660983456038,1.0271628827910975,1.1996207722235241,0.6939950355519995,0.7,0.34838709677419355,0.4064516129032258,0.0,False,0,[],,,,,,,,,,,,,,,,,,"{""indicator_details"": {}, ""regime_green"": true}",0.10939804,"['dollar volume ratio 20 60', 'holding above earnings close', 'healthy 50d sector breadth']","dollar volume ratio 20 60, holding above earnings close, healthy 50d sector breadth",0.9354838709677419
2026-08-31,CMG,Consumer Discretionary,Restaurants,XLY,SPY,True,504797850.06211853,38.029998779296875,1.167236055646624,0.030692508364792658,0.3492063492063492,0.8333333333333334,94.88418189995144,97.06247781543654,97.47127197065969,93.88254486133768,10.98456957686119,7.5411007258178415,9.67539163089478,10.508461731753329,40.90780973501331,0.24484450831547844,0.036522218662947026,0.9867239952809357,0.09531040426004188,0.1067618910754598,85.51240115025162,47.0,23.0,0.004177953188846839,1.2086890151829535,-0.09274733385162748,0.1106891622383761,0.00740994338496605,0.017506846132066357,-0.008344190549059771,-0.11186363731119608,219.0,0.20910383193482204,0.7009398274897483,0.8234384077198729,0.9637283295000757,0.9698450007350933,0.5666666666666667,0.34838709677419355,0.4064516129032258,0.0,False,0,[],,,,,,,,,,,,,,,,,,"{""indicator_details"": {}, ""regime_green"": true}",-0.011288789,"['healthy 200d sector breadth', 'healthy 50d sector breadth', 'limited recent downside gap risk']","healthy 200d sector breadth, healthy 50d sector breadth, limited recent downside gap risk",0.41847826086956524
2026-08-31,CVSA,Consumer Discretionary,Education Services,XLY,SPY,True,33476731.55096054,132.3300018310547,4.667450496128628,0.03527129472942612,0.49206349206349204,0.8650793650793651,71.30800110874921,81.575670237249,83.77949117934327,75.85644371941272,9.978508264920954,9.352751449841676,15.132931974923949,9.352776237750135,10.738269310284778,0.08405015287851669,0.3258191069824441,1.8027872655786248,0.16202158954756396,0.038486724459088545,59.12636832263908,43.0,17.0,-0.009774277406221388,0.8463808134106243,-0.055563790564884474,0.07550390804942664,0.011075685117317624,0.028709307281884037,-0.06895097949119189,-0.1531421574108297,212.0,0.16433198360070797,0.8673489165942583,1.3098171757847843,1.7468762938659275,1.0212963223178377,0.95,0.34838709677419355,0.4064516129032258,0.0,False,0,[],,,,,,,,,,,,,,,,,,"{""indicator_details"": {}, ""regime_green"": true}",-0.019232402,"['healthy 200d sector breadth', 'healthy 50d sector breadth', 'volume dry-up into setup']","healthy 200d sector breadth, healthy 50d sector breadth, volume dry-up into setup",0.25981308411214954
2026-08-31,DASH,Consumer Discretionary,Specialized Consumer Services,XLY,SPY,True,788439208.741333,231.74000549316406,7.346894400460379,0.031703176949640234,0.17857142857142858,0.12698412698412698,99.2891031844812,99.59971292058418,99.65666699775413,97.96084828711255,-0.08564009535783157,-0.017973365032858624,0.11036141500497365,1.2208319871940603,5.051312834789826,0.406360038899819,0.31364435509582655,0.7876465109233529,0.2318921267397062,0.1596016117029197,70.38414522888657,47.0,18.0,0.009067582932956952,1.363537321330689,-0.0014425338334733695,0.11805857440199974,0.006640037649620944,0.019359673397372434,-0.029679428969774935,-0.18830120667893502,218.0,0.1982153525521189,0.8771627068756821,0.976411405136182,0.8068524382682344,1.1264144032585586,0.23333333333333334,0.34838709677419355,0.4064516129032258,0.0,False,0,[],,,,,,,,,,,,,,,,,,"{""indicator_details"": {}, ""regime_green"": true}",-0.013753615,"['healthy 200d sector breadth', 'healthy 50d sector breadth', 'limited recent downside gap risk']","healthy 200d sector breadth, healthy 50d sector breadth, limited recent downside gap risk",0.3860759493670886
2026-08-31,DORM,Consumer Discretionary,Automotive Parts & Equipment,XLY,SPY,True,23745121.29761505,128.85000610351562,3.326428549630301,0.025816285541794326,0.12698412698412698,0.9246031746031746,61.898031856743195,74.32045019484463,77.14900517753946,68.02610114192495,-12.7199412556107,-8.49640449985803,-3.0821301043388587,-8.013018662476028,-10.865504400047328,0.05003672940145831,0.11144661230336439,0.601864156892678,0.0388702016730025,-0.04667195999951785,38.56208118254146,40.0,20.0,-0.0013518168340328485,3.3489736083044956,-0.08702072127962845,0.009163579225746732,0.010182164466998739,0.01781985890739239,-0.1687096380418347,-0.22793452828361804,246.0,0.234715381991773,0.6861382730664126,0.3989048984027915,0.5544653251984965,0.9611338907947021,0.25,0.34838709677419355,0.4064516129032258,0.0,False,0,[],,,,,,,,,,,,,,,,,,"{""indicator_details"": {}, ""regime_green"": true}",0.0024226024,"['healthy 200d sector breadth', 'supportive days to earnings', 'healthy 50d sector breadth']","healthy 200d sector breadth, supportive days to earnings, healthy 50d sector breadth",0.5094850948509486
2026-08-31,DRI,Consumer Discretionary,Restaurants,XLY,SPY,True,196538464.15680695,214.25999450683594,6.211298261369977,0.0289895380407648,0.7976190476190477,0.9087301587301587,65.12040770061478,76.88456972603092,79.50856336129671,70.3915171288744,-9.06165187911084,-5.604135041709355,-0.3570472362657,-5.4031038980204755,-8.58158800559994,0.06116581952716871,0.020917708542362856,1.4264686512078695,0.06926129264629441,0.02464874070648954,45.89235150438758,18.0,47.0,-0.015507133314208277,2.8374923403845385,-0.04211872225137314,0.007050197587553653,0.007271898035068619,0.015507133314208317,-0.0672351618790461,-0.0672351618790461,12.0,0.13479001676265662,1.026433515438375,1.0066843476536549,0.9974593873480606,0.7359575903847225,0.6,0.34838709677419355,0.4064516129032258,0.0,False,0,[],,,,,,,,,,,,,,,,,,"{""indicator_details"": {}, ""regime_green"": true}",0.00017260597,"['healthy 200d sector breadth', 'healthy 50d sector breadth', 'limited recent downside gap risk']","healthy 200d sector breadth, healthy 50d sector breadth, limited recent downside gap risk",0.43728813559322033
2026-08-31,DUOL,Consumer Discretionary,Education Services,XLY,SPY,True,137807883.06388474,148.36000061035156,7.376786368233817,0.04972220502753971,0.10317460317460317,0.753968253968254,95.60543685010884,97.48476609855565,97.83610352445058,94.77977161500816,-3.2031624057002546,-1.7851348382450283,-1.2980470877042336,-0.5747516123757066,14.013675445489,0.2576078585673114,0.4715334364156707,0.6530665567201739,0.1248111271478015,0.11701643425993365,61.506951667881154,47.0,18.0,0.0033394316796167,1.649723299874671,-0.0388065013756681,0.0963641189797586,0.0184896253552199,0.07655378121885811,-0.01722314512375278,-0.5797167121519786,223.0,0.3476105397414967,0.9278895749947695,0.679039372701269,0.6849652066752828,1.066694057903679,0.2,0.34838709677419355,0.4064516129032258,0.0,False,0,[],,,,,,,,,,,,,,,,,,"{""indicator_details"": {}, ""regime_green"": true}",-0.031329103,"['distance from 52w high', 'healthy 50d sector breadth', 'healthy 200d sector breadth']","distance from 52w high, healthy 50d sector breadth, healthy 200d sector breadth",0.21568627450980393
2026-08-31,EAT,Consumer Discretionary,Restaurants,XLY,SPY,True,194522348.23312378,228.5,11.474250793457031,0.05021553957749248,0.8531746031746031,0.8531746031746031,99.94517630107858,99.96921910101557,99.97361263079884,99.18433931484503,-0.05146611744945062,-0.02873288307750954,-0.02395524068977295,-0.24516353764070686,-0.08216435263662447,0.6118792949655574,0.6045221130823997,0.9233126151479838,0.41531309516447673,0.11609050501895114,53.84034206019632,42.0,13.0,0.05736740748092828,2.415130037075067,0.0069256274009439345,-0.07072267856689629,0.011170007023226037,0.019549211797039924,-0.1038864462233765,-0.1038864462233765,4.0,0.17458201572901502,1.216351587435355,0.6865087896992204,0.8676657539484668,1.1413658687273198,0.4166666666666667,0.34838709677419355,0.4064516129032258,0.0,False,0,[],,,,,,,,,,,,,,,,,,"{""indicator_details"": {}, ""regime_green"": true}",0.0043117846,"['healthy 200d sector breadth', 'healthy 50d sector breadth', 'holding above recent breakout']","healthy 200d sector breadth, healthy 50d sector breadth, holding above recent breakout",0.5094850948509486
2026-08-31,ETSY,Consumer Discretionary,Broadline Retail,XLY,SPY,True,192880853.8465805,81.33000183105469,3.0804781232561385,0.03787628247759245,0.19444444444444445,0.5476190476190477,89.0265831274968,93.52892239808277,94.40109112687985,90.21207177814028,-10.017434057411407,-5.885784302247515,-4.904601268033062,-5.71294859675784,-3.349460414198745,0.1786956787109375,0.5069483044565162,0.7800217079098123,0.2812409050263824,0.005802584925756258,54.23728872795188,47.0,18.0,0.008214729630518613,1.5422391518923464,-0.0013752319922555323,-0.0527602928848655,0.010004888903397647,0.04507340693071753,-0.07551811328124591,-0.07551811328124591,18.0,0.13003987179480897,1.0182882363287247,0.8039973009232391,0.8777161045198675,1.1433771431065973,0.38333333333333336,0.34838709677419355,0.4064516129032258,0.0,False,0,[],,,,,,,,,,,,,,,,,,"{""indicator_details"": {}, ""regime_green"": true}",-0.011018918,"['healthy 200d sector breadth', 'healthy 50d sector breadth', 'supportive sector breadth 50d']","healthy 200d sector breadth, healthy 50d sector breadth, supportive sector breadth 50d",0.41847826086956524
2026-08-31,EXPE,Consumer Discretionary,"Hotels, Resorts & Cruise Lines",XLY,SPY,True,397140439.96221924,317.1199951171875,11.772495814732142,0.03712315841321129,0.4126984126984127,0.5357142857142857,99.11422035244222,99.50085692079553,99.57181606534087,97.30831973898859,-0.7900182089711763,-0.44071064444185026,-0.35879962833696766,-1.2246875959747427,0.6498030315721195,0.3886237329665754,0.48715056719201577,1.0093046240435868,0.22957321234843048,0.09187639952449395,48.00039796149784,48.0,18.0,0.031772763643184376,2.066632304901452,0.029496422393335386,-0.007945969204225967,0.007914195981881793,0.019457587074984434,-0.0727485522889254,-0.0727485522889254,3.0,0.1449614530412446,0.8548840702453516,0.7993341874092375,0.9425853566816513,1.052099913590271,0.5,0.34838709677419355,0.4064516129032258,0.0,False,0,[],,,,,,,,,,,,,,,,,,"{""indicator_details"": {}, ""regime_green"": true}",-0.0012499513,"['healthy 200d sector breadth', 'supportive earnings open vs 20d high', 'limited recent downside gap risk']","healthy 200d sector breadth, supportive earnings open vs 20d high, limited recent downside gap risk",0.43728813559322033
2026-08-31,FIVE,Consumer Discretionary,Specialty Stores,XLY,SPY,True,210165102.50300598,246.83999633789062,9.181124005998884,0.03719463677770909,0.4523809523809524,0.7817460317460317,73.08895864459632,82.87237913225903,84.94971076614296,77.73246329526917,-16.592967368102364,-10.570107614172883,-7.357476367338236,-9.879598644421137,4.301330450933392,0.09115018568614697,0.10452837415851501,1.1772619933500972,0.19568010736056102,0.15577758388436966,58.09413397437292,2.0,63.0,0.014552547434801388,3.123227810251784,-0.07076509014754673,0.10745209302268277,0.009558799856346934,0.03096402341106074,-0.06457483791729213,-0.06457483791729213,5.0,0.22912106703632515,1.082919952325666,1.4706215379398746,1.0868778422453849,1.010253308247854,0.5666666666666667,0.34838709677419355,0.4064516129032258,0.0,False,0,[],,,,,,,,,,,,,,,,,,"{""indicator_details"": {}, ""regime_green"": true}",-0.008315449,"['healthy 50d sector breadth', 'healthy 200d sector breadth', 'supportive sector breadth 50d']","healthy 50d sector breadth, healthy 200d sector breadth, supportive sector breadth 50d",0.41847826086956524
2026-08-31,FTDR,Consumer Discretionary,Specialized Consumer Services,XLY,SPY,True,36573271.732730865,80.87000274658203,2.3008629935128346,0.02845137770951888,0.29365079365079366,0.8412698412698413,98.34105807563331,99.06198060654883,99.19482637587636,96.4926590538336,0.01176180451200537,0.08772659295347296,0.4106202889217485,1.7086329739640007,2.2791301214782607,0.3377998631252561,0.19878452185149786,0.9795218339160945,0.260138259185157,0.034458093346730514,40.20993406632247,47.0,17.0,0.03260023020035696,0.8854123446437488,0.01951915879416899,-0.09063305443533942,0.007973531980405162,0.019266761694610873,-0.13443216865640917,-0.13443216865640917,16.0,0.24283334236580537,1.0365764058446674,0.7734938894260633,0.8398265604728536,0.9314889082111182,0.4,0.34838709677419355,0.4064516129032258,0.0,False,0,[],,,,,,,,,,,,,,,,,,"{""indicator_details"": {}, ""regime_green"": true}",0.0009447483,"['healthy 200d sector breadth', 'healthy 50d sector breadth', 'holding above recent breakout']","healthy 200d sector breadth, healthy 50d sector breadth, holding above recent breakout",0.46534653465346526
2026-08-31,GM,Consumer Discretionary,Automobile Manufacturers,XLY,SPY,True,422301231.4636078,86.31999969482422,1.9139278956821986,0.022172473383326,0.21825396825396826,0.21825396825396826,60.110650949756035,72.86030295358506,75.7973148484687,66.88417618270799,-13.003794755393116,-8.819451004484293,-3.169067116435585,-8.421447289174651,-7.76945054915835,0.04402514968811122,0.11008227010587257,1.7226749101441492,0.08507391404569667,0.043362190686685814,38.81919521448447,36.0,29.0,0.0038257687923151096,1.604414388950861,-0.08666428318672248,0.08551312045799397,0.003991477012046302,0.01541710629198811,-0.044075340226205184,-0.06020684671927312,23.0,0.07631584927345986,0.7261382236968953,1.4186437680570625,1.2896010822890185,0.7249124019091604,0.6333333333333333,0.34838709677419355,0.4064516129032258,0.0,False,0,[],,,,,,,,,,,,,,,,,,"{""indicator_details"": {}, ""regime_green"": true}",0.008003769,"['healthy 200d sector breadth', 'limited recent downside gap risk', 'dollar volume ratio 20 60']","healthy 200d sector breadth, limited recent downside gap risk, dollar volume ratio 20 60",0.5609167671893848
2026-08-31,GPC,Consumer Discretionary,Distributors,XLY,SPY,True,132348741.54725647,135.6699981689453,2.861987522670201,0.02109521310014513,0.32142857142857145,0.36904761904761907,99.18072006540109,99.53846514350163,99.60409910329895,97.63458401305057,0.24572507052990034,0.190784884794013,0.3778200568490888,1.954062415658555,1.6280640456504045,0.394920781298304,0.1444115957526637,1.3296726941095547,0.13388244109044814,0.06794983485353935,51.30866727398798,36.0,29.0,-0.06053924485076645,1.894173862090535,-0.15098939906239117,0.13893548556720603,0.007569113770777158,0.06053924485076649,-0.03016656829734321,-0.1049020808006047,137.0,0.09855507627357689,0.730633265236595,1.4064433230455031,0.8526925302565816,0.6763175424781098,0.4166666666666667,0.34838709677419355,0.4064516129032258,0.0,False,0,[],,,,,,,,,,,,,,,,,,"{""indicator_details"": {}, ""regime_green"": true}",0.018342763,"['dollar volume ratio 20 60', 'earnings breakout open', 'strong earnings gap']","dollar volume ratio 20 60, earnings breakout open, strong earnings gap",0.6334841628959276
2026-08-31,GRMN,Consumer Discretionary,Consumer Electronics,XLY,SPY,True,218741804.11769104,284.1099853515625,6.404187883649554,0.022541227742224206,0.36904761904761907,0.015873015873015872,91.34987389884749,94.95301790947299,95.64219077245068,91.51712887438825,0.25216922149189713,0.5783855912097096,2.252893246923918,2.6825730471673808,-2.7778996504691236,0.19978877402912887,0.11345814890248063,1.7737266260900932,0.1999178758113729,0.05434446740030887,14.975295487398327,42.0,23.0,0.032170328635763745,4.690355724026115,0.024296168675353336,-0.036359942030779635,0.0056632451229288614,0.019985467702637927,-0.09599724304734158,-0.09599724304734158,15.0,0.1126322316232711,0.6570950792509604,1.6044019709733135,1.616210965342954,1.0291595692542155,0.9166666666666666,0.34838709677419355,0.4064516129032258,0.0,False,0,[],,,,,,,,,,,,,,,,,,"{""indicator_details"": {}, ""regime_green"": true}",0.00337986,"['healthy 200d sector breadth', 'limited recent downside gap risk', 'supportive earnings open vs 20d high']","healthy 200d sector breadth, limited recent downside gap risk, supportive earnings open vs 20d high",0.5094850948509486
2026-08-31,HAS,Consumer Discretionary,Leisure Products,XLY,SPY,True,131476129.66534424,94.0999984741211,2.0712857927594865,0.02201153906850616,0.20238095238095238,0.28174603174603174,76.61345095208904,85.37199640332723,87.19301183872956,80.17944535073408,8.951688295504184,7.944081510308024,12.909928559710778,8.622803133945169,38.53315358219293,0.10614786424933143,-0.04997480489778616,1.078700995910644,0.05384549943355334,0.06347509503449955,39.12720107082477,38.0,29.0,0.03578877226868782,4.000029021947188,-0.020173888275588747,0.05992340355905501,0.005927464124664311,0.01092900731221823,-0.04175151325393689,-0.12039637762805999,137.0,0.10213242008936924,0.8115164501572905,1.1455705832898848,0.7331527378179664,0.7278378633635191,0.2833333333333333,0.34838709677419355,0.4064516129032258,0.0,False,0,[],,,,,,,,,,,,,,,,,,"{""indicator_details"": {}, ""regime_green"": true}",0.0006415448,"['healthy 200d sector breadth', 'limited recent downside gap risk', 'dollar volume ratio 20 60']","healthy 200d sector breadth, limited recent downside gap risk, dollar volume ratio 20 60",0.46534653465346526
2026-08-31,HOG,Consumer Discretionary,Motorcycle Manufacturers,XLY,SPY,True,44097752.22446346,27.600000381469727,0.864785875592913,0.03133282114639095,0.23015873015873015,0.7301587301587301,82.17341758478278,89.1447235327924,90.54807679455593,84.99184339314844,-6.9471878015029915,-3.9252146972610262,-1.3276704575271054,-2.0497213990276038,21.177662464053086,0.13347022378173112,0.5531794974946864,1.0940158350516203,0.20295641280605028,0.05381321416835822,56.56716766323191,47.0,27.0,-0.005792967049206732,1.6744985010206315,-0.045533588892853416,0.04072397832066721,0.007867315700597639,0.012076332879666215,-0.03664918851801402,-0.11679998779296874,239.0,0.12001562564428007,0.8016660516058494,1.0078672265202786,0.7025984334064286,0.6629072250021084,0.31666666666666665,0.34838709677419355,0.4064516129032258,0.0,False,0,[],,,,,,,,,,,,,,,,,,"{""indicator_details"": {}, ""regime_green"": true}",0.006574411,"['dollar volume ratio 20 60', 'healthy 200d sector breadth', 'healthy 50d sector breadth']","dollar volume ratio 20 60, healthy 200d sector breadth, healthy 50d sector breadth",0.5609167671893848
2026-08-31,HRB,Consumer Discretionary,Specialized Consumer Services,XLY,SPY,True,75461190.25440216,51.650001525878906,2.4020865304129466,0.04650699824683251,0.8174603174603174,0.8690476190476191,97.5296248986424,98.59814340387854,98.7958810304638,96.08482871125612,-1.321565781900702,-0.6979753458663538,-0.3693211866342381,0.485806706366148,2.849294888925243,0.3052818277538365,0.669360072215399,0.6690348298711583,0.3381720369846006,0.16200801857690286,63.60656995260185,48.0,14.0,-0.012410182691855676,2.467144051403511,-0.04162267366342132,0.10670673992542246,0.01571455273538207,0.02882578638309942,-0.11965223900044653,-0.11965223900044653,13.0,0.32020702029643905,1.0716053714213287,0.4484856033454458,0.7475579482272195,1.261383085273757,0.26666666666666666,0.34838709677419355,0.4064516129032258,0.0,False,0,[],,,,,,,,,,,,,,,,,,"{""indicator_details"": {}, ""regime_green"": true}",-0.0128492545,"['healthy 50d sector breadth', 'holding above recent breakout', 'healthy 200d sector breadth']","healthy 50d sector breadth, holding above recent breakout, healthy 200d sector breadth",0.3860759493670886
2026-08-31,KMX,Consumer Discretionary,Automotive Retail,XLY,SPY,True,97999836.46718216,61.33000183105469,1.875349862234933,0.030578017385372754,0.06349206349206349,0.0873015873015873,98.7730659411316,99.30757368641643,99.40584627132762,96.90048939641109,-1.099686012600344,-0.6147716033772923,-0.5019476791275963,-1.5510183460501992,-1.1435203835400074,0.3622834564071704,0.46687394921334313,0.7231057041608959,0.341691689582133,0.07618395653079221,61.06817453143279,21.0,53.0,-0.04106696151570055,2.8844462048942683,-0.06633032897415791,0.2930634922294544,0.007242360840882778,0.04106696151570051,-0.060508532814110616,-0.060508532814110616,3.0,0.16115256780281584,0.9296856636209841,1.047007726069642,0.49476965678214774,0.6351719229169163,0.1,0.34838709677419355,0.4064516129032258,0.0,False,0,[],,,,,,,,,,,,,,,,,,"{""indicator_details"": {}, ""regime_green"": true}",0.035330914,"['dollar volume ratio 20 60', 'healthy 50d sector breadth', 'healthy 200d sector breadth']","dollar volume ratio 20 60, healthy 50d sector breadth, healthy 200d sector breadth",0.7242798353909465
2026-08-31,KSS,Consumer Discretionary,Broadline Retail,XLY,SPY,True,56526888.69905281,17.81999969482422,1.028764316013881,0.05773088291986242,0.5317460317460317,0.09523809523809523,90.96548481839501,94.71948770000928,95.43901770397741,91.35399673735726,-8.147724547314212,-4.73772842679837,-3.917050462791593,-4.734022822544944,-7.423509375112175,0.19597316450011903,0.15116280502485346,1.6368517641633393,0.03484547286576381,-0.022812037119075385,45.12372638684634,61.0,3.0,-0.05825795638385689,3.988716150936985,-0.18978101038061768,-0.006689009791587597,0.011885843372321802,0.058257956383856925,-0.1328466979849302,-0.2934179151468821,187.0,0.2721597115117416,1.1128918568753035,2.309105669053658,1.726296378152778,1.0076800207020382,0.9166666666666666,0.34838709677419355,0.4064516129032258,0.0,False,0,[],,,,,,,,,,,,,,,,,,"{""indicator_details"": {}, ""regime_green"": true}",0.01618481,"['earnings breakout open', 'healthy 50d sector breadth', 'holding above recent breakout']","earnings breakout open, healthy 50d sector breadth, holding above recent breakout",0.5800865800865801
2026-08-31,KTB,Consumer Discretionary,"Apparel, Accessories & Luxury Goods",XLY,SPY,True,40495770.18270874,75.41000366210938,3.329821995326451,0.04415623701924786,0.7896825396825397,0.7896825396825397,63.04428250089619,75.24246285630905,77.99952323130798,68.59706362153344,-25.877041458879063,-17.69480218512865,-13.722721936716908,-18.200002393136486,-23.741974683275032,0.05394829413996405,0.16337556336228665,0.8423223616320845,0.04572104775095985,-0.08504879718149257,50.75025738701365,43.0,13.0,0.04922628717281574,2.8502241459387334,-0.11589475792152171,-0.07585778097746942,0.011838595411535858,0.02592183644739283,-0.14160495194176126,-0.1523155975923154,31.0,0.15844370984532477,1.129483206240815,0.663201788410606,0.8213289379698231,0.8884914522355143,0.36666666666666664,0.34838709677419355,0.4064516129032258,0.0,False,0,[],,,,,,,,,,,,,,,,,,"{""indicator_details"": {}, ""regime_green"": true}",0.022301007,"['supportive earnings gap', 'earnings breakout open', 'healthy 200d sector breadth']","supportive earnings gap, earnings breakout open, healthy 200d sector breadth",0.6583333333333333
2026-08-31,LAD,Consumer Discretionary,Automotive Retail,XLY,SPY,True,72861393.75465393,367.32000732421875,10.228070940290179,0.027845123424660796,0.15873015873015872,0.06746031746031746,95.26937272041936,97.28834310318028,97.6664608640815,94.29037520391516,-2.662583619808629,-1.4399761537139995,-0.8269378397835112,-0.08615291344425202,-1.3086468009748131,0.2514309793978269,0.34377171802629247,1.2187662185065757,0.18524778067723696,0.06370950722941521,39.02735747198102,37.0,23.0,0.05199409731727056,7.354644007336903,0.04347590274114577,-0.14073173508932435,0.007022785795372533,0.016117746962109672,-0.0659851562905579,-0.16421302990693554,23.0,0.0766037328840998,0.5891640519388568,1.0758802851212692,0.7891334151783966,0.6774273168504067,0.4666666666666667,0.34838709677419355,0.4064516129032258,0.0,False,0,[],,,,,,,,,,,,,,,,,,"{""indicator_details"": {}, ""regime_green"": true}",0.036288064,"['strong earnings volume', 'dollar volume ratio 20 60', 'healthy 200d sector breadth']","strong earnings volume, dollar volume ratio 20 60, healthy 200d sector breadth",0.7242798353909465
2026-08-31,LAUR,Consumer Discretionary,Education Services,XLY,SPY,True,29224640.06137848,37.529998779296875,0.8337146214076451,0.022214618932190244,0.11904761904761904,0.2857142857142857,82.24045542455843,89.1889944550651,90.58722876025853,85.07340946166396,3.953493001992186,3.6584860904454928,7.316577761083593,6.589301882201852,2.514322257099977,0.13383687339560857,0.15869093814466506,2.1482662473838725,0.08897499951893732,-0.006874908191642741,57.07153221291716,43.0,22.0,0.02421245271726913,1.3682486959322604,-0.03460122324937687,-0.022910728237727995,0.003794268260637684,0.0333511210049875,-0.0440651965409653,-0.08262041263070419,22.0,0.07990644521730554,0.6916854443184505,1.1258708405203453,1.6506919509334606,0.7210361645649156,0.9333333333333333,0.34838709677419355,0.4064516129032258,0.0,False,0,[],,,,,,,,,,,,,,,,,,"{""indicator_details"": {}, ""regime_green"": true}",-0.012171762,"['healthy 200d sector breadth', 'dollar volume ratio 20 60', 'healthy 50d sector breadth']","healthy 200d sector breadth, dollar volume ratio 20 60, healthy 50d sector breadth",0.3860759493670886
2026-08-31,LTH,Consumer Discretionary,Leisure Facilities,XLY,SPY,True,114081517.2074604,42.02000045776367,1.0728424617222376,0.025531709900874545,0.13095238095238096,0.36904761904761907,98.40072127123284,99.09595445840814,99.2240264149383,96.5742251223491,-0.9466614552388819,-0.5049595018191297,-0.3023902166399779,-0.08429158506736201,3.5016904850222943,0.3407785658320708,0.5892586841531,1.3667678883688545,0.31055088358606864,-0.019843382282191787,38.26997667184292,46.0,22.0,-0.00831512170177895,1.8314349310850622,-0.03471780706342176,-0.04932127302141709,0.009072141846940374,0.01940201465815446,-0.10213672771839777,-0.11040542151374555,22.0,0.10472090647111731,0.7165689985968441,0.842925293875837,1.2869850005660026,1.0189995922779418,0.8166666666666667,0.34838709677419355,0.4064516129032258,0.0,False,0,[],,,,,,,,,,,,,,,,,,"{""indicator_details"": {}, ""regime_green"": true}",-0.010501746,"['healthy 200d sector breadth', 'holding above recent breakout', 'limited recent downside gap risk']","healthy 200d sector breadth, holding above recent breakout, limited recent downside gap risk",0.41847826086956524
2026-08-31,MHK,Consumer Discretionary,Home Furnishings,XLY,SPY,True,96143885.71337128,128.25,3.633930206298828,0.028334738450673125,0.29365079365079366,0.051587301587301584,92.65676937071726,95.74091701481058,96.32666325261229,92.41435562805873,-4.596918385465614,-2.565805513156704,-1.668837437935835,-0.9026777867742055,-2.940167599325136,0.2140287839926578,0.07574231409862442,1.2714294992929465,0.13108952881231434,0.046310135246201686,33.59287298455355,43.0,22.0,0.014993866809125178,4.231628643519572,-0.06301903503502215,0.07268319353341801,0.009274492064446393,0.028320036050636523,-0.08588740406022988,-0.10396146422963848,247.0,0.09978837804645756,0.8380483227646536,1.0088918312797253,1.2572968971333784,1.0951136924739318,0.8666666666666667,0.34838709677419355,0.4064516129032258,0.0,False,0,[],,,,,,,,,,,,,,,,,,"{""indicator_details"": {}, ""regime_green"": true}",-0.019872755,"['healthy 200d sector breadth', 'healthy 50d sector breadth', 'supportive sector breadth 50d']","healthy 200d sector breadth, healthy 50d sector breadth, supportive sector breadth 50d",0.25981308411214954
2026-08-31,MHO,Consumer Discretionary,Homebuilding,XLY,SPY,True,22916170.995056152,148.80999755859375,3.948217119489397,0.026531934576067655,0.07142857142857142,0.38492063492063494,70.52076269315592,80.99506794674288,83.25408100638079,74.87765089722676,-15.781153189849746,-10.178050859176182,-6.434200799005325,-10.044924489896303,-13.63090655998596,0.08099661194149288,0.052478946184142616,0.8779522351500306,0.08464529026456617,-0.016413173975734937,44.583201134952866,37.0,23.0,0.004206647773208783,1.8832884137803299,-0.05755352412514225,-0.03670376958674737,0.009739094722751456,0.024708972661107047,-0.04855983683373466,-0.0907369288233354,46.0,0.06640988606028171,0.9355709760445804,1.2352487271994592,0.6600657959030534,0.7334987173183137,0.2,0.34838709677419355,0.4064516129032258,0.0,False,0,[],,,,,,,,,,,,,,,,,,"{""indicator_details"": {}, ""regime_green"": true}",0.009909255,"['healthy 200d sector breadth', 'healthy 50d sector breadth', 'supportive sector breadth 50d']","healthy 200d sector breadth, healthy 50d sector breadth, supportive sector breadth 50d",0.5609167671893848
2026-08-31,NWL,Consumer Discretionary,Housewares & Specialties,XLY,SPY,True,36313363.18101454,6.25,0.25999999046325684,0.041599998474121096,0.2261904761904762,0.4444444444444444,99.9980019321121,99.99887843989822,99.99903856715554,99.510603588907,0.03003370912608716,0.018418971456313216,0.02224323299518005,0.3255995139273864,1.6295929939599745,0.8768769198781816,0.4076576395164828,1.7541306636548166,0.41128918686033017,0.10147686002601942,52.57731705368719,44.0,21.0,0.27721791672066654,5.756387809636564,0.10520199632610616,0.11607144757801202,0.009696265363751604,0.022099427136777188,-0.0587349208324629,-0.12340986286960753,21.0,0.1197915890564552,0.6633017095500833,0.7904194544158419,1.122420892990988,0.6823613213362325,0.7166666666666667,0.34838709677419355,0.4064516129032258,0.0,False,0,[],,,,,,,,,,,,,,,,,,"{""indicator_details"": {}, ""regime_green"": true}",0.026204726,"['dollar volume ratio 20 60', 'healthy 50d sector breadth', 'well above 50d trend']","dollar volume ratio 20 60, healthy 50d sector breadth, well above 50d trend",0.6583333333333333
2026-08-31,PAG,Consumer Discretionary,Automotive Retail,XLY,SPY,True,61217759.52429199,216.58999633789062,2.704992021833147,0.012488997957288996,0.01984126984126984,0.007936507936507936,96.24708200451589,97.85815986263427,98.15832557616783,95.26916802610114,-1.4521028763872579,-0.7257274957546969,-0.16441326569447767,1.3001378712519056,2.115133796272289,0.2707697326650167,0.3817543626021731,1.566648319075463,0.2533932961891368,0.056870637579136865,49.798713662726925,42.0,23.0,0.013135764109837522,1.6678354921633516,0.012813486195781154,-0.030657026623117423,0.0035550486792929824,0.012350324205699592,-0.021857907681807842,-0.04539646119029317,23.0,0.027906976744186046,0.5693566530596055,1.1432618353427226,1.1515677447166675,0.8047133033549267,0.8166666666666667,0.34838709677419355,0.4064516129032258,0.0,False,0,[],,,,,,,,,,,,,,,,,,"{""indicator_details"": {}, ""regime_green"": true}",-0.0110553885,"['limited recent downside gap risk', 'healthy 200d sector breadth', 'constructive ATR profile']","limited recent downside gap risk, healthy 200d sector breadth, constructive ATR profile",0.41847826086956524
2026-08-31,PHM,Consumer Discretionary,Homebuilding,XLY,SPY,True,154914071.1060791,126.31999969482422,3.2964281354631697,0.026095852940365673,0.17857142857142858,0.40476190476190477,68.46504446393514,79.4569950919603,81.85788005847338,73.7357259380098,-6.861596453282544,-3.8907001149439964,1.0345201922340124,-2.8738910139054497,-8.008365341533818,0.07323706856485845,-0.05533952631114103,1.5791015897971772,0.009860770367995193,-0.023137841603864964,39.15362519850136,38.0,28.0,0.029695756869263956,1.814389231715042,-0.08665857453780867,-0.0033925073386649185,0.009235145065533763,0.022421126721751505,-0.05632751293252469,-0.12581315090087042,135.0,0.06314031226285012,0.869535592422785,1.2538646466161114,1.181719452605126,0.7183921726116982,0.7666666666666667,0.34838709677419355,0.4064516129032258,0.0,False,0,[],,,,,,,,,,,,,,,,,,"{""indicator_details"": {}, ""regime_green"": true}",0.0005225017,"['healthy 200d sector breadth', 'dollar volume ratio 20 60', 'strong earnings gap']","healthy 200d sector breadth, dollar volume ratio 20 60, strong earnings gap",0.46534653465346526
2026-08-31,SBUX,Consumer Discretionary,Restaurants,XLY,SPY,True,622832673.1478882,106.25,2.445464542933873,0.023016136874671744,0.17063492063492064,0.1984126984126984,75.4227980281178,84.537259478885,86.44569156759364,79.44535073409462,19.646640321773113,17.134793304843598,22.926730887312836,17.50566043254613,33.9685781179577,0.10092215986091113,0.09807769382237463,1.2930886445388108,0.0925699820889648,0.010503527644421631,48.87915758702276,42.0,23.0,0.006013605778448783,1.7814367876623616,-0.05044403521828433,0.02026119284346084,0.004855623105720186,0.0114217042348275,-0.03854770332999791,-0.03854770332999791,12.0,0.08555893557208841,0.8875951498818454,1.2639197481439453,1.0653709373411977,0.8156772345572676,0.7166666666666667,0.34838709677419355,0.4064516129032258,0.0,False,0,[],,,,,,,,,,,,,,,,,,"{""indicator_details"": {}, ""regime_green"": true}",0.0039363275,"['healthy 200d sector breadth', 'limited recent downside gap risk', 'healthy 50d sector breadth']","healthy 200d sector breadth, limited recent downside gap risk, healthy 50d sector breadth",0.5094850948509486
2026-08-31,SCI,Consumer Discretionary,Specialized Consumer Services,XLY,SPY,True,60309857.546978,81.63999938964844,1.5952856881277901,0.019540491181459573,0.3373015873015873,0.40476190476190477,78.82426854414639,86.89644894447966,88.55313351681669,81.89233278955955,9.700947545322549,8.308684035235515,12.999626074108079,9.43919505524822,20.930637598035503,0.1163681451640246,-0.04681847127602046,0.9802163713407739,0.023399890048416007,0.010523594865135717,43.008999938241224,42.0,23.0,0.0017650493122995936,1.8898618613767888,-0.00954042727096327,-0.04715220472849713,0.006060165634928704,0.01582122232404541,-0.06574357848759627,-0.10167251477796468,22.0,0.057067534592527946,0.751586740941456,0.8568209990678839,0.6463200618283085,0.602353189020935,0.21666666666666667,0.34838709677419355,0.4064516129032258,0.0,False,0,[],,,,,,,,,,,,,,,,,,"{""indicator_details"": {}, ""regime_green"": true}",0.0042120884,"['dollar volume ratio 20 60', 'healthy 200d sector breadth', 'healthy 50d sector breadth']","dollar volume ratio 20 60, healthy 200d sector breadth, healthy 50d sector breadth",0.5094850948509486
2026-08-31,SKY,Consumer Discretionary,Homebuilding,XLY,SPY,True,40794940.0754776,89.2699966430664,2.484891619001116,0.027835686260150847,0.07539682539682539,0.5714285714285714,94.94890139457931,97.10048210517756,97.50412346913362,93.96411092985318,-1.5468837792508623,-0.7324694855193599,0.0672017672222438,1.2990742550365582,-1.5534114825347558,0.24591758188342006,-0.01685029027828633,0.7506281551503705,0.07652461917086543,0.03168674535899426,35.7226156712818,41.0,19.0,0.01744396883303212,1.6393277113135147,-0.054060322586306775,0.08389990264092284,0.013065716383968796,0.0417071094358639,-0.07348211669101712,-0.09982859442039449,155.0,0.22077915424261987,0.857131589312754,1.0086220552930347,0.7326005950632027,0.9687860644840927,0.31666666666666665,0.34838709677419355,0.4064516129032258,0.0,False,0,[],,,,,,,,,,,,,,,,,,"{""indicator_details"": {}, ""regime_green"": true}",-0.01567118,"['healthy 200d sector breadth', 'healthy 50d sector breadth', 'supportive sector breadth 50d']","healthy 200d sector breadth, healthy 50d sector breadth, supportive sector breadth 50d",0.3488372093023256
2026-08-31,TXRH,Consumer Discretionary,Restaurants,XLY,SPY,True,134985871.98860168,195.60000610351562,4.6639284406389505,0.023844214187655505,0.32936507936507936,0.12301587301587301,78.57223619523133,86.72431020747803,88.39985301522908,81.56606851549756,-5.349798765971741,-2.8126366042388042,0.5861881235259148,-1.889514206588828,2.9189617510313894,0.11516540997688218,0.0855208582791398,0.7943536056541695,0.09047305793879012,-0.013392806276979604,28.27017009445339,48.0,17.0,0.005083921144334536,0.6331311994739535,-0.01734970010103598,-0.06308376634297252,0.00548560601699023,0.019878378456405815,-0.09524027987127259,-0.09524027987127259,12.0,0.10986195334910417,0.9869296646537008,0.668475878240756,0.6744666673551253,0.8545147426436375,0.13333333333333333,0.34838709677419355,0.4064516129032258,0.0,False,0,[],,,,,,,,,,,,,,,,,,"{""indicator_details"": {}, ""regime_green"": true}",-0.016547013,"['healthy 200d sector breadth', 'holding above recent breakout', 'healthy 50d sector breadth']","healthy 200d sector breadth, holding above recent breakout, healthy 50d sector breadth",0.3153846153846154
2026-08-31,URBN,Consumer Discretionary,Apparel Retail,XLY,SPY,True,70083121.65424347,80.69000244140625,3.2798854282924106,0.04064797780461251,0.6111111111111112,0.753968253968254,81.19090894731349,88.49263151960396,89.9708019166198,84.25774877650896,25.674130029980773,21.321489616048765,26.695708621706977,22.48105765996455,11.641611857193567,0.12821597075996016,0.22834524954356028,0.9895079375764906,0.12674997666593762,0.08722311314830092,52.274372964059474,62.0,3.0,0.04117185005068147,3.8941976034410755,-0.019875757442498032,-0.027245263290920807,0.008999713172727474,0.020166712226264177,-0.05548399680249516,-0.05548399680249516,2.0,0.18900490075787443,1.0561244783250292,2.009414627664678,1.074025519851653,1.1275475695247017,0.7333333333333333,0.34838709677419355,0.4064516129032258,0.0,False,0,[],,,,,,,,,,,,,,,,,,"{""indicator_details"": {}, ""regime_green"": true}",0.004336214,"['healthy 200d sector breadth', 'healthy 50d sector breadth', 'limited recent downside gap risk']","healthy 200d sector breadth, healthy 50d sector breadth, limited recent downside gap risk",0.5094850948509486
2026-08-31,VAC,Consumer Discretionary,"Hotels, Resorts & Cruise Lines",XLY,SPY,True,39328717.24529648,104.26000213623047,4.404028756277902,0.04224082741263917,0.5317460317460317,0.9126984126984127,84.98361271323984,90.97663273048133,92.16397719352156,87.35725938009789,-14.81612038454412,-8.901117055575156,-7.690876856742008,-10.849749584857292,-11.664745509877662,0.14988424221607377,0.5475730723718877,1.2719427440460336,0.3786751908189018,-0.004558047749353862,36.37531848810844,47.0,17.0,0.0887065236423874,2.335620269581273,0.050951211325222845,-0.11927686640303425,0.016127446854998444,0.016597944436614047,-0.20439540926379496,-0.20439540926379496,16.0,0.34047662955583363,1.0548134049135476,1.0890119689204751,1.4087967208744996,1.1817449391576047,0.8666666666666667,0.34838709677419355,0.4064516129032258,0.0,False,0,[],,,,,,,,,,,,,,,,,,"{""indicator_details"": {}, ""regime_green"": true}",0.016303461,"['supportive earnings open vs 20d high', 'healthy 200d sector breadth', 'healthy 50d sector breadth']","supportive earnings open vs 20d high, healthy 200d sector breadth, healthy 50d sector breadth",0.6
2026-08-31,WEN,Consumer Discretionary,Restaurants,XLY,SPY,True,50380780.20090723,8.300000190734863,0.4562643255506243,0.05497160422477384,0.8333333333333334,0.9087301587301587,64.02211904157267,76.02030528327619,78.71524715653904,69.82055464926592,-15.384701228786497,-10.321649142165711,-5.470149405423143,-9.478548855216573,5.435876572656298,0.0573248779069071,0.11559141490594227,0.5259195757890969,0.07833523290251788,0.05153804841460552,58.581235922664646,49.0,16.0,-0.07390452042250828,2.763525276756676,-0.11775697691525744,0.07932381391098309,0.017747240885410992,0.1294247877468041,-0.09190373315484113,-0.21845571749759807,251.0,0.29461762286138365,1.0648738814303373,0.66571463629448,0.29143799599253534,0.6578945178020612,0.21666666666666667,0.34838709677419355,0.4064516129032258,0.0,False,0,[],,,,,,,,,,,,,,,,,,"{""indicator_details"": {}, ""regime_green"": true}",0.07150973,"['dollar volume ratio 20 60', 'healthy 50d sector breadth', 'earnings breakout open']","dollar volume ratio 20 60, healthy 50d sector breadth, earnings breakout open",0.8309859154929577
2026-08-31,WSM,Consumer Discretionary,Homefurnishing Retail,XLY,SPY,True,156883876.09740448,228.25,8.462621416364398,0.03707610697202365,0.75,0.031746031746031744,81.37195081535496,88.61324925403902,90.0776630570948,84.50244698205547,-11.97164049875721,-7.2183884309711175,-5.010565288960251,-6.369598657716324,-11.42257339284265,0.12916790684272983,0.13365453537084981,1.847600802985472,0.12104787684959104,-0.022218037177163988,20.276737200356337,57.0,3.0,-0.045752770051276315,3.2975600987761053,-0.12108608858371839,-0.038663997637050196,0.010440489563503302,0.045752770051276266,-0.10441026660372199,-0.10441026660372199,14.0,0.15144124345827836,1.0446263163418605,1.6140109986651736,1.9629788857760664,1.0187002094139044,0.95,0.34838709677419355,0.4064516129032258,0.0,False,0,[],,,,,,,,,,,,,,,,,,"{""indicator_details"": {}, ""regime_green"": true}",0.00094534364,"['healthy 50d sector breadth', 'healthy 200d sector breadth', 'earnings breakout open']","healthy 50d sector breadth, healthy 200d sector breadth, earnings breakout open",0.46534653465346526
2026-08-31,ACA,Industrials,Construction & Engineering,XLI,SPY,True,69989706.75748444,145.3000030517578,0.3731449672154018,0.0025681002021898276,0.003968253968253968,0.027777777777777776,87.34408884458429,92.47842439737477,93.4823121591006,85.31810766721044,-3.029130971680658,-1.4205449968456918,0.6456702602988003,2.2700229076342424,18.651441000543784,0.1657574114512168,0.33769102722960476,1.2406036328858052,0.18624497215238306,0.0016883443183776288,56.47834131751704,43.0,18.0,0.0007574756192461063,0.8474190251834739,-0.004452623068283534,-0.000137656698683708,0.0010562252091865399,0.008384399450590106,-0.004658122315953528,-0.009880728778481673,49.0,0.007187343240192853,0.8278694086104657,0.9242380448554137,0.7576082036927747,0.6807917072592412,0.7,0.31797235023041476,0.5345622119815668,0.0028551007280190888,False,0,[],,,,,,,,,,,,,,,,,,"{""indicator_details"": {}, ""regime_green"": true}",-0.009348014,"['realized vol 20 percentile 252', 'healthy 200d sector breadth', 'strong earnings volume']","realized vol 20 percentile 252, healthy 200d sector breadth, strong earnings volume",0.41847826086956524
2026-08-31,ADP,Industrials,Human Resource & Employment Services,XLI,SPY,True,565398448.4711609,286.1600036621094,5.657468523297991,0.0197702979133946,0.39285714285714285,0.3412698412698413,93.48133170053275,96.23324288169898,96.7535760763642,91.27243066884176,-1.314385092307191,-0.526582891610218,0.5782279761513252,2.9268723966331294,11.891827571857249,0.22426626566704,0.3311624972654563,0.8087231385231218,0.21018061193449444,0.11406126194649303,66.81542916607643,42.0,24.0,0.016511125517336023,1.6237866259946914,-0.008112950660114415,0.08324181063945968,0.007028068276263866,0.02834985601356049,-0.0059055852704812395,-0.06272311437429823,251.0,0.09302855924484749,0.6778155799032791,1.0576727047361134,0.6736544902626129,0.8953479218053894,0.1,0.31797235023041476,0.5345622119815668,0.0028551007280190888,False,0,[],,,,,,,,,,,,,,,,,,"{""indicator_details"": {}, ""regime_green"": true}",0.002246523,"['supportive distance above 200d', 'healthy 200d sector breadth', 'realized vol 20 percentile 252']","supportive distance above 200d, healthy 200d sector breadth, realized vol 20 percentile 252",0.5094850948509486
2026-08-31,AGCO,Industrials,Agricultural & Farm Machinery,XLI,SPY,True,89232843.0647049,118.30999755859375,3.341656821114676,0.028244923422128383,0.23015873015873015,0.7103174603174603,63.6560904608473,75.73006916402923,78.44838188737451,61.99021207177814,28.201294657298106,28.3462964783917,35.320706527982516,31.998362031028343,54.49224956159069,0.05605640317526639,-0.13667539875335333,2.0992355485625867,0.03154488682046549,0.06535387316814494,79.97157401444437,44.0,22.0,-0.053111803961400805,3.468668123464198,-0.11657229619562715,0.10435919529363269,0.008477125694265553,0.05311180396140079,0.03908305747749674,-0.17714564916501163,137.0,0.21268579851376723,0.6381965765497745,2.005412536162545,2.286310910143136,1.0438740376713003,0.9833333333333333,0.31797235023041476,0.5345622119815668,0.0028551007280190888,False,0,[],,,,,,,,,,,,,,,,,,"{""indicator_details"": {}, ""regime_green"": true}",0.020582376,"['supportive earnings open vs 20d high', 'limited recent downside gap risk', 'supportive within-sector earnings open vs 20d high']","supportive earnings open vs 20d high, limited recent downside gap risk, supportive within-sector earnings open vs 20d high",0.6583333333333333
2026-08-31,AIR,Industrials,Aerospace & Defense,XLI,SPY,True,41247336.09046936,129.2899932861328,5.665002005440848,0.04381624487290043,0.7777777777777778,0.7976190476190477,88.62649238894751,93.28059708930853,94.1841537931917,86.7047308319739,-5.224940516616726,-2.876874201495454,-1.2852718899210203,-0.41833355270416916,-8.160794840397742,0.17547045910727,0.0794856550880394,0.9507555547426753,0.1418369106230289,-0.06749874250735395,35.29840954484098,16.0,29.0,0.015623812211978949,1.3672531368786587,-0.06091994849339866,-0.08564357236972031,0.010649122980327119,0.05240444641564123,-0.15968850806721535,-0.15968850806721535,17.0,0.19875026540899854,0.9808996895188182,0.8745420406545223,0.7674937192580921,0.8546312904157084,0.4,0.31797235023041476,0.5345622119815668,0.0028551007280190888,False,0,[],,,,,,,,,,,,,,,,,,"{""indicator_details"": {}, ""regime_green"": true}",0.03929055,"['supportive atr pct 14', 'limited recent downside gap risk', 'atr pct 14']","supportive atr pct 14, limited recent downside gap risk, atr pct 14",0.7242798353909465
2026-08-31,AIT,Industrials,Trading Companies & Distributors,XLI,SPY,True,70274932.27539062,323.9800109863281,8.715859549386161,0.026902460811861532,0.6706349206349206,0.5952380952380952,69.31689010672461,80.09822902622317,82.44073367473045,67.53670473083197,-3.5792062105987412,-1.4151496100160585,3.658967315284528,3.3150258392264362,0.951537656667341,0.07641703488755858,0.14262538344742715,1.582476980368357,0.09780303859917384,-0.04864314399229159,28.94463620797434,41.0,12.0,0.038774882428627144,2.084367307215709,0.006491124728200459,-0.09406628429664843,0.00687620379478851,0.025777141822650892,-0.1147845033170013,-0.1147845033170013,12.0,0.149935598290586,1.0170226437834786,1.1302506021220389,1.5358618199647716,0.9432423559703949,0.8666666666666667,0.31797235023041476,0.5345622119815668,0.0028551007280190888,False,0,[],,,,,,,,,,,,,,,,,,"{""indicator_details"": {}, ""regime_green"": true}",0.008101899,"['supportive days since earnings', 'healthy 200d sector breadth', 'earnings breakout open']","supportive days since earnings, healthy 200d sector breadth, earnings breakout open",0.5609167671893848
2026-08-31,ALLE,Industrials,Building Products,XLI,SPY,True,159549305.60321045,155.25,3.5953565325055803,0.02315849618361082,0.4722222222222222,0.44047619047619047,90.59125061191834,94.49133772265539,95.24039360409684,88.49918433931484,-3.605918646841701,-1.8872040462007789,-0.4879290601740678,0.7241232146204624,3.332110174685667,0.19239634131263328,-0.04461538461538461,6.0808543473232275,0.02628512489942862,0.028724774688508228,19.368315863329997,38.0,27.0,0.08302972939880804,3.25599764870881,0.06731929573395368,0.004399253694508332,0.005160430378287834,0.015009427536303419,-0.09136135171830162,-0.15214898431263824,137.0,0.10510316238180015,0.7905625740962196,1.9255060440402632,5.9688006927723505,1.0881372947067471,1.0,0.31797235023041476,0.5345622119815668,0.0028551007280190888,False,0,[],,,,,,,,,,,,,,,,,,"{""indicator_details"": {}, ""regime_green"": true}",0.0006160569,"['realized vol 20 percentile 252', 'healthy 50d sector breadth', 'strong 126d momentum']","realized vol 20 percentile 252, healthy 50d sector breadth, strong 126d momentum",0.46534653465346526
2026-08-31,AME,Industrials,Electrical Components & Equipment,XLI,SPY,True,228408376.43228912,235.1699981689453,4.967001778738839,0.021120898998224096,0.4801587301587302,0.6825396825396826,62.73095029641998,74.99152789661555,77.76827623824032,60.92985318107667,-3.9248017482400286,-1.629214013678805,4.366192881480231,2.2501465796096767,9.096112349780832,0.05287427259277333,-0.026049897995636173,1.858303475642118,0.04432357303468979,-0.026836592058129327,22.861543948904767,43.0,19.0,0.05017022403572513,3.116567776368419,0.0450259163339739,-0.074316097839078,0.007761335964971134,0.02739148721621498,-0.0995175567802109,-0.0995175567802109,12.0,0.11421137566521622,0.9760706249957642,1.3167854577262217,2.0760962022067977,1.0915409323470087,0.9666666666666667,0.31797235023041476,0.5345622119815668,0.0028551007280190888,False,0,[],,,,,,,,,,,,,,,,,,"{""indicator_details"": {}, ""regime_green"": true}",-0.002898448,"['healthy 200d sector breadth', 'strong 126d momentum', 'earnings breakout open']","healthy 200d sector breadth, strong 126d momentum, earnings breakout open",0.43728813559322033
2026-08-31,ATI,Industrials,Aerospace & Defense,XLI,SPY,True,266896654.0836029,204.1999969482422,7.789057050432477,0.03814425644877331,0.47619047619047616,0.9126984126984127,83.49513858375421,90.01239176945388,91.31450319093045,80.83197389885808,-13.15186737204526,-7.915315785023097,-6.234057293228744,-10.52906929592595,-14.848547698533935,0.140909609021868,0.22701597881850466,5.517013483487213,0.305341974353635,0.010046037315968747,26.667860737253307,41.0,17.0,0.07254646208636162,1.5050429763075264,0.0547543291356829,-0.11120784788577942,0.01445367889078773,0.03238767567719522,-0.16163524857284828,-0.16163524857284828,13.0,0.2504846416425031,0.9097586173617019,1.5268126207628054,6.317316637467578,1.1699983065254196,1.0,0.31797235023041476,0.5345622119815668,0.0028551007280190888,False,0,[],,,,,,,,,,,,,,,,,,"{""indicator_details"": {}, ""regime_green"": true}",0.029845182,"['supportive atr pct 14', 'supportive distance above 200d', 'supportive within-sector atr pct 14']","supportive atr pct 14, supportive distance above 200d, supportive within-sector atr pct 14",0.6583333333333333
2026-08-31,AXON,Industrials,Aerospace & Defense,XLI,SPY,True,404486260.8555908,566.5599975585938,29.39200701032366,0.05187801316185217,0.44841269841269843,0.9206349206349206,90.11848357055463,94.20199825415065,94.9883111477814,88.00978792822185,-9.73915121178365,-5.7111164673431745,-4.908524348763706,-10.034221851729242,-8.567229186692572,0.18805567806899148,-0.009545158886450467,1.2934564145691598,0.1190019371818703,0.010978970630539946,36.046089089422516,46.0,18.0,0.01655136296265769,1.446320742176013,-0.021775290332690433,-0.07043592735505444,0.00977396236111166,0.03751536952694214,-0.13052316873520398,-0.2847909301582148,235.0,0.2411386780664989,1.0073566781760126,0.6503719808437649,1.1912357126970476,1.0028528115114677,0.75,0.31797235023041476,0.5345622119815668,0.0028551007280190888,True,1,"[""industrials""]",,,,,,,,,,,,,,,,,,"{""indicator_details"": {}, ""regime_green"": true}",0.03008566,"['supportive atr pct 14', 'atr pct 14', 'supportive within-sector atr pct 14']","supportive atr pct 14, atr pct 14, supportive within-sector atr pct 14",0.6583333333333333
2026-08-31,AYI,Industrials,Electrical Components & Equipment,XLI,SPY,True,61000289.28504944,331.7900085449219,8.703257969447545,0.026231223802115154,0.23809523809523808,0.4246031746031746,70.4564323958533,80.94741958239787,83.21092234275346,68.27079934747145,-15.730036260748804,-10.147070001957545,-6.387012486076955,-8.990814344460091,-16.081278892137348,0.0807492135013741,0.12227706705897856,1.6813117344694752,0.03773440200843766,-0.030208797985582084,27.195696609660175,23.0,47.0,0.14526530543748484,4.237268088817044,0.08306642082943427,-0.07679680842138725,0.006302235651628779,0.025056821399930155,-0.09667841118487142,-0.12725886622830374,164.0,0.1136714790694438,0.9004726700329162,1.0588580150202662,0.947593932716485,0.5676012852823097,0.6333333333333333,0.31797235023041476,0.5345622119815668,0.0028551007280190888,False,0,[],,,,,,,,,,,,,,,,,,"{""indicator_details"": {}, ""regime_green"": true}",-0.007864121,"['dollar volume ratio 20 60', 'strong earnings volume', 'healthy 50d sector breadth']","dollar volume ratio 20 60, strong earnings volume, healthy 50d sector breadth",0.41847826086956524
2026-08-31,BR,Industrials,Data Processing & Outsourced Services,XLI,SPY,True,179292311.4439087,182.3800048828125,4.243022373744419,0.023264734401508298,0.40476190476190477,0.8611111111111112,83.36560967355304,89.92783983295585,91.23990172307244,80.75040783034257,-9.752293321205286,-5.7585694245108385,-3.6785707432620285,-5.313161851809014,18.48471915878593,0.14016002268022976,-0.022091126633713154,0.9559008926790133,0.024231888221368483,0.1558290865229733,67.34149407205479,46.0,19.0,0.06965810962859287,2.529466177000013,0.030997288583193727,0.08295232419050325,0.011027427389222416,0.03131618073220167,-0.024236256436472425,-0.2950135435754898,251.0,0.1681875228881836,0.7620837160190131,0.942726820446185,0.9683224395303074,1.1090607526013498,0.5166666666666667,0.31797235023041476,0.5345622119815668,0.0028551007280190888,False,0,[],,,,,,,,,,,,,,,,,,"{""indicator_details"": {}, ""regime_green"": true}",-0.0024299421,"['healthy 200d sector breadth', 'distance from 52w high', 'earnings breakout open']","healthy 200d sector breadth, distance from 52w high, earnings breakout open",0.43728813559322033
2026-08-31,CACI,Industrials,Diversified Support Services,XLI,SPY,True,140558801.5908203,623.010009765625,18.008924211774552,0.028906315997313543,0.24603174603174602,0.9404761904761905,89.98533478841757,94.12028294454828,94.91707993580033,87.92822185970635,-5.5816532466363356,-3.12818330831648,-1.8320905437554416,-1.7213298925348823,-0.7433347825104306,0.1868666273889168,-0.003120219115578249,1.2378584266211663,0.11340529234976808,0.1552771576281002,34.4043178321632,37.0,18.0,0.0022510781783044997,1.0229147073759295,0.00218223038312515,0.20265230687734426,0.00837240467289141,0.01788093695675202,-0.08835365397294304,-0.08850035147677393,151.0,0.33607700579887095,0.9189157966829907,0.8057664367496914,1.2424914531166473,1.184330679044219,0.7666666666666667,0.31797235023041476,0.5345622119815668,0.0028551007280190888,False,0,[],,,,,,,,,,,,,,,,,,"{""indicator_details"": {}, ""regime_green"": true}",0.010076131,"['strong earnings gap', 'holding above earnings close', 'supportive distance above 50d']","strong earnings gap, holding above earnings close, supportive distance above 50d",0.5609167671893848
2026-08-31,CLH,Industrials,Environmental & Facilities Services,XLI,SPY,True,115134666.93786621,315.25,6.471243722098214,0.020527339324657303,0.28174603174603174,0.15476190476190477,79.95268576709842,87.66204347770216,89.2339261492592,78.05872756933115,9.487697958556382,8.02272782502655,12.524016960328197,15.95603808277859,39.50942031586742,0.12188612099644125,0.06137637755245162,1.4730079605566289,0.12387710200954123,0.02359712199476961,53.29182509195997,47.0,23.0,0.08990017646067461,3.8471888424899943,0.05109881887825418,-0.033982951713979026,0.0033844473212169155,0.008272466809249021,-0.040860389969124,-0.06158838569698155,23.0,0.07933798940543334,0.7181430320828185,1.1877122265360816,1.361709730087076,0.9172800111209252,0.9,0.31797235023041476,0.5345622119815668,0.0028551007280190888,False,0,[],,,,,,,,,,,,,,,,,,"{""indicator_details"": {}, ""regime_green"": true}",-0.0013215775,"['realized vol 20 percentile 252', 'healthy 200d sector breadth', 'strong 126d momentum']","realized vol 20 percentile 252, healthy 200d sector breadth, strong 126d momentum",0.43728813559322033
2026-08-31,CNH,Industrials,Agricultural & Farm Machinery,XLI,SPY,True,147129719.22554207,11.829999923706055,0.44624301365443636,0.03772130317264103,0.5753968253968254,0.8531746031746031,91.47024434408385,95.02597906534504,95.70563956080751,89.39641109298532,6.386853172627866,4.686568805542066,6.973977571657983,12.623794956066007,69.9995080775004,0.20101517416803305,-0.0405515006564342,5.453305341509858,0.1078568341563173,0.09640585819245974,66.21623119358657,50.0,20.0,0.11317071682069368,3.8458805575487474,-0.003493446508240128,0.09537034396117972,0.007306016334227056,0.020128111700475425,-0.020695364369116787,-0.1111946242863654,135.0,0.22133602453957163,0.8153875796139711,2.1510069308718243,7.192788467730156,1.417649291473019,1.0,0.31797235023041476,0.5345622119815668,0.0028551007280190888,False,0,[],,,,,,,,,,,,,,,,,,"{""indicator_details"": {}, ""regime_green"": true}",-0.004472421,"['supportive atr pct 14', 'earnings breakout open', 'healthy 200d sector breadth']","supportive atr pct 14, earnings breakout open, healthy 200d sector breadth",0.43728813559322033
2026-08-31,CR,Industrials,Industrial Machinery & Supplies & Components,XLI,SPY,True,74021740.2510376,205.07000732421875,5.811683654785156,0.028339998279693808,0.3888888888888889,0.027777777777777776,80.8512455135066,88.26576907794136,89.7697119911365,78.79282218597064,-1.6328634675792415,-0.2668009444964241,3.1012159853681,4.139195454104296,-4.9887589061239055,0.12644879915720852,0.003670712476090854,1.786738406010157,0.051469857649853554,-0.05391007062066536,25.43610714544971,40.0,24.0,0.0020314054500911727,1.8479538042966026,-0.015618247737594904,-0.09397362091461325,0.010951264933297239,0.03887957583343232,-0.10308778922476158,-0.11032534783419201,25.0,0.12679776161744685,0.8405640728709453,1.6507435141666003,1.3879478049865372,0.7154359785908995,0.8166666666666667,0.31797235023041476,0.5345622119815668,0.0028551007280190888,False,0,[],,,,,,,,,,,,,,,,,,"{""indicator_details"": {}, ""regime_green"": true}",0.007052625,"['strong earnings gap', 'limited recent downside gap risk', 'healthy 200d sector breadth']","strong earnings gap, limited recent downside gap risk, healthy 200d sector breadth",0.5609167671893848
2026-08-31,CSW,Industrials,Industrial Conglomerates,XLI,SPY,True,34848175.17349243,308.95001220703125,8.941066196986608,0.02894017104292939,0.027777777777777776,0.003968253968253968,85.24778315880309,91.14635687288265,92.31325506371627,83.11582381729201,-2.0717741616415566,-0.7166383698179999,1.8311622790184003,4.142718682817673,-5.963230787434966,0.151552433438092,0.04622426338748231,1.1757580651673598,0.06552623901479615,0.011946385777875483,16.095439320871165,43.0,22.0,0.07857384020658942,1.4658905394724207,-0.046904379969864296,-0.01419904842411368,0.010862013065675141,0.046845624692259995,-0.1308995505067584,-0.1308995505067584,14.0,0.1544638150360513,0.6618035656191467,0.9916801079617142,0.9829617480504034,0.9087411865243352,0.5833333333333334,0.31797235023041476,0.5345622119815668,0.0028551007280190888,False,0,[],,,,,,,,,,,,,,,,,,"{""indicator_details"": {}, ""regime_green"": true}",0.0075974497,"['limited recent downside gap risk', 'healthy 200d sector breadth', 'realized vol 20 percentile 252']","limited recent downside gap risk, healthy 200d sector breadth, realized vol 20 percentile 252",0.5609167671893848
2026-08-31,CSX,Industrials,Rail Transportation,XLI,SPY,True,519103120.644825,50.5099983215332,0.8503570556640625,0.016835420390452518,0.1388888888888889,0.04365079365079365,75.53231079938008,84.61444405662245,86.51486951632619,73.3278955954323,-3.4980255409690955,-1.455572526444314,2.6363315980203623,2.3417505261576395,23.694643761691466,0.10139550042073142,0.17002549140407375,1.3622025430944231,0.1779129874347036,0.011160572059938242,57.03702796689034,38.0,28.0,0.002806161382264527,1.4764425527151313,-0.024471113812015832,0.011616222968404477,0.004495749279263961,0.008693913501441898,-0.031447807408631956,-0.057649258219285016,25.0,0.055240863174476636,0.7259971138004154,1.0226280368896503,1.05547352831272,0.7806794578789306,0.6,0.31797235023041476,0.5345622119815668,0.0028551007280190888,False,0,[],,,,,,,,,,,,,,,,,,"{""indicator_details"": {}, ""regime_green"": true}",-0.013504302,"['strong earnings gap', 'strong 126d momentum', 'realized vol 20 percentile 252']","strong earnings gap, strong 126d momentum, realized vol 20 percentile 252",0.3860759493670886
2026-08-31,CTAS,Industrials,Diversified Support Services,XLI,SPY,True,384436770.9963684,201.7899932861328,3.4642846243722096,0.017167772137540768,0.16666666666666666,0.15476190476190477,87.52718993423619,92.59354261356256,93.58313191874714,85.64437194127244,-2.4321211835927414,-1.0324178420819123,1.063249129347028,2.84078595920235,17.266213832062988,0.16709080630127127,0.0009423967106412245,1.0441748705504612,0.081670253976244,0.03606589095989478,42.94947950542997,17.0,33.0,0.03124061209260831,2.1867128873834942,0.02090803799433516,0.04896812604900713,0.004850185953436764,0.02553918076235456,-0.033480244918256075,-0.07927817184433239,23.0,0.056030506396111644,0.7184880848505605,1.0723118980533726,0.8565424718184953,0.8318065048622919,0.3,0.31797235023041476,0.5345622119815668,0.0028551007280190888,False,0,[],,,,,,,,,,,,,,,,,,"{""indicator_details"": {}, ""regime_green"": true}",-0.0040997122,"['realized vol 20 percentile 252', 'clear of near-term earnings', 'healthy 200d sector breadth']","realized vol 20 percentile 252, clear of near-term earnings, healthy 200d sector breadth",0.43728813559322033
2026-08-31,CWST,Industrials,Environmental & Facilities Services,XLI,SPY,True,44273558.823028564,92.25,2.296736036028181,0.024896867599221474,0.15079365079365079,0.19444444444444445,71.33256995594445,81.59371638528306,83.7958075238633,69.00489396411092,3.305047706153303,3.8741280419000077,9.19374349818328,9.347192252619479,36.24205777829185,0.0841462448027046,0.0035900983205869874,1.059817157607937,0.0016379086107715206,-0.005247116379665066,49.16719106009996,48.0,17.0,0.01032874606529921,0.2291242445636683,-0.10339047859675088,0.023351305511369214,0.007759324402817541,0.017099481450672666,-0.030478207875699992,-0.14551685084936372,138.0,0.10363632276884337,0.8283275597211502,0.9020470322317994,0.7318626586085318,0.6810694071410432,0.25,0.31797235023041476,0.5345622119815668,0.0028551007280190888,False,0,[],,,,,,,,,,,,,,,,,,"{""indicator_details"": {}, ""regime_green"": true}",0.012571417,"['supportive earnings open vs 20d high', 'supportive earnings volume', 'healthy 200d sector breadth']","supportive earnings open vs 20d high, supportive earnings volume, healthy 200d sector breadth",0.5609167671893848
2026-08-31,CXW,Industrials,Diversified Support Services,XLI,SPY,True,34515175.811338425,33.220001220703125,1.291414397103446,0.03887460414356096,0.6071428571428571,0.7896825396825397,99.90305329411534,99.94555897401862,99.95332806933011,98.69494290375204,0.00622329208779604,0.008513839109809851,0.02808180182852027,0.4064343462948301,1.1399306788131582,0.5662424636794403,0.8262781883103545,0.8547287292870149,0.46113184077202096,0.05138563972858537,46.64752497822262,47.0,18.0,0.027197336822526674,3.315748883284012,-0.052566261199326614,0.06372083597937506,0.012326061196898264,0.07716938465377683,-0.047045305821407424,-0.047045305821407424,15.0,0.22187170597121783,1.1216987097208653,0.9535392446395652,0.977166795432915,1.1705739370509287,0.5,0.31797235023041476,0.5345622119815668,0.0028551007280190888,True,1,"[""industrials""]",,,,,,,,,,,,,,,,,,"{""indicator_details"": {}, ""regime_green"": true}",0.015486872,"['supportive atr pct 14', 'limited recent downside gap risk', 'supportive distance above 200d']","supportive atr pct 14, limited recent downside gap risk, supportive distance above 200d",0.5800865800865801
2026-08-31,DE,Industrials,Agricultural & Farm Machinery,XLI,SPY,True,514955144.0307617,654.9099731445312,20.50311279296875,0.031306765255877306,0.8888888888888888,0.8888888888888888,92.06931598028136,95.38791208172005,96.02018855333384,90.1305057096248,-0.5099237776416743,0.04919201735280865,1.507753611835355,4.474433989983396,52.885191936193664,0.2073631288599873,0.038089601946066365,1.7406081769241961,0.1611536192464095,0.06991853610614607,60.5623980916406,62.0,7.0,0.05251190943969353,3.6791346989501794,-0.05104115842736112,0.05470733173827136,0.007870543063392554,0.01682630181107424,-0.00876349168385615,-0.028597323049967094,133.0,0.1404947523630565,1.027399173684136,2.287223057404774,1.6774866984176937,0.9562199453858867,0.95,0.31797235023041476,0.5345622119815668,0.0028551007280190888,True,1,"[""industrials""]",,,,,,,,,,,,,,,,,,"{""indicator_details"": {}, ""regime_green"": true}",-0.004169311,"['healthy 200d sector breadth', 'supportive days since earnings', 'healthy 50d sector breadth']","healthy 200d sector breadth, supportive days since earnings, healthy 50d sector breadth",0.43728813559322033
2026-08-31,DNOW,Industrials,Trading Companies & Distributors,XLI,SPY,True,29425386.993683815,16.030000686645508,0.40823568616594585,0.02546697870737114,0.06349206349206349,0.8253968253968254,94.56624435542781,96.87545891123946,97.30955775403272,92.08809135399673,6.524071624561756,4.526078179477352,6.266584975875958,12.462989479506106,14.41897969955501,0.23975253737842683,0.32918740703949223,0.9977119467179553,0.17790352278211097,0.10817691005302953,40.54056376121854,47.0,17.0,0.08509142161920624,1.6858287000864711,0.05975273767073053,0.02987479079975386,0.010183003609443991,0.013064092123578975,-0.06802325723234415,-0.07126300845454925,138.0,0.2159773917503837,0.9288528527510357,0.7806712037380125,0.9498287953406405,1.0045031479192732,0.5333333333333333,0.31797235023041476,0.5345622119815668,0.0028551007280190888,True,1,"[""industrials""]",,,,,,,,,,,,,,,,,,"{""indicator_details"": {}, ""regime_green"": true}",-0.008848675,"['healthy 200d sector breadth', 'dollar volume ratio 20 60', 'earnings breakout open']","healthy 200d sector breadth, dollar volume ratio 20 60, earnings breakout open",0.41847826086956524
2026-08-31,DXPE,Industrials,Trading Companies & Distributors,XLI,SPY,True,21288973.06652832,187.72999572753906,7.069307599748884,0.03765678240364361,0.14285714285714285,0.746031746031746,97.29177292840109,98.46154740432428,98.6782941778807,95.10603588907016,0.5404855156132271,0.46856233880829734,1.0528025884694472,3.6634931017840984,4.9674865818166865,0.2977325520192211,0.3060386013166465,0.8074327597629603,0.29688135939431715,0.07593621343666121,41.97747516108294,48.0,18.0,0.016727106572800743,1.49554037500522,-0.025833570687528007,0.11498486174378497,0.016199580328355105,0.02013620402065808,-0.09387970670835843,-0.09387970670835843,16.0,0.25244828297111926,0.9310474370088594,0.6658912023332482,0.7495657590298785,1.0291953937486753,0.3333333333333333,0.31797235023041476,0.5345622119815668,0.0028551007280190888,True,1,"[""industrials""]",,,,,,,,,,,,,,,,,,"{""indicator_details"": {}, ""regime_green"": true}",0.024954598,"['supportive atr pct 14', 'supportive within-sector atr pct 14', 'supportive distance above 200d']","supportive atr pct 14, supportive within-sector atr pct 14, supportive distance above 200d",0.6583333333333333
2026-08-31,EFX,Industrials,Research & Consulting Services,XLI,SPY,True,185340564.94796753,189.16000366210938,6.098299298967634,0.032238841091697355,0.36507936507936506,0.4126984126984127,72.72947355362795,82.61249323915177,84.71553183270606,70.2283849918434,-15.682999174707618,-9.985020083407434,-6.613966169531082,-10.29321240016965,17.90564660553533,0.08969415088823407,-0.0907080480118978,0.8395266652125243,0.004905144910609468,0.0762231997804561,57.71207768252114,36.0,29.0,-0.1173922655191958,3.9484004237753614,-0.12833165715942163,0.09341042579253966,0.009230344332074914,0.1173922655191958,-0.044139571094605534,-0.30414947685995397,239.0,0.1490159042070865,0.7436851617708429,1.2694794656882586,0.5703858293962878,0.6744227369030604,0.18333333333333332,0.31797235023041476,0.5345622119815668,0.0028551007280190888,False,0,[],,,,,,,,,,,,,,,,,,"{""indicator_details"": {}, ""regime_green"": true}",0.010424634,"['limited recent downside gap risk', 'supportive earnings open vs 20d high', 'supportive distance above 50d']","limited recent downside gap risk, supportive earnings open vs 20d high, supportive distance above 50d",0.5609167671893848
2026-08-31,EMR,Industrials,Electrical Components & Equipment,XLI,SPY,True,309734795.8314514,152.44000244140625,3.3549913678850447,0.022008602165790512,0.1865079365079365,0.5,69.25216806409614,80.049703425917,82.39666444473413,67.29200652528549,-14.488344373742748,-9.361115147443044,-5.272959460852661,-8.258115724103263,-8.176616131601236,0.07617373109671322,0.002367179155820187,1.0428776896737852,0.07129198380531619,0.022967796328250644,26.234066954024385,47.0,19.0,0.007426502106274491,2.34133772760191,0.006581522135632012,-0.04029208035783416,0.006368438228488843,0.022435325380126273,-0.08301252764531031,-0.08301252764531031,13.0,0.09267783725569664,0.8106299006157105,0.7323927945829725,0.9611107869609032,0.9617738708295366,0.55,0.31797235023041476,0.5345622119815668,0.0028551007280190888,False,0,[],,,,,,,,,,,,,,,,,,"{""indicator_details"": {}, ""regime_green"": true}",0.00038205244,"['earnings breakout open', 'healthy 200d sector breadth', 'strong 126d momentum']","earnings breakout open, healthy 200d sector breadth, strong 126d momentum",0.43728813559322033
2026-08-31,EXLS,Industrials,Data Processing & Outsourced Services,XLI,SPY,True,70504060.88817596,38.08000183105469,0.9464214869907924,0.024853504240616255,0.35714285714285715,0.43253968253968256,94.88459472037354,97.06272029993842,97.47148158937858,92.49592169657423,-1.0193229448288434,-0.39827075498588727,0.4724114186814745,2.3573723893207585,10.34433245452044,0.24485131222966494,0.22012185030790143,1.0905195588194565,0.13526435284262694,0.2144677810207011,72.71431265074882,41.0,24.0,0.02766109699929853,1.4428305731619107,0.00963194666614875,0.24729777185074608,0.0074909299657390845,0.04422605261510622,-0.02007202179737222,-0.15527949679846387,246.0,0.16591654591943011,0.6173078472130243,1.1882823258148112,0.8313393371257295,0.9099881410209643,0.4666666666666667,0.31797235023041476,0.5345622119815668,0.0028551007280190888,False,0,[],,,,,,,,,,,,,,,,,,"{""indicator_details"": {}, ""regime_green"": true}",0.016028488,"['limited recent downside gap risk', 'supportive post-earnings hold', 'supportive distance above 50d']","limited recent downside gap risk, supportive post-earnings hold, supportive distance above 50d",0.5800865800865801
2026-08-31,EXPD,Industrials,Air Freight & Logistics,XLI,SPY,True,122362042.04301453,189.64999389648438,3.707317897251674,0.019548209947611278,0.27380952380952384,0.6666666666666666,89.78344957275854,93.99619245942486,94.80887823655158,87.84665579119087,1.5361727141231825,1.5092816539493583,3.6071283539893244,7.6510567691859706,13.43752783683064,0.18509026646958548,0.3022727977595996,1.7309804389679728,0.20234613836101714,0.07640637620393756,78.7164330302012,46.0,19.0,-0.003458563518121016,2.2191102967506153,-0.07367046620372031,0.0450187258170931,0.004707578625379144,0.008353507454256968,-0.013677995108743901,-0.013677995108743901,1.0,0.14554657007706576,0.8267951674663689,0.8760000876595946,1.416401406045002,0.7800036754648808,0.7833333333333333,0.31797235023041476,0.5345622119815668,0.0028551007280190888,False,0,[],,,,,,,,,,,,,,,,,,"{""indicator_details"": {}, ""regime_green"": true}",-0.012115632,"['strong 126d momentum', 'healthy 200d sector breadth', 'supportive distance above 50d']","strong 126d momentum, healthy 200d sector breadth, supportive distance above 50d",0.3860759493670886
2026-08-31,EXPO,Industrials,Research & Consulting Services,XLI,SPY,True,26136559.173381805,71.01000213623047,1.779020036969866,0.025053090880871567,0.2777777777777778,0.25,88.67510257223795,93.31081704421155,94.21056228783941,86.7862969004894,-3.851444518111478,-1.9938108533022643,-0.2620874845417376,1.2932243658520832,8.791186876039532,0.17585697721338978,-0.037544004999952474,0.9219877819169731,0.060063582456325953,0.10040139475419813,61.52515255492308,43.0,22.0,-0.010403182411641732,1.5399082602888898,-0.03014056664537834,0.0997367581205435,0.005674199181672996,0.01882578652569571,-0.012652892879351785,-0.1334959758317158,140.0,0.10205326102828008,0.8545940345370661,1.0066032704041146,0.648828643144845,0.7281546801022313,0.13333333333333333,0.31797235023041476,0.5345622119815668,0.0028551007280190888,False,0,[],,,,,,,,,,,,,,,,,,"{""indicator_details"": {}, ""regime_green"": true}",0.012385501,"['strong earnings gap', 'supportive earnings gap', 'earnings breakout open']","strong earnings gap, supportive earnings gap, earnings breakout open",0.5609167671893848
2026-08-31,FAST,Industrials,Trading Companies & Distributors,XLI,SPY,True,318984923.60850906,49.310001373291016,0.9710573468889508,0.019692908534675653,0.2857142857142857,0.5198412698412699,79.76176132899226,87.53309206831186,89.11936429821054,77.89559543230015,-5.920802005345635,-3.2173177074457584,-0.08352217768405978,0.8784805178747206,7.5614471030418,0.12093656494285532,0.0643211617625894,1.1613670647152712,0.09063787562736876,0.01653548224300287,27.525605409167127,32.0,34.0,-0.010201903294787762,0.5028673107409102,-0.0462830647446989,0.02879201041787205,0.0038364677859916707,0.04329231691482759,-0.06812812019017611,-0.06812812019017611,14.0,0.12624643332494617,0.8387954544428786,0.7613404822445329,0.9925902471000781,0.9185984933251257,0.5666666666666667,0.31797235023041476,0.5345622119815668,0.0028551007280190888,False,0,[],,,,,,,,,,,,,,,,,,"{""indicator_details"": {}, ""regime_green"": true}",0.010142435,"['strong earnings gap', 'limited recent downside gap risk', 'supportive earnings gap']","strong earnings gap, limited recent downside gap risk, supportive earnings gap",0.5609167671893848
2026-08-31,FLR,Industrials,Construction & Engineering,XLI,SPY,True,108415209.80548096,54.5099983215332,1.8393355778285436,0.03374308630462656,0.23412698412698413,0.9484126984126984,88.05080105931638,92.92166719493024,93.87031750754738,86.21533442088092,6.490891241322231,5.041049436247093,7.9429055720087405,12.86570116904717,7.486728063912707,0.17099890902114856,0.07071299322158797,0.8593255317605123,0.14496718368457964,0.054892715609339816,55.64398238725947,49.0,16.0,0.09974784909173273,4.0669883782363465,0.02059158230106095,-0.04368423997310167,0.013204116942756295,0.0298929426865409,-0.05838661433324577,-0.05838661433324577,15.0,0.17352518225946992,0.9248161554455575,0.7271901590141936,0.9847376066846516,1.094349238840782,0.55,0.31797235023041476,0.5345622119815668,0.0028551007280190888,False,0,[],,,,,,,,,,,,,,,,,,"{""indicator_details"": {}, ""regime_green"": true}",0.014776542,"['supportive atr pct 14', 'supportive within-sector atr pct 14', 'atr pct 14 percentile 252']","supportive atr pct 14, supportive within-sector atr pct 14, atr pct 14 percentile 252",0.5800865800865801
2026-08-31,FLS,Industrials,Industrial Machinery & Supplies & Components,XLI,SPY,True,103115602.24340057,79.08999633789062,2.129041944231306,0.026919231796845078,0.3055555555555556,0.2896825396825397,62.88726720416319,75.11681871889213,77.8837584124744,61.174551386623165,-20.99442029607858,-14.392109729522502,-9.89790317021928,-14.457070455267626,-18.93954804287968,0.05340962185721887,-0.09621763904464398,1.4304282722744146,0.04292277306215994,0.05018969931060716,42.845582911157415,41.0,23.0,-0.010622344764472214,1.7582803333578938,-0.02861344248498532,0.13082633081332795,0.0064376555545253514,0.03579306329255033,-0.05110980460969217,-0.1441403181080093,128.0,0.09182607378186526,0.7118584981432821,1.4027045548673651,1.0645648276055681,0.7752138725885569,0.6,0.31797235023041476,0.5345622119815668,0.0028551007280190888,False,0,[],,,,,,,,,,,,,,,,,,"{""indicator_details"": {}, ""regime_green"": true}",0.015631974,"['strong earnings gap', 'supportive earnings gap', 'earnings breakout open']","strong earnings gap, supportive earnings gap, earnings breakout open",0.5800865800865801
2026-08-31,FSS,Industrials,Construction Machinery & Heavy Transportation Equipment,XLI,SPY,True,35493503.47740173,117.0,3.666027069091797,0.03133356469309228,0.503968253968254,0.32936507936507936,77.27029537460777,85.82834804248071,87.60080402788043,74.79608482871126,15.095248982941321,12.892953524438227,18.18888726439883,19.865359482337993,17.175872929770748,0.10910989069404065,-0.0214936832096978,1.1421654835319122,0.01625552522098466,-0.04377390374437184,25.29510831037868,43.0,22.0,0.08036829800390333,1.9496952019250062,-0.10155376247540204,-0.06061824862918985,0.0064951758771504,0.02148071663710692,-0.12542980215584865,-0.13017615955627793,40.0,0.14911527987794018,0.853156373571774,0.953756689486009,0.7392207626085557,0.6474831948496638,0.38333333333333336,0.31797235023041476,0.5345622119815668,0.0028551007280190888,False,0,[],,,,,,,,,,,,,,,,,,"{""indicator_details"": {}, ""regime_green"": true}",0.008976821,"['supportive earnings open vs 20d high', 'supportive within-sector earnings open vs 20d high', 'healthy 200d sector breadth']","supportive earnings open vs 20d high, supportive within-sector earnings open vs 20d high, healthy 200d sector breadth",0.5609167671893848
2026-08-31,G,Industrials,Data Processing & Outsourced Services,XLI,SPY,True,64991481.47784233,37.97999954223633,1.049642562866211,0.027636718681340093,0.376984126984127,0.44047619047619047,75.77906373586814,84.78805135835502,86.6704109681088,73.6541598694943,-11.502697236194805,-7.049424133195387,-3.7822813046277304,-5.155946079975962,9.187982200382635,0.1024673062734549,-0.055458830962705874,1.15803818791427,0.0063512872801672485,0.16468768152971627,79.21514746757643,48.0,17.0,0.010206991938734644,0.4654862396687532,-0.04039859835307413,0.05734970707966225,0.008658424224690492,0.04289011085339285,-0.008872655409593144,-0.2191611838235502,172.0,0.16469701131184897,0.7762005467999724,1.6005235983819797,1.2042827698402552,1.1223301101439696,0.7333333333333333,0.31797235023041476,0.5345622119815668,0.0028551007280190888,False,0,[],,,,,,,,,,,,,,,,,,"{""indicator_details"": {}, ""regime_green"": true}",0.030771585,"['supportive earnings volume', 'limited recent downside gap risk', 'days since 52w high']","supportive earnings volume, limited recent downside gap risk, days since 52w high",0.6583333333333333
2026-08-31,GD,Industrials,Aerospace & Defense,XLI,SPY,True,314122621.6836548,371.3500061035156,6.254324776785714,0.01684212918806925,0.2261904761904762,0.17857142857142858,73.97242923696743,83.50714326815503,85.52093814611142,71.69657422512235,-2.7261579937189566,-0.8590596652455389,3.558086885539524,3.5629148934190056,4.866908373451608,0.09478181821780596,0.01801087599705209,1.8378625113269864,0.04843364144225777,-0.013804596210506039,27.856813391947128,42.0,23.0,0.01426787384401651,1.6613338467760517,0.00852235586477268,-0.025225707599522806,0.004079454030062818,0.015370727384890027,-0.06508028998775761,-0.069204897591019,23.0,0.08093370536442827,0.7645436494849679,1.2495541915908335,1.344708097476461,0.6917903043565657,0.7166666666666667,0.31797235023041476,0.5345622119815668,0.0028551007280190888,False,0,[],,,,,,,,,,,,,,,,,,"{""indicator_details"": {}, ""regime_green"": true}",-0.0061886474,"['realized vol 20 percentile 252', 'dollar volume ratio 20 60', 'healthy 200d sector breadth']","realized vol 20 percentile 252, dollar volume ratio 20 60, healthy 200d sector breadth",0.41847826086956524
2026-08-31,GEO,Industrials,Environmental & Facilities Services,XLI,SPY,True,43735944.410217285,31.809999465942383,1.0142859050205775,0.031885756744715776,0.09523809523809523,0.17063492063492064,98.78231475553604,99.31282133237343,99.41035356742265,96.4110929853181,0.11630975405111599,0.13076023552157778,0.3802156513200572,2.686561607974994,6.354043270566677,0.3628962835467402,1.0804447053829334,1.4253350434224663,0.4969763751181872,0.03468351678145993,50.43352238696541,48.0,17.0,-0.0063653966407960505,0.7577598329693676,-0.02771726191466195,0.025632761307075258,0.005431790362519523,0.031113982639959972,-0.04042238305450563,-0.04042238305450563,5.0,0.14745594414089425,1.0212148254288207,1.3283309102198622,1.4597248351986876,0.9976458345265359,0.8333333333333334,0.31797235023041476,0.5345622119815668,0.0028551007280190888,True,1,"[""industrials""]",,,,,,,,,,,,,,,,,,"{""indicator_details"": {}, ""regime_green"": true}",-0.013655862,"['strong earnings gap', 'realized vol 20 percentile 252', 'supportive earnings gap']","strong earnings gap, realized vol 20 percentile 252, supportive earnings gap",0.3860759493670886
2026-08-31,GFF,Industrials,Building Products,XLI,SPY,True,24903333.53478241,97.38999938964844,2.7625656127929688,0.02836600913960578,0.3492063492063492,0.876984126984127,83.91013772049642,90.2825924241879,91.55278291714153,81.07667210440457,-5.477829574848627,-2.9650061521704174,-0.5286344372079412,-1.0749171376492228,0.1475767498813383,0.14334349660398793,0.15172661070814786,0.9851606937207623,0.1464552702906994,0.017189543573940962,23.041497539786207,57.0,18.0,0.036973701824874805,2.8350802587071233,0.0147443658120463,-0.052718590581196434,0.011522915424709646,0.023323629643244623,-0.10223085936673071,-0.10223085936673071,16.0,0.20667409917347096,0.8908851260232328,0.8528318898837352,0.9445452910370409,0.9809085399650113,0.5333333333333333,0.31797235023041476,0.5345622119815668,0.0028551007280190888,False,0,[],,,,,,,,,,,,,,,,,,"{""indicator_details"": {}, ""regime_green"": true}",-0.0020383091,"['healthy 200d sector breadth', 'earnings breakout open', 'strong 126d momentum']","healthy 200d sector breadth, earnings breakout open, strong 126d momentum",0.43728813559322033
2026-08-31,GWW,Industrials,Industrial Machinery & Supplies & Components,XLI,SPY,True,246329176.25982666,1309.489990234375,22.899989536830358,0.01748771636866936,0.06349206349206349,0.6904761904761905,62.903741004281926,75.13001081291064,77.89591524384915,61.25611745513866,1.9942606283704833,3.2630618924047354,9.631019041978263,7.466386403793912,31.508766191894974,0.053466094439482914,0.136463432618247,2.101575041662679,0.11899645326125209,-0.024854310360965953,52.503829624615825,47.0,19.0,-0.06611488363149498,2.2025002013715813,-0.09796966081965075,0.006951470184880071,0.007374773073794383,0.06611488363149498,-0.05682162979226735,-0.07761287252650007,31.0,0.061687635525249515,0.6551267910921027,0.8926790825661518,1.673482042246162,0.7454678676706546,0.9,0.31797235023041476,0.5345622119815668,0.0028551007280190888,False,0,[],,,,,,,,,,,,,,,,,,"{""indicator_details"": {}, ""regime_green"": true}",0.0060497224,"['limited recent downside gap risk', 'constructive ATR profile', 'supportive earnings open vs 20d high']","limited recent downside gap risk, constructive ATR profile, supportive earnings open vs 20d high",0.5609167671893848
2026-08-31,HXL,Industrials,Aerospace & Defense,XLI,SPY,True,70186023.6831665,92.66999816894531,2.595538003104074,0.02800839596837141,0.31746031746031744,0.2698412698412698,60.64698746652975,73.3013533058261,76.20622243702354,58.727569331158236,-4.519771546638339,-2.1112403823243255,4.1180242400481575,1.2703566172218004,-6.961102225483984,0.0458187284801741,-0.02174606898541298,1.3815896682009063,0.051208834637151424,-0.08099484805513983,29.95909537871782,37.0,23.0,-0.002090300191681327,1.284723042600091,-0.017317738828691476,-0.12252629832991324,0.006268082918733442,0.04225496456901924,-0.1386745857123043,-0.17062695070715372,25.0,0.1734103334400622,0.8159822608150137,1.2598157095820068,0.9531703921627322,0.6765623226214255,0.5166666666666667,0.31797235023041476,0.5345622119815668,0.0028551007280190888,False,0,[],,,,,,,,,,,,,,,,,,"{""indicator_details"": {}, ""regime_green"": true}",0.00931029,"['limited recent downside gap risk', 'strong earnings gap', 'realized vol 20 percentile 252']","limited recent downside gap risk, strong earnings gap, realized vol 20 percentile 252",0.5609167671893848
2026-08-31,IEX,Industrials,Industrial Machinery & Supplies & Components,XLI,SPY,True,112820866.05734253,228.63999938964844,4.65253666469029,0.02034874333935522,0.373015873015873,0.23015873015873015,75.53377023785073,84.6154721075932,86.5157908187355,73.4094616639478,-1.1850027119833442,0.2343731635926929,4.536242739454593,5.031303554738344,9.839779512358547,0.10140181811793614,0.08083580715815675,1.1770138515197937,0.11659052709188412,-0.000854335616090525,35.09796526616874,42.0,23.0,0.05470736202461213,2.8423238678718494,0.022615475020203002,-0.0038341097352362352,0.004981478298312703,0.02768905518399008,-0.05555783862076524,-0.0621644043530305,23.0,0.060449443504346875,0.7968869520530563,1.2977699527470787,0.9193677430395368,0.759305293136588,0.5166666666666667,0.31797235023041476,0.5345622119815668,0.0028551007280190888,False,0,[],,,,,,,,,,,,,,,,,,"{""indicator_details"": {}, ""regime_green"": true}",-0.0022080725,"['strong earnings volume', 'realized vol 20 percentile 252', 'earnings breakout open']","strong earnings volume, realized vol 20 percentile 252, earnings breakout open",0.43728813559322033
2026-08-31,ITT,Industrials,Industrial Machinery & Supplies & Components,XLI,SPY,True,123628095.49443054,200.2899932861328,5.006364004952567,0.02499557727679641,0.29365079365079366,0.7063492063492064,63.83059602121946,75.86857855293627,78.57576657801238,62.31647634584013,5.4386296927086235,6.164460843015618,12.619443927854775,11.053232662058548,5.91875833443018,0.056660459306045796,0.0065329300823271375,0.7331461171830193,0.03028520325420398,-0.0013044345976936664,25.616896564708256,41.0,17.0,0.07898860727437795,1.9102107825443786,0.06587928191881853,-0.08170192689171452,0.010265730881839647,0.01970917844222243,-0.13034607524939712,-0.13034607524939712,17.0,0.17021493021474415,0.8872757662901998,0.6213642814028478,0.6465433364748113,0.8885749893360017,0.16666666666666666,0.31797235023041476,0.5345622119815668,0.0028551007280190888,False,0,[],,,,,,,,,,,,,,,,,,"{""indicator_details"": {}, ""regime_green"": true}",-0.00043667897,"['healthy 200d sector breadth', 'strong 126d momentum', 'supportive days since earnings']","healthy 200d sector breadth, strong 126d momentum, supportive days since earnings",0.43728813559322033
2026-08-31,ITW,Industrials,Industrial Machinery & Supplies & Components,XLI,SPY,True,238605248.59954834,275.3699951171875,4.695199148995536,0.017050511066020207,0.3412698412698413,0.1388888888888889,79.62398255901181,87.43988817805659,89.03653419351346,77.65089722675367,1.4685196705685826,2.0051724093790853,5.873691608440538,7.887246045009576,13.347718742646094,0.12025547313854701,-0.054263892509206824,1.612615450929833,0.03371121399936762,-0.016019145636624127,19.15340833884845,39.0,24.0,0.04876758575126372,2.435167178167376,0.03740358728330384,-0.06704840865762052,0.00529999372173745,0.013499690100504069,-0.08371877604334055,-0.09166779327491881,137.0,0.09327361040615054,0.7080699333115111,1.286687486909859,1.1657082003322483,0.7063513209082117,0.6666666666666666,0.31797235023041476,0.5345622119815668,0.0028551007280190888,False,0,[],,,,,,,,,,,,,,,,,,"{""indicator_details"": {}, ""regime_green"": true}",-0.0032115816,"['realized vol 20 percentile 252', 'healthy 200d sector breadth', 'healthy 50d sector breadth']","realized vol 20 percentile 252, healthy 200d sector breadth, healthy 50d sector breadth",0.43728813559322033
2026-08-31,J,Industrials,Construction & Engineering,XLI,SPY,True,97915589.9400711,149.0500030517578,3.0315344674246654,0.020339043309995513,0.19444444444444445,0.2857142857142857,92.44678017604714,95.61494911454893,96.21733508794047,90.4567699836868,-5.198654219670161,-2.93554909498134,-2.065964458991175,-1.9637679136237267,4.393200301535217,0.21159166898870585,0.07207080745477956,1.7457870404486775,0.12224173760714935,0.09295670732075735,53.31173498487197,58.0,19.0,0.004757811824549485,1.91669707609469,-0.011629551410875294,0.04464543526050946,0.006153176491460033,0.014864606082863933,-0.02772341758248431,-0.11511516925080467,212.0,0.10645975947391265,0.795487814516288,1.0714874359335924,1.6642712481302635,0.9174193675084754,0.8833333333333333,0.31797235023041476,0.5345622119815668,0.0028551007280190888,True,1,"[""industrials""]",,,,,,,,,,,,,,,,,,"{""indicator_details"": {}, ""regime_green"": true}",-0.008488205,"['realized vol 20 percentile 252', 'healthy 200d sector breadth', 'earnings breakout open']","realized vol 20 percentile 252, healthy 200d sector breadth, earnings breakout open",0.41847826086956524
2026-08-31,KFY,Industrials,Human Resource & Employment Services,XLI,SPY,True,20908565.20313263,85.55000305175781,1.6694581168038505,0.01951441329340254,0.09126984126984126,0.011904761904761904,89.61033371289918,93.88960190058255,94.71590485906478,87.76508972267537,-4.490725709300833,-2.4275466330241358,-0.9404984292381613,0.39752656049117263,1.6200204480217337,0.1835916504783044,0.3754019614535271,1.6259252769503338,0.23661125164232294,0.08606652470575006,64.05625227886227,7.0,49.0,0.04574304643753857,1.6072526903524431,-0.051525674668409294,0.19283326262775402,0.006591439210884004,0.018039536030800125,-0.022397429283814274,-0.022397429283814274,1.0,0.07519354702637339,0.769278748808526,1.623579679682492,0.9625688912576222,0.6222682545455142,0.6166666666666667,0.31797235023041476,0.5345622119815668,0.0028551007280190888,False,0,[],,,,,,,,,,,,,,,,,,"{""indicator_details"": {}, ""regime_green"": true}",-0.0013198433,"['supportive distance above 200d', 'clear of near-term earnings', 'earnings breakout open']","supportive distance above 200d, clear of near-term earnings, earnings breakout open",0.43728813559322033
2026-08-31,LECO,Industrials,Industrial Machinery & Supplies & Components,XLI,SPY,True,112721188.01171875,281.2300109863281,7.494990757533482,0.02665075015019591,0.4801587301587302,0.4166666666666667,78.58788154962896,86.73500825426187,88.4093813019283,76.18270799347472,14.167698321637914,11.934308906085263,16.98446126142332,19.458991612056636,30.461436599831693,0.11523977090214199,-0.020411666816372076,0.7208839476996485,0.07829617455352124,0.050083687966972,46.51218323450241,43.0,22.0,0.029225973217302137,2.492340051351543,-0.008846566521771737,0.12393097919567597,0.006102229439908763,0.014194700260179709,-0.03895702322477035,-0.09280641617313512,137.0,0.09677301285739286,0.7848616349425974,1.1861794922007993,0.7531851086458571,1.0939256877908403,0.3,0.31797235023041476,0.5345622119815668,0.0028551007280190888,False,0,[],,,,,,,,,,,,,,,,,,"{""indicator_details"": {}, ""regime_green"": true}",0.002519116,"['healthy 200d sector breadth', 'earnings breakout open', 'realized vol 20 percentile 252']","healthy 200d sector breadth, earnings breakout open, realized vol 20 percentile 252",0.5094850948509486
2026-08-31,LMT,Industrials,Aerospace & Defense,XLI,SPY,True,533404669.173645,561.22998046875,13.158778599330358,0.023446321574517266,0.4523809523809524,0.623015873015873,71.95618890019965,82.05028767941833,84.2083273434458,69.65742251223492,11.477702302535079,10.550048941230273,16.336103782122166,16.682687385910548,7.880731395690503,0.08660209190464663,-0.17063695826113578,1.050903602593773,0.010278165912336726,0.016238634859831555,35.088120452373914,36.0,27.0,0.059569203517056746,3.050661823996661,-0.0045116094677353225,-0.012944381784926406,0.004130133955897364,0.016760231584776474,-0.08408072910233622,-0.1889740166636561,126.0,0.10351804838756481,0.893435082673349,1.2901750028107488,0.8656862689453062,0.8419547609264476,0.43333333333333335,0.31797235023041476,0.5345622119815668,0.0028551007280190888,False,0,[],,,,,,,,,,,,,,,,,,"{""indicator_details"": {}, ""regime_green"": true}",-0.00012700623,"['strong 126d momentum', 'earnings breakout open', 'supportive days to earnings']","strong 126d momentum, earnings breakout open, supportive days to earnings",0.43728813559322033
2026-08-31,LYFT,Industrials,Passenger Ground Transportation,XLI,SPY,True,166671053.54258108,16.899999618530273,0.6744925635201591,0.03991080347603091,0.15079365079365079,0.4722222222222222,82.86059595680034,89.59719232221563,90.94799081673077,80.4241435562806,-12.830236387320568,-7.729457129453692,-5.893089212462343,-9.632906158470831,-7.83991512342601,0.13728129266385047,0.23088129511893762,0.9710032056385941,0.05102242132045222,0.05838660264128343,43.19147943209741,47.0,17.0,-0.01274266324671025,0.5542737222254787,-0.03154754781938951,0.04192357176093786,0.005764018223682716,0.014392963005313123,-0.05954366921032894,-0.338292912579509,199.0,0.11372786231437337,0.9670338805520313,0.9112830376158861,0.8876721550119692,0.9885361931578431,0.4,0.31797235023041476,0.5345622119815668,0.0028551007280190888,False,0,[],,,,,,,,,,,,,,,,,,"{""indicator_details"": {}, ""regime_green"": true}",0.026377412,"['strong earnings gap', 'supportive atr pct 14', 'supportive distance from 52w high']","strong earnings gap, supportive atr pct 14, supportive distance from 52w high",0.6583333333333333
2026-08-31,MAN,Industrials,Human Resource & Employment Services,XLI,SPY,True,47680755.25496292,62.95000076293945,2.085728236607143,0.03313309311085939,0.14682539682539683,0.06349206349206349,99.99870596534095,99.99927363170679,99.99937733703337,99.59216965742252,-0.0011313632731031475,-0.0006271452550663525,-0.0005048298671397333,-0.16333156507137403,-0.3263307500754564,0.9116307373081096,1.329755725257658,1.2956773301576658,0.8150782889049534,0.26656393426250297,78.21696855908479,33.0,32.0,0.19887232779335418,3.665538943349791,0.1409755799828507,0.21878023045940775,0.008581465462116855,0.0369276228321752,-0.014558551810043396,-0.014558551810043396,1.0,0.2201831219125192,0.7679803381737809,1.346109262988625,0.7753369680793717,0.8066355405246537,0.5666666666666667,0.31797235023041476,0.5345622119815668,0.0028551007280190888,False,0,[],,,,,,,,,,,,,,,,,,"{""indicator_details"": {}, ""regime_green"": true}",0.0033788476,"['supportive distance above 50d', 'strong RS vs XLK', 'supportive atr pct 14']","supportive distance above 50d, strong RS vs XLK, supportive atr pct 14",0.5094850948509486
2026-08-31,MAS,Industrials,Building Products,XLI,SPY,True,125281420.35896301,72.16000366210938,1.7428577968052454,0.024152684428429508,0.2261904761904762,0.3611111111111111,60.73096349732312,73.37018303157447,76.269987715693,58.97226753670473,-8.413448361679514,-5.2342089366930935,0.698229439300988,-2.2339264323254255,0.7815584902499566,0.04610032111365703,0.03381089551817906,1.1245591205820833,0.039873265089871456,-0.05629034848477398,30.100021362304688,43.0,23.0,-0.07100843187851003,4.383139733368234,-0.09352855826946582,-0.005512595230744988,0.007951572821777431,0.07100843187851005,-0.07267234597280925,-0.13722903846866064,24.0,0.0798640726865549,0.7459140399840823,0.9053506963972419,0.8678494117322411,0.7352266673076638,0.43333333333333335,0.31797235023041476,0.5345622119815668,0.0028551007280190888,False,0,[],,,,,,,,,,,,,,,,,,"{""indicator_details"": {}, ""regime_green"": true}",0.00029109942,"['limited recent downside gap risk', 'supportive earnings gap', 'strong earnings gap']","limited recent downside gap risk, supportive earnings gap, strong earnings gap",0.43728813559322033
2026-08-31,MATX,Industrials,Marine Transportation,XLI,SPY,True,44583281.337387085,224.80999755859375,5.512785775320871,0.02452197782656012,0.0992063492063492,0.30158730158730157,90.87523829736415,94.66454076839187,95.39119361300187,88.90701468189233,-1.5983825983313125,-0.6058293368352423,0.9585172127169557,3.658440924761109,12.297397729977092,0.1950985956576654,0.31283572965996087,1.1820685349127618,0.32911694995848384,0.07196738681453954,83.20308076222341,47.0,20.0,0.007107964200781858,1.2377241047349645,-0.1157580223541188,0.08368281930938193,0.010354013206942191,0.021874298022336737,-0.006188979769777836,-0.025699955765780658,32.0,0.1222893230553448,0.8155317669081461,0.8167623043019508,1.0031417511899419,0.8743598847072296,0.6333333333333333,0.31797235023041476,0.5345622119815668,0.0028551007280190888,False,0,[],,,,,,,,,,,,,,,,,,"{""indicator_details"": {}, ""regime_green"": true}",0.035686575,"['supportive earnings open vs 20d high', 'supportive within-sector earnings open vs 20d high', 'supportive distance above 200d']","supportive earnings open vs 20d high, supportive within-sector earnings open vs 20d high, supportive distance above 200d",0.7242798353909465
2026-08-31,MMM,Industrials,Industrial Conglomerates,XLI,SPY,True,395801577.0345688,171.8300018310547,3.2315379551478793,0.01880659908462997,0.10714285714285714,0.0992063492063492,83.07144304708574,89.73543262325465,91.07006976963235,80.66884176182708,-3.6876228091162346,-1.7483103262779451,1.0246164399250404,2.3477333673690595,2.2662337748670183,0.13847485701645512,0.06422640087935072,1.1312379875820024,0.06803458062360071,0.0032257772077215426,18.400420555683084,36.0,29.0,0.06272387461036666,3.809905038554444,-0.0039467376921853425,0.006266147567578706,0.004260963885534752,0.012980361834001274,-0.06912614312792364,-0.07066173849756208,24.0,0.07526066468661796,0.7449578128528955,1.2737062783644029,0.8239675133771385,0.7142713474753152,0.45,0.31797235023041476,0.5345622119815668,0.0028551007280190888,False,0,[],,,,,,,,,,,,,,,,,,"{""indicator_details"": {}, ""regime_green"": true}",-0.0055690655,"['realized vol 20 percentile 252', 'healthy 50d sector breadth', 'earnings breakout open']","realized vol 20 percentile 252, healthy 50d sector breadth, earnings breakout open",0.41847826086956524
2026-08-31,MSA,Industrials,Office Services & Supplies,XLI,SPY,True,35706511.581604004,186.77000427246094,3.3803558349609375,0.01809902959593907,0.07936507936507936,0.007936507936507936,84.17360074246785,90.45358120714974,91.70347515606629,81.64763458401305,10.800908566635854,8.577459795147263,12.519053943164195,16.85545854489324,33.073877452798705,0.14491509030868155,-0.0575738663084262,1.0519789713861551,0.0736174298690529,0.039790069247980786,31.500236224637774,41.0,22.0,0.007906259080546096,0.8292917585355598,-0.02353008345036478,0.07123600650504858,0.0051017165954261754,0.0199522574182837,-0.049812911058287446,-0.10602141532938625,137.0,0.0580040944163272,0.6818528150399648,0.9221263688381174,0.9421167706580401,0.8724575463955451,0.43333333333333335,0.31797235023041476,0.5345622119815668,0.0028551007280190888,False,0,[],,,,,,,,,,,,,,,,,,"{""indicator_details"": {}, ""regime_green"": true}",-0.000526001,"['realized vol 20 percentile 252', 'atr pct 14', 'healthy 200d sector breadth']","realized vol 20 percentile 252, atr pct 14, healthy 200d sector breadth",0.43728813559322033
2026-08-31,MSM,Industrials,Trading Companies & Distributors,XLI,SPY,True,65088544.83848572,118.87999725341797,2.8414208548409596,0.02390158916965541,0.2222222222222222,0.4801587301587302,65.51718292073049,77.19438700154033,79.79245471067831,63.703099510603586,-11.313038316645901,-7.268908559924611,-2.2792432002250393,-4.7565581911079065,-7.85354270618533,0.0625670376460985,0.2636053883895344,1.2516720054527732,0.17450913186573194,-0.025475538452780982,47.54779551311505,38.0,43.0,0.005968951089390329,3.201444610791552,-0.016277505240661516,-0.036160201207193654,0.00500656626132302,0.020987729236873098,-0.0887629071325069,-0.0887629071325069,18.0,0.1139003044266447,0.8993348180004792,0.9570445320569132,0.9699351440156236,0.7547424088927852,0.5666666666666667,0.31797235023041476,0.5345622119815668,0.0028551007280190888,False,0,[],,,,,,,,,,,,,,,,,,"{""indicator_details"": {}, ""regime_green"": true}",-0.003920387,"['earnings breakout open', 'strong 126d momentum', 'realized vol 20 percentile 252']","earnings breakout open, strong 126d momentum, realized vol 20 percentile 252",0.43728813559322033
2026-08-31,NDSN,Industrials,Industrial Machinery & Supplies & Components,XLI,SPY,True,86800698.58273315,321.7200012207031,7.691310337611607,0.023906845419707962,0.7619047619047619,0.9841269841269841,83.96169071784662,90.31608402731946,91.58230490812683,81.23980424143556,0.7655006001994735,1.2846256202920614,4.34551548035364,6.260179139561075,25.657082155045998,0.143649369069055,0.10110209215352084,1.1538003971679667,0.1593157397407627,0.060700829130722674,58.89729959800876,72.0,8.0,0.0,2.2514579868100317,-0.03633426725425504,0.03807430072830775,0.004377514272876604,0.01250593937483335,-0.051309253795169374,-0.051309253795169374,3.0,0.12716882147327505,1.0945723600607107,1.9840524853110308,1.2680347077042053,1.0812605809646483,0.7833333333333333,0.31797235023041476,0.5345622119815668,0.0028551007280190888,False,0,[],,,,,,,,,,,,,,,,,,"{""indicator_details"": {}, ""regime_green"": true}",-0.00430445,"['strong earnings gap', 'supportive days since earnings', 'healthy 200d sector breadth']","strong earnings gap, supportive days since earnings, healthy 200d sector breadth",0.43728813559322033
2026-08-31,NSC,Industrials,Rail Transportation,XLI,SPY,True,257113910.67755127,342.7900085449219,6.183567592075893,0.018038937652599493,0.5436507936507936,0.48412698412698413,80.23691700622955,87.85357667568825,89.4040071162925,78.30342577487765,2.8695798352704003,2.995240346554837,6.889047357087577,9.436270110655968,37.87962789386706,0.12331237524980043,0.07975559021911005,1.3536284886852066,0.11282206607987921,0.028704358318447015,59.25424004678673,38.0,27.0,0.03644164340854816,3.248412634995175,0.0013721461547253622,-0.01652554712315235,0.004316090130450973,0.008852398007780253,-0.037079642831425064,-0.04407477132134874,27.0,0.07225900673004518,0.8410787413892838,1.2319738861744916,1.3230378739993198,0.9724912247359881,0.7666666666666667,0.31797235023041476,0.5345622119815668,0.0028551007280190888,False,0,[],,,,,,,,,,,,,,,,,,"{""indicator_details"": {}, ""regime_green"": true}",-0.00023475473,"['realized vol 20 percentile 252', 'healthy 200d sector breadth', 'strong 126d momentum']","realized vol 20 percentile 252, healthy 200d sector breadth, strong 126d momentum",0.43728813559322033
2026-08-31,NSIT,Industrials,Technology Distributors,XLI,SPY,True,45573411.54797363,157.02000427246094,4.651108877999442,0.02962112311453541,0.0873015873015873,0.48412698412698413,98.24625447922885,99.00795998742097,99.14839058609142,95.92169657422512,-1.4471058475979106,-0.8047782284492797,-0.6293032470730253,-0.9813189106974534,-2.3668119832320826,0.33327680010344407,0.8472941679113051,0.8102990065666211,0.6310707915696324,0.19921736000307708,59.44306869585364,43.0,17.0,0.01368689895675046,1.2495893167512122,0.00207884268688896,0.07137013433481632,0.007227739014143697,0.0247255179011441,-0.009743626557923601,-0.014980430197752193,0.0,0.21592675316029178,0.9315358054694441,0.513109760602536,0.7438614156680604,1.0676591011364915,0.31666666666666665,0.31797235023041476,0.5345622119815668,0.0028551007280190888,True,1,"[""industrials""]",,,,,,,,,,,,,,,,,,"{""indicator_details"": {}, ""regime_green"": true}",-0.00134477,"['supportive distance above 200d', 'timely post-earnings setup', 'healthy 200d sector breadth']","supportive distance above 200d, timely post-earnings setup, healthy 200d sector breadth",0.43728813559322033
2026-08-31,OC,Industrials,Building Products,XLI,SPY,True,86298151.94544983,138.14999389648438,4.3862152099609375,0.03174965909334403,0.32936507936507936,0.3373015873015873,80.89041713524128,88.29196959015496,89.7929427828751,78.87438825448613,-13.62517473840225,-8.289638759775315,-6.173380364772157,-9.308170832718432,-10.69366390525306,0.12665136847205982,0.18370315294488027,1.7192450727905397,0.11300344152608016,-0.04638250815422237,6.383830926595621,47.0,18.0,0.023362838761791238,2.0219866613276776,0.013129201876062924,-0.09392016271771575,0.010055219726785863,0.017955755163446965,-0.1358928933765008,-0.13607660100867736,43.0,0.15759906142593388,0.9495958869617381,1.0045774960591463,1.3393406904497442,0.7963778892543179,0.8333333333333334,0.31797235023041476,0.5345622119815668,0.0028551007280190888,False,0,[],,,,,,,,,,,,,,,,,,"{""indicator_details"": {}, ""regime_green"": true}",-0.0033550614,"['healthy 200d sector breadth', 'earnings breakout open', 'realized vol 20 percentile 252']","healthy 200d sector breadth, earnings breakout open, realized vol 20 percentile 252",0.43728813559322033
2026-08-31,OSK,Industrials,Construction Machinery & Heavy Transportation Equipment,XLI,SPY,True,81591090.4262085,154.11000061035156,4.687272208077567,0.030415107322780213,0.2857142857142857,0.25,93.27847618720439,96.11246321809807,96.64889971094456,90.86460032626428,1.5416710013066677,1.3205333513786428,2.7739550180314723,6.023524531643261,6.594021679157521,0.22164089374772478,-0.10474032092032814,0.8751878947503159,0.0621769107632714,0.030396392249562976,47.07120259854669,42.0,24.0,0.03259117877520623,2.755137154407352,0.011378022038437186,0.010557381051485626,0.006774172207839313,0.033245949667008196,-0.03825514648446515,-0.14615770447085297,138.0,0.08962333845625793,0.7748072649555301,0.9547154674804075,0.6658028338105546,0.8062006145214242,0.2,0.31797235023041476,0.5345622119815668,0.0028551007280190888,False,0,[],,,,,,,,,,,,,,,,,,"{""indicator_details"": {}, ""regime_green"": true}",0.0033128127,"['realized vol 20 percentile 252', 'healthy 200d sector breadth', 'strong earnings volume']","realized vol 20 percentile 252, healthy 200d sector breadth, strong earnings volume",0.5094850948509486
2026-08-31,PAYC,Industrials,Human Resource & Employment Services,XLI,SPY,True,123626610.3782959,239.10000610351562,7.618707929338727,0.03186410595924575,0.36507936507936506,0.9404761904761905,99.94333430389604,99.96818465007483,99.97272579254006,99.02120717781403,-0.02412783569785404,-0.011966050180760135,-0.0037028885518566312,0.16220147284256825,2.1181916928914575,0.609234103896352,0.8636009385522752,0.9669666328597845,0.6176202609189753,0.38084537835341886,78.19517860785432,47.0,18.0,0.01911004441761177,1.0057523998377575,0.01800665738450502,0.36784898128816823,0.01843326292810483,0.04208186543435367,-0.01402059338756445,-0.01402059338756445,1.0,0.4696969696969697,0.7741575540400347,0.5894058132972502,0.9405580495515758,1.201222698623141,0.5,0.31797235023041476,0.5345622119815668,0.0028551007280190888,False,0,[],,,,,,,,,,,,,,,,,,"{""indicator_details"": {}, ""regime_green"": true}",-0.00412547,"['supportive post-earnings hold', 'supportive distance above 50d', 'limited recent downside gap risk']","supportive post-earnings hold, supportive distance above 50d, limited recent downside gap risk",0.43728813559322033
2026-08-31,PAYX,Industrials,Human Resource & Employment Services,XLI,SPY,True,302940329.407074,127.33999633789062,3.020714351109096,0.023721646285380548,0.39285714285714285,0.4087301587301587,94.7753741978636,96.99853446851574,97.41599026825924,92.33278955954323,-2.1162682054698223,-1.0822243507392955,-0.3129743734970276,0.727247587253089,6.7582174324038675,0.24306904825316367,0.35108749430122677,1.2084715255471374,0.22716705862783462,0.11543144434799904,62.64654952076677,21.0,48.0,0.007959983634056922,1.8668019303952863,-0.04385291650399736,0.32232598444934557,0.007273573743280803,0.024921012516753667,-0.004456315439756331,-0.08736474269370509,251.0,0.11119801045858686,0.7958738139114994,1.014293426941143,0.8481277760018445,0.7569928760226096,0.35,0.31797235023041476,0.5345622119815668,0.0028551007280190888,False,0,[],,,,,,,,,,,,,,,,,,"{""indicator_details"": {}, ""regime_green"": true}",0.016711378,"['supportive post-earnings hold', 'holding above earnings close', 'supportive distance above 200d']","supportive post-earnings hold, holding above earnings close, supportive distance above 200d",0.6
2026-08-31,PCAR,Industrials,Construction Machinery & Heavy Transportation Equipment,XLI,SPY,True,351108845.22598267,124.12999725341797,2.730328151157924,0.0219957158750581,0.12698412698412698,0.015873015873015872,82.25524914469361,89.19876023334916,90.5958646647426,79.9347471451876,-6.3877005192928635,-3.55281363242392,-0.9116634922904296,-0.9943482093356266,9.356100038423136,0.13391793065900082,-0.0024110186532350086,1.0172165746652602,0.04052735811385811,-0.02598754900656002,23.383984919110404,41.0,24.0,-0.011241006988580104,1.7587624260251866,-0.017353107595994732,-0.10187402341712293,0.006167389379720634,0.01726487067580977,-0.09235154841123261,-0.10851772223240763,24.0,0.1061144870750133,0.7627790263020242,0.8106601492359247,0.8471866885115651,0.8370968363123386,0.3,0.31797235023041476,0.5345622119815668,0.0028551007280190888,False,0,[],,,,,,,,,,,,,,,,,,"{""indicator_details"": {}, ""regime_green"": true}",0.008420082,"['strong earnings gap', 'supportive earnings gap', 'earnings breakout open']","strong earnings gap, supportive earnings gap, earnings breakout open",0.5609167671893848
2026-08-31,PCTY,Industrials,Human Resource & Employment Services,XLI,SPY,True,86273119.55679321,160.22000122070312,5.141783578055246,0.03209202058969177,0.3611111111111111,0.32936507936507936,97.61091307702284,98.64476033997732,98.83600008354814,95.43230016313214,-0.6968478403016718,-0.31618396886840117,0.06753900932845625,2.3597655258053294,5.456750040882753,0.3080251776875367,0.48627084123343667,1.4591972282830523,0.280093839577153,0.21214231318466217,73.20279895237664,46.0,19.0,-0.034342154289420446,1.408243495551184,-0.09443454742632762,0.11791789724272883,0.013933794940567451,0.042730921243568025,0.006027921304656125,-0.11412141612293625,251.0,0.2022346158301742,0.7580705511294645,0.615420873573061,1.4544003333036326,1.1599349591169215,0.8333333333333334,0.31797235023041476,0.5345622119815668,0.0028551007280190888,False,0,[],,,,,,,,,,,,,,,,,,"{""indicator_details"": {}, ""regime_green"": true}",0.028350651,"['limited recent downside gap risk', 'supportive distance above 50d', 'strong earnings gap']","limited recent downside gap risk, supportive distance above 50d, strong earnings gap",0.6583333333333333
2026-08-31,PH,Industrials,Industrial Machinery & Supplies & Components,XLI,SPY,True,524707011.8171387,979.4400024414062,21.263920375279017,0.021710283756305026,0.3333333333333333,0.8253968253968254,90.29469548084447,94.30998873112095,95.08242071035146,88.25448613376835,4.182882528869541,3.266385789684975,5.542941960470031,11.07437203433885,11.88936795935922,0.189651423495103,-0.031609309332523705,1.3026978416033372,0.04902093246528746,-0.01227854759752814,26.865944434194702,48.0,17.0,0.0793459460816337,1.6772880186097732,0.06549424237797896,-0.0779571640937573,0.010356442659942311,0.02430000262628664,-0.10862753210095044,-0.10862753210095044,17.0,0.1278418545114832,0.8668831715765195,0.9907025263850566,1.4415767790020695,1.0933456126315964,0.8666666666666667,0.31797235023041476,0.5345622119815668,0.0028551007280190888,False,0,[],,,,,,,,,,,,,,,,,,"{""indicator_details"": {}, ""regime_green"": true}",-0.0036249193,"['healthy 200d sector breadth', 'strong 126d momentum', 'supportive days since earnings']","healthy 200d sector breadth, strong 126d momentum, supportive days since earnings",0.43728813559322033
2026-08-31,RHI,Industrials,Human Resource & Employment Services,XLI,SPY,True,70605250.99339676,45.34000015258789,1.500436510358538,0.033092997470422304,0.19444444444444445,0.30952380952380953,99.64875435200301,99.80253544227729,99.83068036605972,98.45024469820555,-0.3123973354984457,-0.17376506512501066,-0.1411763608121106,-0.24576182176186023,0.08023654824630455,0.46305261334153136,0.9114671781234502,1.4688174602841948,0.5123693072219662,0.17219109429456972,68.60468365688078,37.0,27.0,0.01228501205472421,2.143934654730275,-0.024852052948178605,0.19788644598196958,0.011553234953332835,0.035889476015423076,-0.0291220682683766,-0.0291220682683766,5.0,0.24301307272496508,0.6806901440962206,1.6637320992415077,1.2249671116152885,0.9477761432094435,0.6833333333333333,0.31797235023041476,0.5345622119815668,0.0028551007280190888,False,0,[],,,,,,,,,,,,,,,,,,"{""indicator_details"": {}, ""regime_green"": true}",-0.00094580045,"['realized vol 20 percentile 252', 'supportive distance above 200d', 'timely post-earnings setup']","realized vol 20 percentile 252, supportive distance above 200d, timely post-earnings setup",0.43728813559322033
2026-08-31,RSG,Industrials,Environmental & Facilities Services,XLI,SPY,True,250861596.5298767,220.9199981689453,3.428931100027902,0.015521143981748893,0.24603174603174602,0.3611111111111111,75.21661684264701,84.39171722685748,86.31520450158558,72.92006525285481,11.857075960773237,10.467470869349285,15.83780914642584,17.17434398146117,43.66171154462335,0.10003483620336295,-0.04102095389390903,1.5611136729887194,0.02890559399089193,0.020458586919341028,62.15654960194947,43.0,17.0,0.011834590366531561,0.49117223593793236,-0.0820771077038498,0.06323996278200816,0.0062345777859726835,0.017861237936592975,-0.014761618078143801,-0.0606343862187918,248.0,0.09487252025234509,0.7907672194894314,1.3101203097599,1.6102353468039259,0.9698210132254804,0.9,0.31797235023041476,0.5345622119815668,0.0028551007280190888,False,0,[],,,,,,,,,,,,,,,,,,"{""indicator_details"": {}, ""regime_green"": true}",0.013293038,"['atr pct 14', 'strong earnings volume', 'realized vol 20 percentile 252']","atr pct 14, strong earnings volume, realized vol 20 percentile 252",0.574468085106383
2026-08-31,RTX,Industrials,Aerospace & Defense,XLI,SPY,True,819808268.6596222,207.72999572753906,4.120706830705915,0.019836840684821846,0.23809523809523808,0.25396825396825395,90.44617956725874,94.40268560632104,95.16317915232406,88.33605220228385,2.6241260601584315,2.2011601434578267,4.290813762955381,8.873949512797296,2.8429796676465315,0.191044042003357,-0.020880504610216954,1.0558500169893281,0.07856217812864015,0.006583268537955618,26.643511153533424,36.0,27.0,0.05192936609003573,2.5222837001708887,0.005197595105934649,-0.006836909110407352,0.004091917381693555,0.015672298627417515,-0.08442202504931373,-0.08442202504931373,15.0,0.09373312772512525,0.8240750890057021,1.292785860629038,0.9301377090634999,0.8828567395994632,0.48333333333333334,0.31797235023041476,0.5345622119815668,0.0028551007280190888,False,0,[],,,,,,,,,,,,,,,,,,"{""indicator_details"": {}, ""regime_green"": true}",-0.0013007459,"['realized vol 20 percentile 252', 'supportive days to earnings', 'healthy 50d sector breadth']","realized vol 20 percentile 252, supportive days to earnings, healthy 50d sector breadth",0.43728813559322033
2026-08-31,RUSHA,Industrials,Construction Machinery & Heavy Transportation Equipment,XLI,SPY,True,29389248.47229004,76.83000183105469,1.865964617047991,0.024286926624720817,0.1349206349206349,0.08333333333333333,84.69471380814787,90.79053830840891,92.0002168755598,82.54486133768353,3.1386917251818005,2.91267374845404,6.075930785385452,9.276727678351833,10.173223195874243,0.14808732715578854,0.06177447737698971,0.8364313154107071,0.13350978576775852,-0.0022349850254428654,31.493023791132586,42.0,24.0,0.011038941222351939,0.9647945676815156,-0.0289385025297767,-0.025247372132382817,0.006104896112190683,0.014561933326412032,-0.08109076342307142,-0.08109076342307142,18.0,0.10274335197681517,0.851861923683241,0.9027536441553768,0.6491715266314622,0.8016810406093807,0.15,0.31797235023041476,0.5345622119815668,0.0028551007280190888,False,0,[],,,,,,,,,,,,,,,,,,"{""indicator_details"": {}, ""regime_green"": true}",-0.0026034685,"['healthy 200d sector breadth', 'atr pct 14', 'realized vol 20 percentile 252']","healthy 200d sector breadth, atr pct 14, realized vol 20 percentile 252",0.43728813559322033
2026-08-31,SAIC,Industrials,Diversified Support Services,XLI,SPY,True,46163818.63360977,128.22000122070312,4.664271218436105,0.036377095414369606,0.7619047619047619,0.07142857142857142,78.36442695869789,86.58205962851925,88.27312838156229,76.01957585644372,-17.13863014830669,-10.626016794403938,-8.428571671274256,-13.548476303295473,-12.977979155781213,0.1141814318784844,0.38631207895107833,4.095678248901772,0.24219571714467783,0.083277722112054,56.825852021584566,,65.0,0.15345495164559897,4.182740969329516,0.13365408646489096,0.1141814318784844,0.012545995058514874,0.033895630783047394,-0.020024420594001224,-0.10122469655330413,0.0,0.20267066106817566,0.9430551987939776,1.8360993668425334,3.907616847960013,0.9938455123115004,1.0,0.31797235023041476,0.5345622119815668,0.0028551007280190888,False,0,[],,,,,,,,,,,,,,,,,,"{""indicator_details"": {}, ""regime_green"": true}",0.0027234978,"['supportive atr pct 14', 'realized vol 20 percentile 252', 'strong earnings volume']","supportive atr pct 14, realized vol 20 percentile 252, strong earnings volume",0.5094850948509486
2026-08-31,SNA,Industrials,Industrial Machinery & Supplies & Components,XLI,SPY,True,100533460.42713928,386.30999755859375,6.209631783621652,0.016074219727331293,0.06349206349206349,0.05555555555555555,63.116282119419935,75.30000812344227,78.05252937651676,61.50081566068516,-2.5899557031644918,-0.5521825963240303,5.486919956492827,3.7176045767405768,9.422576051883205,0.05419561929320471,-0.008419104212450401,1.9110238245348143,0.028645555671886407,-0.042566641319167604,16.38958714735486,33.0,27.0,-0.007312211937161028,2.291808194741281,-0.0392679678716098,-0.023014101867012582,0.004164415523092335,0.009517013807797042,-0.08678074892080734,-0.08678074892080734,17.0,0.09519738255966828,0.7723581058885934,1.3681426516503241,1.5115197372923521,0.7584136311963606,0.9333333333333333,0.31797235023041476,0.5345622119815668,0.0028551007280190888,False,0,[],,,,,,,,,,,,,,,,,,"{""indicator_details"": {}, ""regime_green"": true}",0.0011415316,"['supportive earnings gap', 'strong earnings gap', 'realized vol 20 percentile 252']","supportive earnings gap, strong earnings gap, realized vol 20 percentile 252",0.46534653465346526
2026-08-31,SWK,Industrials,Industrial Machinery & Supplies & Components,XLI,SPY,True,132392957.53277206,96.37000274658203,2.4905357360839844,0.025843474785750345,0.03968253968253968,0.023809523809523808,94.10378573494195,96.6024730434749,97.07335259302685,91.84339314845025,-2.359359048086503,-1.210010985331479,-0.33945999950908856,0.5638495461682567,3.742333653747721,0.23282595629977965,0.1467158697850106,1.208203760982944,0.18439592088480733,0.019288989006242478,25.178933344319915,46.0,23.0,-0.018579466553137025,2.5413393954331087,-0.03748436526242327,0.03567973762426968,0.0070895411588161985,0.018579466553137,-0.07929679533352485,-0.07929679533352485,14.0,0.09407337903473922,0.79773256785051,1.0523552394615547,1.0895352430827916,0.9590878322538062,0.6666666666666666,0.31797235023041476,0.5345622119815668,0.0028551007280190888,True,1,"[""industrials""]",,,,,,,,,,,,,,,,,,"{""indicator_details"": {}, ""regime_green"": true}",0.010083093,"['strong earnings gap', 'supportive earnings gap', 'healthy 200d sector breadth']","strong earnings gap, supportive earnings gap, healthy 200d sector breadth",0.5609167671893848
2026-08-31,TEX,Industrials,Construction Machinery & Heavy Transportation Equipment,XLI,SPY,True,55669389.17498016,63.5099983215332,2.2467215401785716,0.03537587150930243,0.2976190476190476,0.09523809523809523,73.01809369762321,82.82122165197407,84.90362767898377,70.55464926590538,-8.110195997049075,-4.75318284231156,-0.6763182633319786,-2.2244868384140943,17.253915769572863,0.09086219494871717,-0.08552914165188208,1.2188168980591083,0.04339680552110641,-0.04886422988340391,34.687938167589195,43.0,22.0,0.011849433373260831,1.6534584302778756,-0.09547222591965787,0.02073283631503431,0.008386240154668472,0.030896501412555677,-0.07876419970376614,-0.14968541644704958,46.0,0.09794555560132301,0.8557342632975742,1.1125533736894917,0.7983284692153385,0.6450076074145301,0.45,0.31797235023041476,0.5345622119815668,0.0028551007280190888,False,0,[],,,,,,,,,,,,,,,,,,"{""indicator_details"": {}, ""regime_green"": true}",3.50927e-05,"['supportive atr pct 14', 'supportive within-sector atr pct 14', 'dollar volume ratio 20 60']","supportive atr pct 14, supportive within-sector atr pct 14, dollar volume ratio 20 60",0.43728813559322033
2026-08-31,TREX,Industrials,Building Products,XLI,SPY,True,64799138.543792725,45.58000183105469,1.507857186453683,0.03308155168669488,0.07936507936507936,0.30158730158730157,74.43798133869677,83.83940793271663,85.81952218212173,71.94127243066885,-16.30066149361535,-10.299829744002196,-7.296156874891253,-11.758809068923654,-14.285296436486817,0.0967276305324467,0.12045234732349486,0.7932418655723342,0.11442751327161672,-0.02377797555147556,21.349886793959755,47.0,19.0,0.009591712534364527,2.0970161408456724,-0.07311086167625436,-0.03062523633963976,0.007470281241105653,0.039694651153619406,-0.1055729464300017,-0.31002113963709677,247.0,0.1640018388618853,0.8590385354092211,0.6010483617858826,0.7005841157987942,0.8632379009379849,0.25,0.31797235023041476,0.5345622119815668,0.0028551007280190888,False,0,[],,,,,,,,,,,,,,,,,,"{""indicator_details"": {}, ""regime_green"": true}",0.006856832,"['distance from 52w high', 'limited recent downside gap risk', 'healthy 200d sector breadth']","distance from 52w high, limited recent downside gap risk, healthy 200d sector breadth",0.5609167671893848
2026-08-31,TRU,Industrials,Research & Consulting Services,XLI,SPY,True,120438423.76696014,84.91000366210938,2.2672151838030135,0.026701390719816278,0.0873015873015873,0.09126984126984126,85.79388585842915,91.49588673060254,92.62044716250105,83.5236541598695,-4.364024348687636,-2.261181569769377,-0.05151372108966257,0.6385685852973637,12.61900868309688,0.15508095761923868,0.08428050452405289,1.2004716073601824,0.10912386496264234,0.08446049272357652,65.33784567482789,38.0,24.0,-0.004401817028662824,2.8584172116856124,-0.06333735742859103,0.013245830190077523,0.007512884970971484,0.05106952984448917,-0.016904006461090804,-0.1109365362651682,239.0,0.10391110819006359,0.6684681124299489,1.27972443723229,0.839211266064495,0.708480281106022,0.45,0.31797235023041476,0.5345622119815668,0.0028551007280190888,False,0,[],,,,,,,,,,,,,,,,,,"{""indicator_details"": {}, ""regime_green"": true}",0.021452965,"['limited recent downside gap risk', 'supportive earnings gap', 'strong earnings gap']","limited recent downside gap risk, supportive earnings gap, strong earnings gap",0.6583333333333333
2026-08-31,TTC,Industrials,Agricultural & Farm Machinery,XLI,SPY,True,43774943.825149536,97.80999755859375,2.088365282331194,0.02135124562374255,0.2222222222222222,0.4603174603174603,72.06129760670461,82.1269607443537,84.27754862063068,69.9021207177814,1.0479916617486538,2.0614646695109116,7.097712038373942,7.147434491212536,22.632357066599653,0.08701926994379017,-0.024728321211428206,2.421077070909814,0.07831566724571946,0.018535848782606987,45.9612244017576,3.0,62.0,0.028037417672580833,3.7619058423381806,-0.04063204516388674,0.10109192325153904,0.004938132458519507,0.013915240210109953,-0.029662752010322646,-0.07015880512906503,123.0,0.06542651306915839,0.8634729267550549,1.9016458555015023,2.294543550217247,0.828299122369816,0.9166666666666666,0.31797235023041476,0.5345622119815668,0.0028551007280190888,False,0,[],,,,,,,,,,,,,,,,,,"{""indicator_details"": {}, ""regime_green"": true}",-0.0056331665,"['clear of near-term earnings', 'strong 126d momentum', 'earnings breakout open']","clear of near-term earnings, strong 126d momentum, earnings breakout open",0.41847826086956524
2026-08-31,TTEK,Industrials,Construction & Engineering,XLI,SPY,True,82063880.47995758,36.13999938964844,0.8565989903041294,0.023702241415905632,0.14285714285714285,0.25396825396825395,96.51980876734605,98.01622177811055,98.29462212033786,94.12724306688418,-1.4264377845497904,-0.7209557702127682,-0.2092464895749231,1.5437059845695842,3.4996962046184876,0.27703181498043783,0.0033314528139851696,0.7777354683024968,0.09641236995624738,0.09956642499547264,57.8189302026582,52.0,23.0,0.0026857701311806537,2.9583067422499143,0.0014902902592413003,0.06986384534146173,0.004981240918938118,0.013698616715036242,-0.0385741089931767,-0.16226240377925616,138.0,0.11114389943903769,0.7551048106045033,1.2913071875185134,0.6885655793471414,0.9409045407718057,0.15,0.31797235023041476,0.5345622119815668,0.0028551007280190888,False,0,[],,,,,,,,,,,,,,,,,,"{""indicator_details"": {}, ""regime_green"": true}",0.00016962174,"['strong earnings gap', 'timely post-earnings setup', 'supportive distance above 50d']","strong earnings gap, timely post-earnings setup, supportive distance above 50d",0.43728813559322033
2026-08-31,UNF,Industrials,Diversified Support Services,XLI,SPY,True,38924686.10594177,276.6000061035156,4.711602347237723,0.017033992202713254,0.1388888888888889,0.01984126984126984,60.6962759923118,73.34175935341634,76.24365701273432,58.890701468189235,-11.183872477835337,-7.393313262057902,-1.6759518779337412,-4.597481090897965,12.598932927031939,0.045983979541082354,0.19497129064159702,1.9350003521870818,0.13925651896907698,-0.022112058353557573,22.28019747718575,37.0,43.0,-0.006503823929054686,0.5809204905161375,-0.0633155428364528,0.037742917521135455,0.003417452396592019,0.025829839560458295,-0.0747770783992131,-0.0980533016192815,23.0,0.06923302075345718,0.8816169098821636,2.8884716233752004,2.018783476717339,0.9202371312885513,0.8833333333333333,0.31797235023041476,0.5345622119815668,0.0028551007280190888,False,0,[],,,,,,,,,,,,,,,,,,"{""indicator_details"": {}, ""regime_green"": true}",0.004310182,"['supportive earnings gap', 'strong earnings gap', 'realized vol 20 percentile 252']","supportive earnings gap, strong earnings gap, realized vol 20 percentile 252",0.5094850948509486
2026-08-31,UNP,Industrials,Rail Transportation,XLI,SPY,True,692936651.8842163,300.6700134277344,5.774623325892857,0.019205850493902943,0.5555555555555556,0.34523809523809523,83.5214878148599,90.02957894687106,91.32966546611087,80.91353996737357,-1.9088219376877191,-0.5480468321242142,2.3249685091195857,4.059424237952214,31.117288948628655,0.14106266955496927,0.12623145691628324,1.7079607814340885,0.16106010938189785,0.03194726797856281,60.05675419813447,38.0,27.0,0.05926988133235067,2.9393462041102123,0.022266205297384545,-0.012026330976300792,0.005118113672242608,0.01104240786072776,-0.042909376828419665,-0.04821139842674593,27.0,0.09045783571057739,0.7994846480805221,1.5126143743228029,1.4503672738779734,0.8840813444252917,0.9166666666666666,0.31797235023041476,0.5345622119815668,0.0028551007280190888,False,0,[],,,,,,,,,,,,,,,,,,"{""indicator_details"": {}, ""regime_green"": true}",0.0015665068,"['realized vol 20 percentile 252', 'strong 126d momentum', 'healthy 200d sector breadth']","realized vol 20 percentile 252, strong 126d momentum, healthy 200d sector breadth",0.46534653465346526
2026-08-31,VLTO,Industrials,Environmental & Facilities Services,XLI,SPY,True,111888342.94284058,98.56999969482422,1.7727857317243303,0.017985043494094858,0.25396825396825395,0.42857142857142855,89.07184565399706,93.5569579533887,94.42557327334917,87.27569331158239,7.146582607183134,5.418006874571631,8.204721991730153,13.437062504736431,27.78099078509502,0.17906700351600113,0.013886015811256813,2.504596930909887,0.05467833069365327,0.046246273251343846,52.70757202989233,37.0,24.0,0.013576567626960578,1.550360578584052,-0.011482369208403953,0.0010155222187615554,0.00635126791565731,0.015106699382390513,-0.02405940896213643,-0.10276716596398361,242.0,0.07894455017054276,0.6916242749336056,1.6441010558443847,1.7711459270741663,0.7122190056995752,0.9333333333333333,0.31797235023041476,0.5345622119815668,0.0028551007280190888,False,0,[],,,,,,,,,,,,,,,,,,"{""indicator_details"": {}, ""regime_green"": true}",-0.005557154,"['earnings breakout open', 'healthy 200d sector breadth', 'supportive days to earnings']","earnings breakout open, healthy 200d sector breadth, supportive days to earnings",0.41847826086956524
2026-08-31,VSEC,Industrials,Aerospace & Defense,XLI,SPY,True,74773994.1581726,208.67999267578125,10.046429225376674,0.048142752434276036,0.49206349206349204,0.7182539682539683,86.12500700597731,91.7069504741134,92.80579498594696,84.01305057096248,-8.339297259635785,-4.84198523348816,-3.1222226276694585,-4.088008923740048,-9.385482436372484,0.15727586623580114,-0.05978826066645748,0.827408295680551,0.05922357295050282,-0.03183785018053237,31.54787979339129,45.0,18.0,0.0005601940828547924,1.0727129553987034,-0.01602088823469172,-0.03276944298595019,0.013915428841125533,0.02732544331365253,-0.1580391868595511,-0.1580391868595511,13.0,0.21121047837268223,1.0989688062006155,0.6650997113271009,0.6978795941937518,0.871325294667355,0.2,0.31797235023041476,0.5345622119815668,0.0028551007280190888,False,0,[],,,,,,,,,,,,,,,,,,"{""indicator_details"": {}, ""regime_green"": true}",0.04734991,"['supportive atr pct 14', 'strong earnings gap', 'atr pct 14']","supportive atr pct 14, strong earnings gap, atr pct 14",0.7360703812316716
2026-08-31,WAB,Industrials,Construction Machinery & Heavy Transportation Equipment,XLI,SPY,True,205309158.24261475,285.92999267578125,5.821605137416294,0.02036024651676702,0.2261904761904762,0.07936507936507936,78.92886438253188,86.96776502141664,88.61661424510149,76.91680261011419,-5.755873103318493,-3.097058613426654,0.19937745248859073,0.7146836207091383,17.829598046137008,0.11687036353597158,0.0844236284538582,1.6138072430222419,0.13138090502255137,0.010331909237919618,34.97888145527554,37.0,28.0,0.047736449855946717,4.089758875277852,-0.030887010625935463,-0.01403450801454742,0.0050497319713153745,0.02023489106961382,-0.06055327100404806,-0.06753817883322966,23.0,0.06561161877580082,0.6970708715249301,1.311596534646719,1.273106924725823,0.830251629431185,0.8666666666666667,0.31797235023041476,0.5345622119815668,0.0028551007280190888,False,0,[],,,,,,,,,,,,,,,,,,"{""indicator_details"": {}, ""regime_green"": true}",-0.0024784175,"['strong earnings volume', 'realized vol 20 percentile 252', 'earnings breakout open']","strong earnings volume, realized vol 20 percentile 252, earnings breakout open",0.43728813559322033
2026-08-31,WTS,Industrials,Building Products,XLI,SPY,True,53364831.822784424,365.75,7.793978009905134,0.021309577607396126,0.27380952380952384,0.7063492063492064,90.48947103578874,94.42915311050474,95.1862339513301,88.41761827079935,-2.6550917247575967,-1.2744251527050778,0.24769760846643862,2.2725489961457157,2.5170477736518393,0.19144565414811088,0.12293147154020967,1.30174792287438,0.16345612119914474,0.010151504705491783,31.373702869117167,42.0,18.0,0.004356439930038647,1.9345474068901058,0.0007233902931365055,0.0052495703642641,0.007645287326227013,0.014997136062546702,-0.07066266320538173,-0.07297107497690913,43.0,0.12308060615925114,0.9024769321425918,1.0233261166515102,0.7437122690481657,0.5528146598789854,0.5666666666666667,0.31797235023041476,0.5345622119815668,0.0028551007280190888,True,1,"[""industrials""]",,,,,,,,,,,,,,,,,,"{""indicator_details"": {}, ""regime_green"": true}",-0.0016714606,"['healthy 200d sector breadth', 'dollar volume ratio 20 60', 'strong 126d momentum']","healthy 200d sector breadth, dollar volume ratio 20 60, strong 126d momentum",0.43728813559322033
2026-08-31,ACIW,Information Technology,Application Software,IGV,QQQ,True,47480090.31291962,53.279998779296875,1.2210636138916016,0.022917861146161903,0.14682539682539683,0.25396825396825395,89.56597399912502,93.86226151698297,94.69205266998759,87.11256117455139,-3.099607588894969,-1.5322905431376768,0.11445153249934492,7.976456855072982,9.606448705113735,0.18321119750491843,0.3204461163355081,1.0451780119022995,0.1541660621621799,-0.013720559656168306,57.20220618732092,48.0,17.0,-0.0846167037926896,1.0311427480821727,-0.1339227252776023,-0.03267979288161449,0.011641578935994868,0.0846167037926896,-0.10151771560228573,-0.12770142138064056,23.0,0.15748762665142008,0.7844834258620048,0.6108291384849929,1.0222908691735548,1.01395094274297,0.65,0.42105263157894735,0.7134502923976608,-0.06524951532896262,False,0,[],,,,,,,,,,,,,,,,,,"{""indicator_details"": {}, ""regime_green"": true}",0.036147576,"['strong earnings gap', 'limited recent downside gap risk', 'strong sector momentum backdrop']","strong earnings gap, limited recent downside gap risk, strong sector momentum backdrop",0.7242798353909465
2026-08-31,ADBE,Information Technology,Application Software,IGV,QQQ,True,1068509854.0456238,292.7900085449219,10.259678431919642,0.03504108109053022,0.5,0.6865079365079365,67.1617412669349,78.4650863514315,80.95410942904378,63.94779771615008,-11.595023120682782,-7.406780383594807,-2.701025350980032,4.94209274467493,41.290911000583655,0.0684596936437396,0.12231678574386473,1.265826131832041,0.08865288364851136,0.20929142100979473,68.64104388938078,8.0,57.0,-0.014825634765088691,3.4886829485862094,-0.16526286621038022,0.33816272605655073,0.013359056057068736,0.07495433695855098,-0.004408493180081963,-0.21051065062366592,238.0,0.19828076606255432,0.788933388591019,1.098865110682782,0.9852710130754553,0.7757195472982621,0.55,0.42105263157894735,0.7134502923976608,-0.06524951532896262,False,0,[],,,,,,,,,,,,,,,,,,"{""indicator_details"": {}, ""regime_green"": true}",0.0300503,"['strong sector momentum backdrop', 'atr pct 14', 'realized vol 20 percentile 252']","strong sector momentum backdrop, atr pct 14, realized vol 20 percentile 252",0.6583333333333333
2026-08-31,AGYS,Information Technology,Application Software,IGV,QQQ,True,25990917.758197784,116.41000366210938,4.264992850167411,0.036637683326142145,0.29365079365079366,0.42857142857142855,94.85478316865692,97.04520713272889,97.45634174105564,92.00652528548125,-4.489822097654866,-2.554004012683478,-2.068055729359969,-2.125504054372044,-5.629986531959659,0.24436130266830625,0.5838095736341411,0.8288809326012087,0.22514826264159937,0.08209457820071504,65.17582794368931,40.0,25.0,0.008524419830386432,1.0119841318894942,-0.13015319690662608,0.12756689336354254,0.009760164755348744,0.028058777138740224,-0.04260212872600466,-0.19855419165501287,210.0,0.17189756656734084,0.7424037792963034,0.9611392675369128,0.6834394713156169,0.8979981385249947,0.21666666666666667,0.42105263157894735,0.7134502923976608,-0.06524951532896262,False,0,[],,,,,,,,,,,,,,,,,,"{""indicator_details"": {}, ""regime_green"": true}",-0.0022547105,"['strong sector momentum backdrop', 'atr pct 14', 'realized vol 20 percentile 252']","strong sector momentum backdrop, atr pct 14, realized vol 20 percentile 252",0.43728813559322033
2026-08-31,ANET,Information Technology,Communications Equipment,XLK,QQQ,True,1028524392.9272156,195.69000244140625,7.450216020856585,0.03807152091526668,0.19047619047619047,0.31746031746031744,84.44092534501196,90.62664260292945,91.85591805129587,90.2936378466558,-7.7605185324649995,-4.467323774100862,-2.3710039590902596,0.9700844644227118,-2.6973971981689715,0.14653158447887504,0.5134570597270058,0.7300258697231162,0.2979848084568468,0.08100733530564885,48.500829871651604,46.0,19.0,0.015198212817729484,2.080255882257566,-0.011152870288517192,0.02719021617726436,0.018773329688465006,0.05230296179253711,-0.08913607439448157,-0.08913607439448157,18.0,0.17021624611008504,0.8333373454558232,0.7090633684275125,0.6997807990681247,1.0536640384305829,0.21666666666666667,0.42105263157894735,0.7134502923976608,-0.06524951532896262,False,0,[],,,,,,,,,,,,,,,,,,"{""indicator_details"": {}, ""regime_green"": true}",0.03888988,"['strong sector momentum backdrop', 'supportive earnings open vs 20d high', 'realized vol 20 percentile 252']","strong sector momentum backdrop, supportive earnings open vs 20d high, realized vol 20 percentile 252",0.7242798353909465
2026-08-31,APH,Information Technology,Electronic Components,XLK,QQQ,True,847905697.8477478,158.5500030517578,5.164263044084821,0.032571825573532,0.34523809523809523,0.4166666666666667,71.15064711283269,81.45998601113959,83.67487528706593,82.30016313213703,-16.113495159235157,-10.365590788579652,-6.76410982023566,-2.7039118474880723,-8.65338210013681,0.08343588232484977,0.1730541488303139,1.0854865171688914,0.09184949054255676,-0.015238166471352042,40.45315188371901,42.0,23.0,0.058741721165875393,1.9427063645781606,-0.1468743031211539,0.05482007602290029,0.013265777836257753,0.037659675507097735,-0.10083365618252671,-0.11186422105516247,43.0,0.16389440152511345,0.8144887445661398,1.16466087410594,0.8725894640905655,0.7455881736163306,0.36666666666666664,0.42105263157894735,0.7134502923976608,-0.06524951532896262,False,0,[],,,,,,,,,,,,,,,,,,"{""indicator_details"": {}, ""regime_green"": true}",0.012403597,"['strong sector momentum backdrop', 'realized vol 20 percentile 252', 'supportive avg gap']","strong sector momentum backdrop, realized vol 20 percentile 252, supportive avg gap",0.5609167671893848
2026-08-31,APPF,Information Technology,Application Software,IGV,QQQ,True,83800752.19215393,234.2100067138672,8.136010306222099,0.034738098599526576,0.2976190476190476,0.49206349206349204,97.55851274881134,98.61471378351469,98.81014229623489,95.35073409461664,-1.0522143707179765,-0.5332690245232357,-0.1796521326384095,3.1746949748122404,11.976650965032292,0.3062465294340164,0.2968438471681092,1.1999312246722975,0.24444093636745715,0.257866060005369,74.05150333368162,43.0,27.0,0.02428942124123812,2.854803964727188,-0.09578234614158165,0.4285453557391987,0.010808734110588376,0.04252359175112719,-0.0021727782216411917,-0.1888409143467873,246.0,0.24797690109800005,0.7695435976568382,0.8565164092805283,1.218606591702018,1.168970579769584,0.8,0.42105263157894735,0.7134502923976608,-0.06524951532896262,False,0,[],,,,,,,,,,,,,,,,,,"{""indicator_details"": {}, ""regime_green"": true}",0.030359674,"['strong sector momentum backdrop', 'limited recent downside gap risk', 'atr pct 14']","strong sector momentum backdrop, limited recent downside gap risk, atr pct 14",0.6583333333333333
2026-08-31,BILL,Information Technology,Application Software,IGV,QQQ,True,93804819.60442734,49.22999954223633,2.2558422088623047,0.04582251127032674,0.4603174603174603,0.17063492063492064,94.95466104524422,97.10386319190175,97.5070459596162,92.16965742251223,-2.9790567613187307,-1.6255480257834733,-0.9876433498744177,1.2161121902383911,21.428011130743684,0.24601370877319573,0.11405297741921872,0.6619968322296091,0.12352626097548017,0.11648602140290729,49.07612704155398,48.0,8.0,-0.004677639837326497,1.8651191611719222,-0.06958174816702345,0.03185915923143168,0.012259938657550169,0.037330897480946985,-0.0640684226168331,-0.13948609805872514,172.0,0.1398332752619721,1.0284916759071907,1.2116908881415045,0.654285995278469,1.0985188075705192,0.11666666666666667,0.42105263157894735,0.7134502923976608,-0.06524951532896262,False,0,[],,,,,,,,,,,,,,,,,,"{""indicator_details"": {}, ""regime_green"": true}",0.012114383,"['strong sector momentum backdrop', 'realized vol 20 percentile 252', 'strong earnings volume']","strong sector momentum backdrop, realized vol 20 percentile 252, strong earnings volume",0.5609167671893848
2026-08-31,BLKB,Information Technology,Application Software,IGV,QQQ,True,20773574.194091797,48.060001373291016,1.7935717446463448,0.03731942766117166,0.3492063492063492,0.32142857142857145,99.66945678314622,99.81419091126597,99.84067721534507,98.36867862969005,-0.2764417299490276,-0.15280240187037464,-0.12012785315562269,-0.0013295202691949726,7.089135027408062,0.4679291053579948,-0.01838230653617534,0.8182203371956173,0.08681890340643941,0.2741521955352059,60.12413007733567,42.0,23.0,0.028945196401168216,2.858414947789122,0.012044961842583524,0.1394025847693916,0.01245769835260938,0.039215639072714734,-0.02987483881479802,-0.3203224155627997,209.0,0.16209241553550857,0.6891465256392564,0.754132794099118,0.5622319627101854,0.7979529277370918,0.11666666666666667,0.42105263157894735,0.7134502923976608,-0.06524951532896262,False,0,[],,,,,,,,,,,,,,,,,,"{""indicator_details"": {}, ""regime_green"": true}",0.027365161,"['supportive earnings open vs 20d high', 'supportive rs vs group etf', 'realized vol 20 percentile 252']","supportive earnings open vs 20d high, supportive rs vs group etf, realized vol 20 percentile 252",0.6583333333333333
2026-08-31,BOX,Information Technology,Application Software,IGV,QQQ,True,69474979.50348377,35.779998779296875,1.1459928240094865,0.032028867051627295,0.4007936507936508,0.42857142857142855,94.75823390097493,96.98845588272556,97.4072759837534,91.92495921696575,-1.867189994481265,-0.9257351361651587,-0.12535728548174063,4.720395239785631,7.246882607348795,0.2427925544107783,0.5173875697652399,1.5688528400190667,0.3097566929287804,0.171601236284484,68.46056155796288,66.0,4.0,-0.00418283192537916,1.9880679928943585,-0.015507243192447007,0.08424238725142041,0.01090709282350713,0.037742285484888755,-0.010372009754145872,-0.015410054236093207,0.0,0.16717520107411876,0.8602450010290753,1.5668891659511144,1.778022188435657,1.2893444336944049,0.95,0.42105263157894735,0.7134502923976608,-0.06524951532896262,False,0,[],,,,,,,,,,,,,,,,,,"{""indicator_details"": {}, ""regime_green"": true}",0.012362723,"['supportive earnings open vs 20d high', 'strong sector momentum backdrop', 'limited recent downside gap risk']","supportive earnings open vs 20d high, strong sector momentum backdrop, limited recent downside gap risk",0.5609167671893848
2026-08-31,CDW,Information Technology,Technology Distributors,XLK,QQQ,True,206323351.81297302,151.5800018310547,6.390827723911831,0.04216141738165965,0.75,0.8531746031746031,68.98918036125964,79.85219928942509,82.2172333182764,80.58727569331158,-20.555537179476175,-13.499379235334331,-9.984620163937038,-6.1282907288562996,-8.002781356403176,0.07518801549690379,0.2148754180436867,1.182457647891187,0.1514352434210624,0.097527791098137,65.89527845416723,46.0,18.0,-0.25526621434595675,3.2686863728294666,-0.2576763560471026,0.08194143631269246,0.018129606287684324,0.25526621434595675,-0.018899664523917892,-0.11640921518770264,243.0,0.3672566371681416,0.8999622257859432,0.9460984057165196,1.2304852261187276,1.048190533383452,0.7833333333333333,0.42105263157894735,0.7134502923976608,-0.06524951532896262,False,0,[],,,,,,,,,,,,,,,,,,"{""indicator_details"": {}, ""regime_green"": true}",0.14056131,"['limited recent downside gap risk', 'earnings breakout open', 'strong sector momentum backdrop']","limited recent downside gap risk, earnings breakout open, strong sector momentum backdrop",0.9354838709677419
2026-08-31,CRM,Information Technology,Application Software,IGV,QQQ,True,2002863000.3147125,257.5400085449219,11.12447030203683,0.043195115061497036,0.7420634920634921,1.0,93.81257885251354,96.42999161379537,96.92401501536033,91.19086460032626,9.083511535022794,6.33458939146621,8.471778854478785,24.198199563651457,51.74506182934012,0.22872137903340528,0.3347500006128823,1.4500652004298353,0.2853645311938386,0.4075731998289324,80.77672383357584,67.0,3.0,-0.02795468876343643,1.4273484923605784,-0.06206312258375957,0.2525046914729474,0.019954388231720587,0.05098700890841643,-0.022729823026302,-0.042993487556865384,168.0,0.4400546381382343,0.8732530191133646,2.08000527280432,1.6056962562137524,1.234520176506,0.9333333333333333,0.42105263157894735,0.7134502923976608,-0.06524951532896262,False,0,[],,,,,,,,,,,,,,,,,,"{""indicator_details"": {}, ""regime_green"": true}",0.0020335314,"['strong earnings gap', 'strong sector momentum backdrop', 'limited recent downside gap risk']","strong earnings gap, strong sector momentum backdrop, limited recent downside gap risk",0.5094850948509486
2026-08-31,CTSH,Information Technology,IT Consulting & Other Services,XLK,QQQ,True,378093819.0989456,64.58000183105469,2.123214994158064,0.03287728296621184,0.49206349206349204,0.4722222222222222,81.49351106925077,88.69412081771762,90.14929017480189,88.66231647634584,-5.946460776637693,-3.250124463645008,-0.4264267196244447,3.576741904218693,14.49768729949173,0.12981109173285832,0.017007902851254864,1.2681183217570606,0.02570662234341103,0.2754754739665342,71.20567648351077,42.0,23.0,0.03975352704048585,2.084494879034386,0.024681726837632256,0.15383241776965972,0.0134192042053767,0.05570650119956508,-0.012085067803804694,-0.2579569948653464,157.0,0.23806825172638535,0.7373455467295493,0.7658564528173376,0.9453840089261161,0.8338013060126919,0.5666666666666667,0.42105263157894735,0.7134502923976608,-0.06524951532896262,False,0,[],,,,,,,,,,,,,,,,,,"{""indicator_details"": {}, ""regime_green"": true}",0.016310709,"['supportive earnings open vs 20d high', 'strong sector momentum backdrop', 'limited recent downside gap risk']","supportive earnings open vs 20d high, strong sector momentum backdrop, limited recent downside gap risk",0.6
2026-08-31,CVLT,Information Technology,Systems Software,IGV,QQQ,True,68545501.63760376,137.52000427246094,5.505708966936384,0.04003569514169168,0.3333333333333333,0.5952380952380952,80.29806976538949,87.89471697449522,89.44052724213016,77.07993474714519,-12.005411887139672,-7.2654275047141255,-4.8635679974121615,-1.3226732398148755,-13.384612930116418,0.12362125139525215,0.6120033783614589,1.067233193208916,0.21377682066109813,-0.010794769439037386,48.101781040830524,41.0,24.0,-0.15054199530761114,3.7041711126120607,-0.18000389082855428,0.14580909947397092,0.008676922990284431,0.1505419953076112,-0.09668944225940723,-0.3060853297262903,238.0,0.20882962158106932,0.768475218967848,0.9223403776531129,0.8077860167219575,0.7127780154801386,0.38333333333333336,0.42105263157894735,0.7134502923976608,-0.06524951532896262,False,0,[],,,,,,,,,,,,,,,,,,"{""indicator_details"": {}, ""regime_green"": true}",0.029667752,"['limited recent downside gap risk', 'strong earnings gap', 'strong sector momentum backdrop']","limited recent downside gap risk, strong earnings gap, strong sector momentum backdrop",0.6583333333333333
2026-08-31,DBX,Information Technology,Application Software,IGV,QQQ,True,117394726.70239449,35.189998626708984,1.0843571254185267,0.03081435543437352,0.5158730158730159,0.8174603174603174,92.92408583092171,95.90092775958425,96.46548033443608,90.53833605220228,-2.7490820676914183,-1.4145747844264775,-0.36249412416863436,5.371261887573112,14.417716655299273,0.21722583232248027,0.4098557659242985,1.4424728628835923,0.27656906502692546,0.12072557061868772,56.38662828852786,48.0,17.0,-0.013142830984933074,0.4567214236267367,-0.017912916867145245,0.024752430703091743,0.009496128479818127,0.03313047818674723,-0.03233796584521198,-0.03233796584521198,1.0,0.13289728529017014,0.874364949261219,0.6642452500402174,1.5516882618625714,1.1768712277839937,0.9333333333333333,0.42105263157894735,0.7134502923976608,-0.06524951532896262,False,0,[],,,,,,,,,,,,,,,,,,"{""indicator_details"": {}, ""regime_green"": true}",0.0025528725,"['supportive earnings open vs 20d high', 'strong sector momentum backdrop', 'supportive distance above 50d']","supportive earnings open vs 20d high, strong sector momentum backdrop, supportive distance above 50d",0.5094850948509486
2026-08-31,DGII,Information Technology,Communications Equipment,XLK,QQQ,True,21466207.931259155,74.94000244140625,2.619755336216518,0.034958036440749254,0.3611111111111111,0.9761904761904762,73.98012952713468,83.51265142789084,85.52589032580363,84.33931484502448,-2.2844115160981744,-0.5326226261503422,3.9225456733988864,8.055696263117383,-5.391736499718803,0.09481381712947945,0.4804425923091571,0.6899379592209827,0.3279882245427471,0.03201394604899039,30.018498286385366,52.0,18.0,0.0013861723727077724,1.0073752093639232,-0.029684340833607492,0.030103126342353903,0.010915512402713956,0.03868437689950719,-0.1370335605517764,-0.1370335605517764,16.0,0.22182513148882047,1.0463639504020439,1.028322232405846,0.6303129411421158,1.0361712658392905,0.16666666666666666,0.42105263157894735,0.7134502923976608,-0.06524951532896262,False,0,[],,,,,,,,,,,,,,,,,,"{""indicator_details"": {}, ""regime_green"": true}",0.013404009,"['supportive earnings open vs 20d high', 'strong sector momentum backdrop', 'limited recent downside gap risk']","supportive earnings open vs 20d high, strong sector momentum backdrop, limited recent downside gap risk",0.574468085106383
2026-08-31,DLB,Information Technology,Application Software,IGV,QQQ,True,41208821.26729584,61.560001373291016,1.648571559361049,0.026779914272001843,0.623015873015873,0.6904761904761905,74.71898029269272,84.03921824148571,85.99893876305245,71.04404567699837,-16.10251272150822,-10.154395248206043,-7.179924526206122,-4.913574534900576,21.49229343575957,0.09791335310054539,-0.05466832345116679,1.2606310571045636,0.017812990808164918,0.10147885919332084,50.83194936929005,56.0,22.0,-0.009516558646504247,1.4381550303466728,-0.03217406597560368,0.18887606845414728,0.006563527738341362,0.02417237804303613,-0.07595318469948009,-0.16562750892095257,245.0,0.13589089536828772,0.7946033641300342,1.571251842280031,1.202344423867448,1.0808910722281386,0.7333333333333333,0.42105263157894735,0.7134502923976608,-0.06524951532896262,False,0,[],,,,,,,,,,,,,,,,,,"{""indicator_details"": {}, ""regime_green"": true}",0.0036178594,"['strong sector momentum backdrop', 'supportive earnings open vs 20d high', 'constructive ATR profile']","strong sector momentum backdrop, supportive earnings open vs 20d high, constructive ATR profile",0.5094850948509486
2026-08-31,DOCU,Information Technology,Application Software,IGV,QQQ,True,159259789.3004074,66.2699966430664,2.7617855072021484,0.0416747494658445,0.4126984126984127,0.9246031746031746,86.84770431756179,92.16535328788578,93.20795706984622,83.93148450244698,-8.36208442572159,-4.857181071187938,-3.275766097089189,-0.8280916996720151,6.099373663001174,0.16222371292603666,0.43565851087804397,1.3853757898906516,0.23516553224120063,0.23099264688980264,63.876650636376404,3.0,62.0,0.029389256793618923,2.2643136373193675,-0.058474467363996974,0.30094225421355936,0.013368712778465363,0.05073187955653436,0.00959776446185212,-0.23519912895472717,238.0,0.22235530777598572,0.8628215527458987,1.1166053069011548,1.2067783855850827,0.9358068646740381,0.6833333333333333,0.42105263157894735,0.7134502923976608,-0.06524951532896262,False,0,[],,,,,,,,,,,,,,,,,,"{""indicator_details"": {}, ""regime_green"": true}",-0.013953119,"['strong sector momentum backdrop', 'limited recent downside gap risk', 'supportive days since earnings']","strong sector momentum backdrop, limited recent downside gap risk, supportive days since earnings",0.3860759493670886
2026-08-31,DT,Information Technology,Application Software,IGV,QQQ,True,217434331.86314392,54.59000015258789,1.917121342250279,0.03511854436511475,0.39285714285714285,0.7896825396825397,93.72844446113072,96.38007455765353,96.88078212036912,91.02773246329528,4.842335334875003,3.466276485385265,5.185680248010826,17.84109839646561,15.72210899141264,0.22756911747448694,0.48706078763368854,1.0315491559177348,0.31867628011823584,0.18296906379927544,69.33334609886384,47.0,18.0,0.12677755632708165,5.534344445867267,0.10978240115179028,0.07333856660389348,0.018169132701305456,0.033984497144643945,0.0001831865371524355,-0.004467929898336442,0.0,0.2390689811547667,1.0076065290558853,1.140228541934551,1.347799372705917,1.4276275159690461,0.8166666666666667,0.42105263157894735,0.7134502923976608,-0.06524951532896262,False,0,[],,,,,,,,,,,,,,,,,,"{""indicator_details"": {}, ""regime_green"": true}",-0.02412717,"['supportive earnings open vs 20d high', 'strong sector momentum backdrop', 'constructive ATR profile']","supportive earnings open vs 20d high, strong sector momentum backdrop, constructive ATR profile",0.25981308411214954
2026-08-31,FTNT,Information Technology,Systems Software,IGV,QQQ,True,675938788.6856766,170.92999267578125,6.547914777483259,0.038307582390782025,0.6746031746031746,0.9047619047619048,86.7702662502637,92.11638236340455,93.16501971227176,83.76835236541599,6.764100668934418,5.343302333736929,8.492508725268934,23.051155951398066,3.3282545659049987,0.16168270616294755,1.1587521093329425,1.5803129318812978,0.5749699904362032,0.08232045809691838,57.36636057063323,47.0,23.0,-0.011401463553743385,2.6126561383600517,-0.12961550360988805,0.11558537602129415,0.008447440297811299,0.02818173294566204,-0.017022294118447134,-0.017022294118447134,2.0,0.17279283994696729,0.8420394277444746,1.1622293217712303,1.3334821996656454,0.811275452726954,0.8166666666666667,0.42105263157894735,0.7134502923976608,-0.06524951532896262,False,0,[],,,,,,,,,,,,,,,,,,"{""indicator_details"": {}, ""regime_green"": true}",0.008197885,"['strong sector momentum backdrop', 'well above 200d trend', 'active price discovery']","strong sector momentum backdrop, well above 200d trend, active price discovery",0.5609167671893848
2026-08-31,GDDY,Information Technology,Internet Services & Infrastructure,SKYY,QQQ,True,146550704.7905197,97.87999725341797,4.150806971958706,0.04240710143474958,0.6428571428571429,0.75,62.64675290491793,74.92395701000646,77.70597749041528,46.492659053833606,-12.214259621914138,-8.075317357198031,-2.728542791104701,20.494289045683647,38.587198581135965,0.05258629424653072,0.10949893333766902,0.9631199145000603,0.01203782551351862,0.06974077832325137,60.02809160933546,43.0,22.0,-0.0294005364676716,1.311599807395924,-0.03764148928084465,-0.014597851111519677,0.01033414335226861,0.22651766420249442,-0.04029807526657059,-0.3495049082251839,244.0,0.16546675093205288,0.6887221401680322,0.9150265402109347,0.8131035286961723,0.8543627820018524,0.35,0.42105263157894735,0.7134502923976608,-0.06524951532896262,False,0,[],,,,,,,,,,,,,,,,,,"{""indicator_details"": {}, ""regime_green"": true}",0.14550765,"['limited recent downside gap risk', 'strong sector momentum backdrop', 'strong earnings gap']","limited recent downside gap risk, strong sector momentum backdrop, strong earnings gap",0.9482968322155708
2026-08-31,GEN,Information Technology,Systems Software,IGV,QQQ,True,116844065.85502625,31.0,0.937500136239188,0.030241939878683486,0.4523809523809524,0.6944444444444444,78.89648280242308,86.94569415242253,88.59696966398081,75.28548123980424,-7.65246669175788,-4.395424166592747,-1.2844357232153385,5.766328835566256,14.894283195794465,0.11671468819900177,0.38702458482738744,1.46417475959255,0.264571894238634,0.1431774409494785,63.64883430632547,48.0,17.0,-0.018425806187452487,0.46183882362234935,-0.03736843979149529,0.14054450522198092,0.010896339488846819,0.030963282517851864,-0.009268165773157033,-0.009268165773157033,1.0,0.1584598537718225,1.04180265750445,1.2427146737512489,1.5878066590362263,1.1106458077669759,0.9166666666666666,0.42105263157894735,0.7134502923976608,-0.06524951532896262,False,0,[],,,,,,,,,,,,,,,,,,"{""indicator_details"": {}, ""regime_green"": true}",0.01670786,"['supportive atr 14', 'strong sector momentum backdrop', 'constructive ATR profile']","supportive atr 14, strong sector momentum backdrop, constructive ATR profile",0.6
2026-08-31,GWRE,Information Technology,Application Software,IGV,QQQ,True,169537014.7565918,204.75,7.670704432896206,0.03746375791402298,0.32142857142857145,0.38095238095238093,90.80619405445778,94.62247231326769,95.35457343436236,88.17292006525285,-7.858245081139813,-4.558623645444698,-3.674421834791403,-4.166118239555615,2.435348753109423,0.1944347344946642,0.37406890509352353,1.385949167912921,0.29872333669823864,0.3277659034132437,71.3525921858289,3.0,62.0,0.03161092399791898,2.1997528517592113,-0.07662541618485497,0.35443542025564145,0.014358524508474274,0.13256594250756304,-0.013086527297688333,-0.2488995032441439,247.0,0.3721230193470752,0.7772954785181863,1.263027528365266,1.0955300783375213,0.8784576015838582,0.6,0.42105263157894735,0.7134502923976608,-0.06524951532896262,False,0,[],,,,,,,,,,,,,,,,,,"{""indicator_details"": {}, ""regime_green"": true}",0.030972678,"['limited recent downside gap risk', 'strong sector momentum backdrop', 'realized vol 20 percentile 252']","limited recent downside gap risk, strong sector momentum backdrop, realized vol 20 percentile 252",0.6583333333333333
2026-08-31,HPE,Information Technology,"Technology Hardware, Storage & Peripherals",XLK,QQQ,True,700059752.1598663,52.2400016784668,2.638571330479213,0.05050863793457391,0.7341269841269841,0.5555555555555556,77.7884544402464,86.1862901833991,87.92027893134491,86.5415986949429,-21.255542355241545,-13.228403986939938,-11.385398616091877,-9.301922087453178,-12.398906602530602,0.11148939741418706,1.360596640739193,1.983009538364472,0.5997219920595771,0.051678002247944305,44.57953490061882,2.0,65.0,0.026486974103133942,6.030082164223905,-0.008861479551383056,0.11148939741418706,0.017315958034960686,0.04442151772927788,-0.1761551521183481,-0.18692604391491363,62.0,0.2909176138091144,0.9938112837790165,0.9142362838773096,1.8005955299331924,0.8833618711915695,0.9,0.42105263157894735,0.7134502923976608,-0.06524951532896262,False,0,[],,,,,,,,,,,,,,,,,,"{""indicator_details"": {}, ""regime_green"": true}",0.0683565,"['strong sector momentum backdrop', 'well above 200d trend', 'supportive earnings open vs 20d high']","strong sector momentum backdrop, well above 200d trend, supportive earnings open vs 20d high",0.8309859154929577
2026-08-31,IDCC,Information Technology,Communications Equipment,XLK,QQQ,True,59064287.46746826,335.0299987792969,10.411581856863839,0.03107656596364236,0.07142857142857142,0.21031746031746032,97.26278162177395,98.44487826127445,98.66394162045951,96.3295269168026,0.08758859843585753,0.1870919394083188,0.726182855519113,3.1754926869737545,7.00597353456952,0.2968568689654276,-0.11561911502645383,1.2676302528295802,0.04958257566245161,0.11631808451092555,47.774520488084086,43.0,22.0,0.17934434306458447,2.853206813590526,0.05785729350502766,0.10450668779981975,0.003982062663563307,0.03351027530856835,-0.050879605518426185,-0.18800292335613178,208.0,0.13141447252586447,0.8597827649387011,0.8586291707318549,0.9142867507856346,0.718784112037374,0.43333333333333335,0.42105263157894735,0.7134502923976608,-0.06524951532896262,False,0,[],,,,,,,,,,,,,,,,,,"{""indicator_details"": {}, ""regime_green"": true}",-0.02541421,"['strong sector momentum backdrop', 'supportive earnings open vs 20d high', 'realized vol 20 percentile 252']","strong sector momentum backdrop, supportive earnings open vs 20d high, realized vol 20 percentile 252",0.25981308411214954
2026-08-31,IT,Information Technology,IT Consulting & Other Services,XLK,QQQ,True,195808027.28585815,198.11000061035156,8.025357927594866,0.04050960528428532,0.4166666666666667,0.9206349206349206,75.92936607201787,84.89359323121678,86.76493146975568,85.39967373572594,-19.51550212930438,-12.27770318890866,-9.89354703309769,-6.5318666065723505,6.834066563761809,0.10312380784070152,0.24386259368366425,0.7828135916876489,0.11051132278454062,0.24617862232886342,59.87609457117166,46.0,19.0,0.03992610770471683,2.9870460987698557,-0.05902722791628168,0.06631146869812765,0.012323977963432948,0.03640204649246806,-0.02423286311641848,-0.25480535617060596,232.0,0.301724672631131,0.8178851429552334,0.7775142950149666,0.8088715356894024,1.1974389277140756,0.2833333333333333,0.42105263157894735,0.7134502923976608,-0.06524951532896262,False,0,[],,,,,,,,,,,,,,,,,,"{""indicator_details"": {}, ""regime_green"": true}",-0.014968672,"['strong sector momentum backdrop', 'atr pct 14', 'improving RS vs SPY']","strong sector momentum backdrop, atr pct 14, improving RS vs SPY",0.3860759493670886
2026-08-31,ITRI,Information Technology,Electronic Equipment & Instruments,XLK,QQQ,True,48852878.091342926,97.01000213623047,2.615765162876674,0.026963870789358125,0.3333333333333333,0.5634920634920635,84.04088276367372,90.36749971533514,91.62762095047259,90.0489396411093,-4.6592323639657565,-2.422241119721818,0.07597190154112354,3.8223707739536366,6.022859771508649,0.14412078179922871,0.019440924789053238,0.9607103012781557,0.049351215535191714,0.047899202699809594,30.565790912191986,43.0,24.0,0.08221280161666145,10.733322559170471,0.03485220178499948,-0.09353387049918638,0.00421378801478956,0.01513731235285416,-0.09302540233180145,-0.3168309708716164,208.0,0.11242846996403036,0.6096414094434173,0.8926112936609961,0.6393270141629653,0.7403775176046742,0.45,0.42105263157894735,0.7134502923976608,-0.06524951532896262,False,0,[],,,,,,,,,,,,,,,,,,"{""indicator_details"": {}, ""regime_green"": true}",-0.018327933,"['clear of near-term earnings', 'supportive earnings open vs 20d high', 'constructive ATR profile']","clear of near-term earnings, supportive earnings open vs 20d high, constructive ATR profile",0.2857142857142857
2026-08-31,MANH,Information Technology,Application Software,IGV,QQQ,True,146403087.8627243,223.19000244140625,7.1654205322265625,0.03210457661116649,0.32142857142857145,0.2619047619047619,99.07631466563242,99.47940989455722,99.55340430500169,96.73735725938009,-0.7613666327876416,-0.4215195310571005,-0.32896549058877156,-0.32865741054655473,1.7088324020043757,0.38524087143295493,0.5945559798165805,0.6908117752467708,0.4189573591499261,0.27296953277586283,80.3645427605758,41.0,24.0,0.02052862333032457,1.4301946087197734,-0.029028793832904465,0.32716896516337757,0.011852479615817108,0.044211371843787754,-0.016914048181023045,-0.016914048181023045,2.0,0.22898286163632406,0.5932347713277349,0.9443945217086099,0.6690247327681201,1.1876422525662556,0.25,0.42105263157894735,0.7134502923976608,-0.06524951532896262,False,0,[],,,,,,,,,,,,,,,,,,"{""indicator_details"": {}, ""regime_green"": true}",0.01963931,"['supportive earnings open vs 20d high', 'strong sector momentum backdrop', 'limited recent downside gap risk']","supportive earnings open vs 20d high, strong sector momentum backdrop, limited recent downside gap risk",0.6334841628959276
2026-08-31,MSFT,Information Technology,Systems Software,IGV,QQQ,True,11566597082.447311,507.2900085449219,9.799793788364955,0.019317931800931887,0.30952380952380953,0.3333333333333333,75.57009661766362,84.6410562191324,86.53871749126675,71.85970636215335,-9.674543259558078,-5.8091623467640545,-2.3199195997012367,4.296544177964279,20.270464308363614,0.10155915193045284,0.27283910195084315,1.0789819430730436,0.17657274214440988,0.1712110389721841,52.22791805040906,42.0,23.0,0.00012708222243063005,1.3808589984507007,-0.031010607750753927,0.29894504390213017,0.004725486848552801,0.023190859852316066,-0.02025960863380183,-0.08385097994433066,210.0,0.08515031529999997,0.6303664801672003,0.8525047595413882,0.7354721964602272,0.8004304018996904,0.2833333333333333,0.42105263157894735,0.7134502923976608,-0.06524951532896262,False,0,[],,,,,,,,,,,,,,,,,,"{""indicator_details"": {}, ""regime_green"": true}",-0.017263822,"['strong sector momentum backdrop', 'supportive earnings open vs 20d high', 'realized vol 20 percentile 252']","strong sector momentum backdrop, supportive earnings open vs 20d high, realized vol 20 percentile 252",0.3153846153846154
2026-08-31,MSI,Information Technology,Communications Equipment,XLK,QQQ,True,296255232.9807739,485.29998779296875,9.362139020647321,0.019291447055715265,0.3968253968253968,0.8611111111111112,89.07764044846408,93.56054639783258,94.4287067521798,92.25122349102773,0.01981012377960667,0.5323779185455635,2.6012949846919042,5.780155846365943,25.258558454352922,0.1791146402298629,-0.0016662845508264024,1.4125810071217568,0.1533239739820493,0.10807786689187794,64.16717701222296,48.0,18.0,0.003703249651702656,1.4410208630116303,-0.002569411078928052,0.10763676351810125,0.007926643072746287,0.009331088303484211,-0.01675551473657022,-0.01675551473657022,17.0,0.1374913175860343,0.9013438831662942,1.4176916493092964,1.4135237336247273,1.0162368562887207,0.8166666666666667,0.42105263157894735,0.7134502923976608,-0.06524951532896262,False,0,[],,,,,,,,,,,,,,,,,,"{""indicator_details"": {}, ""regime_green"": true}",-0.02266102,"['supportive earnings open vs 20d high', 'strong sector momentum backdrop', 'active price discovery']","supportive earnings open vs 20d high, strong sector momentum backdrop, active price discovery",0.25981308411214954
2026-08-31,NOW,Information Technology,Systems Software,IGV,QQQ,True,2231930857.1482925,147.99000549316406,6.517621176583426,0.0440409550284427,0.4365079365079365,0.6309523809523809,72.6274515557971,82.53856782992146,84.64888629490488,68.84176182707994,-22.024751884203383,-14.130003436349924,-11.41941525237091,-14.776820080010523,-5.974864089790486,0.08928312106814662,0.3524950463320824,1.5025085793742694,0.24203308289897188,0.30812030914178873,69.42070653842715,42.0,28.0,-0.01165975740229197,1.7174389171407567,-0.1135424735477113,0.5502829133929443,0.01610713851697913,0.06758946726653117,0.015577849666792432,-0.24000900203211784,234.0,0.33690798984411013,0.8207042722562449,1.1145398688386563,1.2631717072941708,0.9345780813265937,0.7,0.42105263157894735,0.7134502923976608,-0.06524951532896262,False,0,[],,,,,,,,,,,,,,,,,,"{""indicator_details"": {}, ""regime_green"": true}",0.03446122,"['strong sector momentum backdrop', 'realized vol 20 percentile 252', 'supportive days since earnings']","strong sector momentum backdrop, realized vol 20 percentile 252, supportive days since earnings",0.7242798353909465
2026-08-31,NTNX,Information Technology,Systems Software,IGV,QQQ,True,151712906.23405075,68.56999969482422,2.6091224125453403,0.038050494737602886,0.46825396825396826,0.3888888888888889,93.70963037316251,96.36890694784121,96.8711090653854,90.94616639477977,-5.543824828144636,-3.1744010699636362,-2.587006835366566,-2.696865390061319,-0.8223747625144426,0.22731342412272038,0.7019110979567653,0.9526485863557119,0.40453220644470617,0.1718462899039747,62.732184732970985,62.0,3.0,-0.021643640686305532,1.967121514313994,-0.056300791328186994,0.04863129430888469,0.01516163222683108,0.04581677903052255,-0.07860788253233575,-0.16804172266215334,242.0,0.26071488578526025,1.0204445688647208,1.529507979199138,0.8701364662579592,1.0448141968428357,0.43333333333333335,0.42105263157894735,0.7134502923976608,-0.06524951532896262,False,0,[],,,,,,,,,,,,,,,,,,"{""indicator_details"": {}, ""regime_green"": true}",0.03251656,"['strong earnings gap', 'strong sector momentum backdrop', 'realized vol 20 percentile 252']","strong earnings gap, strong sector momentum backdrop, realized vol 20 percentile 252",0.7242798353909465
2026-08-31,OKTA,Information Technology,Application Software,IGV,QQQ,True,372738408.28868103,173.0399932861328,9.688570840018135,0.055990356079114366,0.8333333333333334,0.9246031746031746,94.44318474384467,96.80292859876565,97.2468178449785,91.68026101141925,-4.853200490775265,-2.7667137474270618,-2.2425196344635054,-2.207269550927947,-6.771246731042041,0.2378567966016092,1.3393266247196092,1.3155914554492911,0.727733603548647,0.21950783987084602,62.06310296386618,66.0,3.0,-0.019983160540194556,2.8662307081331546,-0.18153334292760148,0.28730840383324585,0.0227139791230175,0.04446405524545285,-0.010351802998000648,-0.010351802998000648,2.0,0.37029786986225893,1.1952384566428038,2.114241136772422,1.49105399710863,1.2082264190074665,0.9333333333333333,0.42105263157894735,0.7134502923976608,-0.06524951532896262,False,0,[],,,,,,,,,,,,,,,,,,"{""indicator_details"": {}, ""regime_green"": true}",0.021940498,"['well above 200d trend', 'strong sector momentum backdrop', 'supportive atr pct 14 percentile 252']","well above 200d trend, strong sector momentum backdrop, supportive atr pct 14 percentile 252",0.6583333333333333
2026-08-31,ONTO,Information Technology,Semiconductor Materials & Equipment,SMH,QQQ,True,290275195.8213959,267.2099914550781,18.98272923060826,0.07104049188894021,0.8015873015873016,0.8373015873015873,60.394327381021114,73.09389403187087,76.01394904028724,81.72920065252855,-6.1098492932023305,-3.404599699200162,2.745072345108113,3.978589405584785,-5.149364954643417,0.04497275992049499,0.22545282144138,0.8195412357571565,0.12043064358507713,-0.10927419395530001,32.11077530335872,48.0,17.0,-0.03467393958050269,0.6561286516484852,-0.20119330879678665,-0.014149022423091906,0.02757106840830393,0.07836263589345174,-0.2448201109059852,-0.30857010463361656,43.0,0.3603852512690138,0.9592096633964967,0.7577085253837789,0.7123097747718969,0.8495636940993714,0.2,0.42105263157894735,0.7134502923976608,-0.06524951532896262,False,0,[],,,,,,,,,,,,,,,,,,"{""indicator_details"": {}, ""regime_green"": true}",0.095935926,"['strong earnings gap', 'supportive atr pct 14', 'earnings breakout open']","strong earnings gap, supportive atr pct 14, earnings breakout open",0.92
2026-08-31,PANW,Information Technology,Systems Software,IGV,QQQ,True,1922599834.2200317,382.1300048828125,18.056472778320312,0.047252172160251266,0.8055555555555556,0.996031746031746,96.29028238724082,97.88322276555749,98.17994139464595,93.5562805872757,-1.9697307318829331,-1.0482034768085668,-0.5536034223683686,2.0322382074875804,-2.6132385651285404,0.2717318653858791,1.5449884809603027,1.6378417661220734,0.6589299997910743,0.10728941214333654,49.44647580220649,1.0,64.0,-0.04365218046604913,1.4712020393829857,-0.051449441355582826,0.2901515977346578,0.013847899189151225,0.0352672156172985,-0.04196853721588356,-0.04196853721588356,12.0,0.21606705828410824,1.1069438918235264,1.1115883510731477,1.4232028052304018,0.9353548103591663,0.8666666666666667,0.42105263157894735,0.7134502923976608,-0.06524951532896262,False,0,[],,,,,,,,,,,,,,,,,,"{""indicator_details"": {}, ""regime_green"": true}",0.0881236,"['well above 200d trend', 'strong earnings gap', 'strong sector momentum backdrop']","well above 200d trend, strong earnings gap, strong sector momentum backdrop",0.9038461538461539
2026-08-31,PATH,Information Technology,Systems Software,IGV,QQQ,True,933239678.2427511,18.670000076293945,0.8484999792916434,0.04544724026911056,0.0873015873015873,0.5833333333333334,99.43736290539461,99.68340058128194,99.72847978138296,97.55301794453507,-0.3500048602069512,-0.18679469012420213,-0.11740708364226293,1.0575004221226862,1.2204996071267544,0.4251908040173129,0.7448598513177149,0.919559971080688,0.4562529427125178,0.40273635663657115,72.93934083764624,3.0,67.0,0.023297511867092613,2.6880646516960742,-0.0034903980558358416,0.6122625387996385,0.012091519013783908,0.04556961556705473,0.008099331253925257,-0.058971777585462015,182.0,0.45465115849254395,0.9159199710536493,0.9982041996547023,0.8586239634388622,1.2308095414635656,0.5166666666666667,0.42105263157894735,0.7134502923976608,-0.06524951532896262,False,0,[],,,,,,,,,,,,,,,,,,"{""indicator_details"": {}, ""regime_green"": true}",0.08077849,"['supportive atr 14', 'supportive earnings open vs 20d high', 'supportive days since earnings']","supportive atr 14, supportive earnings open vs 20d high, supportive days since earnings",0.9038461538461539
2026-08-31,PI,Information Technology,Electronic Equipment & Instruments,XLK,QQQ,True,61089854.63555145,174.32000732421875,7.965712411063058,0.04569591599573298,0.10317460317460317,0.3253968253968254,93.29411672095767,96.1217834324825,96.65697857334928,94.61663947797716,27.816535410790095,20.455653593822134,24.293526908444164,26.56447973877586,14.258041270968192,0.2218406782187976,0.44472071965434656,0.9112117386472736,0.23169282505754488,0.15154987226003422,50.14313603443903,42.0,23.0,-0.018792753686689978,2.606800401416553,-0.14894866321566824,0.2513998815882943,0.012507326482395309,0.041283787907780825,-0.057729690139358136,-0.2944337880180484,212.0,0.17864419015506783,0.864297915495037,0.8154751656034014,0.8557830272444858,1.0682161754795645,0.4666666666666667,0.42105263157894735,0.7134502923976608,-0.06524951532896262,False,0,[],,,,,,,,,,,,,,,,,,"{""indicator_details"": {}, ""regime_green"": true}",0.012027809,"['strong sector momentum backdrop', 'atr pct 14', 'realized vol 20 percentile 252']","strong sector momentum backdrop, atr pct 14, realized vol 20 percentile 252",0.5609167671893848
2026-08-31,PLTR,Information Technology,Application Software,IGV,QQQ,True,4799155621.802063,186.3800048828125,6.7913022722516745,0.03643793376076873,0.05555555555555555,0.9404761904761905,86.55051353091697,91.97722078692087,93.04297068022683,83.442088091354,-9.765087004442407,-5.742677821353453,-4.260806905987906,-3.1919787383118603,0.475502924279823,0.1601619169864854,0.2838741284952555,0.5941481091336714,0.231417960776822,0.2865114668536723,61.20250308552507,45.0,20.0,0.0280351425815204,2.0902750112596458,-0.08920080852910317,0.48332672200107885,0.01499297382711176,0.04943089900251118,-0.010564263343198599,-0.10186969426760861,206.0,0.31469846958433856,0.8393299133923313,0.5627226804421138,0.6269687574739441,1.299334585935861,0.13333333333333333,0.42105263157894735,0.7134502923976608,-0.06524951532896262,False,0,[],,,,,,,,,,,,,,,,,,"{""indicator_details"": {}, ""regime_green"": true}",-0.006825198,"['limited recent downside gap risk', 'strong sector momentum backdrop', 'atr pct 14']","limited recent downside gap risk, strong sector momentum backdrop, atr pct 14",0.41847826086956524
2026-08-31,PTC,Information Technology,Application Software,IGV,QQQ,True,167842955.92547607,155.74000549316406,4.597856794084821,0.02952264435541346,0.4246031746031746,0.7341269841269841,68.52968769214706,79.5058507784448,81.90232643210516,65.74225122349104,13.20462555740513,12.506053804543654,18.807740445572612,31.104924410125108,42.35186817540628,0.07347672682361095,-0.01505179419123781,1.355500540479827,0.0432691744156297,0.16513167800160442,56.7054739011599,52.0,23.0,0.0014900384975975456,1.918226845329549,-0.02205548202196128,0.1757511520408197,0.00984156459310082,0.04114173264270137,-0.023328741151869115,-0.2783466602334783,251.0,0.16076438008274568,0.8215777473681146,1.050937981135302,0.9796968651910289,0.7553228291989598,0.55,0.42105263157894735,0.7134502923976608,-0.06524951532896262,False,0,[],,,,,,,,,,,,,,,,,,"{""indicator_details"": {}, ""regime_green"": true}",0.0076835216,"['supportive earnings open vs 20d high', 'strong sector momentum backdrop', 'limited recent downside gap risk']","supportive earnings open vs 20d high, strong sector momentum backdrop, limited recent downside gap risk",0.5609167671893848
2026-08-31,QLYS,Information Technology,Systems Software,IGV,QQQ,True,98783662.65372467,186.13999938964844,7.524531773158482,0.040424045330564956,0.4087301587301587,0.753968253968254,99.95763890915597,99.9762175631349,99.97961236701792,99.10277324632952,-0.029924383822574896,-0.016196179901115215,-0.011378640355871994,0.08076835635397117,-0.6527279761643712,0.6325206531302565,0.9678613658544455,0.9964575571799548,0.5003394158719139,0.17404456914336686,48.00073889984337,46.0,19.0,-0.016979823701828156,1.4503107651897063,-0.0929346243702659,0.15571837955560985,0.02033091568207167,0.02501298572248043,-0.07641160270666725,-0.07641160270666725,18.0,0.32788668351777256,0.8747123613041722,0.6340426501160101,0.8985773602072121,1.1100154566270715,0.48333333333333334,0.42105263157894735,0.7134502923976608,-0.06524951532896262,False,0,[],,,,,,,,,,,,,,,,,,"{""indicator_details"": {}, ""regime_green"": true}",0.029115127,"['supportive rs vs group etf', 'holding above recent breakout', 'strong sector momentum backdrop']","supportive rs vs group etf, holding above recent breakout, strong sector momentum backdrop",0.6583333333333333
2026-08-31,QTWO,Information Technology,Application Software,IGV,QQQ,True,38653698.40049744,65.04000091552734,2.2350006103515625,0.034363477535222314,0.2857142857142857,0.15476190476190477,94.40044044794011,96.77771668019658,97.2250060647271,91.59869494290375,-4.600367692371151,-2.6104321041674012,-2.049217959168999,-1.3108405094189806,-0.5773441769006524,0.23720755741094024,0.29458596223343525,1.281555389481177,0.1403681775388622,0.13546297844927874,56.75240733574276,47.0,23.0,-0.0050641972190703655,2.4973315569515844,-0.029634557161955732,0.07646479454805122,0.01034629453081513,0.03532093839234922,-0.03658718919485193,-0.2365301203006549,244.0,0.10635859766928375,0.8085255016815468,1.0524458555294511,0.9975759947113794,0.9274235319503695,0.7,0.42105263157894735,0.7134502923976608,-0.06524951532896262,False,0,[],,,,,,,,,,,,,,,,,,"{""indicator_details"": {}, ""regime_green"": true}",0.021333834,"['supportive earnings open vs 20d high', 'strong sector momentum backdrop', 'realized vol 20 percentile 252']","supportive earnings open vs 20d high, strong sector momentum backdrop, realized vol 20 percentile 252",0.6583333333333333
2026-08-31,RNG,Information Technology,Application Software,IGV,QQQ,True,95635922.33631134,69.62000274658203,2.9141578674316406,0.04185805447378713,0.36904761904761907,0.27380952380952384,99.38418223550437,99.65339442389966,99.70273332801162,97.22675367047309,-0.45946563066625856,-0.2511788948064577,-0.1839622241305534,0.07923940804440122,0.8127357405627436,0.4179227069279099,0.9263974521959526,1.0350547273853814,0.7899473672452407,0.3444697097780531,66.77542389493591,48.0,27.0,0.011949037832255316,3.2774576851257393,-0.11925120852376325,0.8026930262057461,0.011688859789585027,0.045422113723339645,-0.011430603767019432,-0.011430603767019432,1.0,0.2573648484592566,0.757751639597889,0.9205811741464776,0.8268364486266465,1.0933635050462056,0.6,0.42105263157894735,0.7134502923976608,-0.06524951532896262,False,0,[],,,,,,,,,,,,,,,,,,"{""indicator_details"": {}, ""regime_green"": true}",0.11532589,"['well above 200d trend', 'strong sector momentum backdrop', 'holding above earnings close']","well above 200d trend, strong sector momentum backdrop, holding above earnings close",0.9354838709677419
2026-08-31,ROP,Information Technology,Electronic Equipment & Instruments,XLK,QQQ,True,285999521.9829407,424.6400146484375,10.015398297991071,0.0235856206492525,0.36507936507936506,0.40476190476190477,94.15188963003855,96.63092138660954,97.09797658885135,95.02446982055464,-1.4852001973398359,-0.6618097272249486,0.2967731151120887,3.0114298857543247,18.577852053643483,0.23352219215232384,0.19978533448966673,1.0972885697651853,0.12700761147405656,0.1258906337634501,70.7699987897858,38.0,27.0,0.09634404462195545,1.5858570220771149,-0.018191963923366417,0.19576486958530404,0.009363247296459482,0.025510337626549567,-0.00814011177007301,-0.20207444756920823,251.0,0.10847160454125064,0.6707276020984199,0.9907854411577446,0.8167942525242419,0.765533352274759,0.31666666666666665,0.42105263157894735,0.7134502923976608,-0.06524951532896262,False,0,[],,,,,,,,,,,,,,,,,,"{""indicator_details"": {}, ""regime_green"": true}",-0.01590111,"['supportive earnings open vs 20d high', 'strong sector momentum backdrop', 'supportive days since earnings']","supportive earnings open vs 20d high, strong sector momentum backdrop, supportive days since earnings",0.3225806451612903
2026-08-31,SPSC,Information Technology,Application Software,IGV,QQQ,True,36578596.89521408,85.4000015258789,2.958071027483259,0.0346378334265822,0.36507936507936506,0.4126984126984127,99.48255012103327,99.70888556062249,99.75034515447906,97.87928221859707,-0.3003220190672664,-0.1585629585237598,-0.09228138719097956,1.5467638811887525,3.1767557312295054,0.431924922868151,0.46207844117401775,1.0848055670172074,0.242188165594369,0.24520111314384968,74.70561409473032,43.0,22.0,-0.02262247349142743,1.0876268515236214,-0.047465205685629286,0.29728086207635895,0.01127476025142492,0.049908742134363714,-0.0011695727967379055,-0.25655088810015725,212.0,0.21927700810954318,0.7605200579341012,0.7647971086541598,0.802517378570609,0.8961506352099541,0.45,0.42105263157894735,0.7134502923976608,-0.06524951532896262,False,0,[],,,,,,,,,,,,,,,,,,"{""indicator_details"": {}, ""regime_green"": true}",0.07593171,"['strong earnings gap', 'strong earnings volume', 'supportive rs vs group etf']","strong earnings gap, strong earnings volume, supportive rs vs group etf",0.875
2026-08-31,TYL,Information Technology,Application Software,IGV,QQQ,True,222963985.15118408,372.2200012207031,13.672143118722099,0.03673134993789701,0.4801587301587302,0.5357142857142857,81.24902945557415,88.53137660746351,90.00513216106192,78.22185970636215,1.052504980941663,1.6218232515797695,5.178264299023169,17.34166410734015,55.320474213289614,0.12852080275954503,0.049630608386026065,5.565439203289936,0.03566436165188034,0.17135107827994608,74.71668477031625,42.0,23.0,0.014999249762867484,2.256227470812934,0.009638371429310455,0.11610195268576651,0.012522188784287448,0.04029025400333186,-0.019028044418743284,-0.3430407180038624,246.0,0.2757815388258863,0.7777064025522303,1.9511707943631167,5.956165145165826,1.1163017279538499,1.0,0.42105263157894735,0.7134502923976608,-0.06524951532896262,False,0,[],,,,,,,,,,,,,,,,,,"{""indicator_details"": {}, ""regime_green"": true}",0.042238783,"['supportive earnings open vs 20d high', 'strong sector momentum backdrop', 'limited recent downside gap risk']","supportive earnings open vs 20d high, strong sector momentum backdrop, limited recent downside gap risk",0.7360703812316716
2026-08-31,WDAY,Information Technology,Application Software,IGV,QQQ,True,666694258.213913,197.4499969482422,11.811150687081474,0.059818439451166695,0.8134920634920635,0.9603174603174603,95.50970090663733,97.42887046636116,97.78783843085468,92.82218597063621,-4.358205092603328,-2.490515994706172,-2.116442781432582,-4.732826254302665,-2.9398352192578443,0.2558036145367555,0.473397545271671,0.9775671652834901,0.22906661750229113,0.24314052499572333,58.513097381679756,66.0,2.0,0.02437742540751975,1.8592199246743422,-0.14106119311533438,0.02004437401050807,0.016375830061564633,0.08214257125402878,-0.13204979480219214,-0.2097258670210459,231.0,0.4018363766600327,0.9680406687220019,0.9316326265836354,0.9987384519417294,1.2403092215186169,0.7,0.42105263157894735,0.7134502923976608,-0.06524951532896262,False,0,[],,,,,,,,,,,,,,,,,,"{""indicator_details"": {}, ""regime_green"": true}",-0.023508888,"['strong sector momentum backdrop', 'limited recent downside gap risk', 'strong earnings volume']","strong sector momentum backdrop, limited recent downside gap risk, strong earnings volume",0.25981308411214954
2026-08-31,ZBRA,Information Technology,Electronic Equipment & Instruments,XLK,QQQ,True,216370853.29034424,353.54998779296875,10.674294607979911,0.0301917549894827,0.24603174603174602,0.9484126984126984,99.35684736730475,99.6379657938242,99.68949410244024,98.61337683523655,0.04528630258695898,0.059016339192140777,0.1891215199233045,2.362358090330275,4.725846272889356,0.41442622138221696,0.5789120698644297,0.708494318390052,0.3862646406201913,0.15493241115945797,26.3124167123932,46.0,19.0,0.13187487835453715,3.7812085420106656,0.0967142324117598,-0.04142829849953922,0.010814806609145355,0.020110235881389056,-0.0845891287982915,-0.0845891287982915,13.0,0.17223743082606724,0.8434367811866466,0.6345112512639903,0.6970138602412309,1.1857625446850686,0.15,0.42105263157894735,0.7134502923976608,-0.06524951532896262,False,0,[],,,,,,,,,,,,,,,,,,"{""indicator_details"": {}, ""regime_green"": true}",-0.0016766797,"['supportive rs vs group etf', 'supportive earnings open vs 20d high', 'holding above recent breakout']","supportive rs vs group etf, supportive earnings open vs 20d high, holding above recent breakout",0.43728813559322033
2026-08-31,AHR,Real Estate,Health Care REITs,XLRE,SPY,True,111986660.10509872,55.209999084472656,1.0135721479143416,0.01835848876511574,0.09126984126984126,0.8055555555555556,87.78009201725216,92.7522243438854,93.7220494169682,85.15497553017944,11.009224020451498,8.332693883322818,11.69941957297857,11.642343093341637,21.42229419358612,0.1689603984666581,0.04366724937547861,0.7043234499306436,0.09227182782700465,0.008943600510253145,67.64705410937277,48.0,17.0,0.009009009009008917,0.32035203233961806,-0.045996605244409294,0.013213385645579612,0.0087237370355417,0.04002165444111351,-0.03915767552819216,-0.05945488301714341,24.0,0.0980316658497349,0.8337522533609996,0.7243897589448521,0.5996540063409249,0.8920234219447093,0.38333333333333336,0.17105263157894737,0.6578947368421053,0.02097551894946148,False,0,[],,,,,,,,,,,,,,,,,,"{""indicator_details"": {}, ""regime_green"": true}",0.0026131808,"['supportive avg gap', 'strong sector momentum backdrop', 'limited recent downside gap risk']","supportive avg gap, strong sector momentum backdrop, limited recent downside gap risk",0.5094850948509486
2026-08-31,APLE,Real Estate,Hotel & Resort REITs,XLRE,SPY,True,32628694.249666214,15.949999809265137,0.28203575951712473,0.017682492971146872,0.031746031746031744,0.6071428571428571,72.49158516814444,82.44000184788575,84.56000424060699,69.24959216965743,-9.745179527002193,-5.9185805064385875,-1.9105438235855416,-8.175020707278179,-4.507539044686496,0.08873721669525092,0.29674793186423565,1.1709220828436175,0.16640247546605477,-0.03336849258199276,57.089561135030095,45.0,18.0,-0.0018126151468151885,1.5991523467188473,-0.035609966893637046,-0.03625374353201338,0.005441820899700911,0.016331672590190215,-0.07696764030850034,-0.07696764030850034,17.0,0.11232705866579643,0.8933740798068224,0.7876650281320263,0.986616604111496,0.8140267720236987,0.48333333333333334,0.17105263157894737,0.6578947368421053,0.02097551894946148,False,0,[],,,,,,,,,,,,,,,,,,"{""indicator_details"": {}, ""regime_green"": true}",0.00038030566,"['strong sector momentum backdrop', 'days since 52w high', 'timely post-earnings setup']","strong sector momentum backdrop, days since 52w high, timely post-earnings setup",0.43728813559322033
2026-08-31,ARE,Real Estate,Office REITs,XLRE,SPY,True,74224660.25978088,51.290000915527344,1.742321286882673,0.033969999137886724,0.34523809523809523,0.8015873015873016,63.26256715222607,75.41679209930115,78.1600737831466,60.60358890701468,-12.986162152891154,-8.616768325282692,-3.4301571342735286,-12.501545567312945,15.697313438392023,0.05469874129112795,-0.025460766205450458,1.1899633919734225,0.02315228236535809,0.011007682840161147,61.24912585448316,40.0,20.0,0.016520864169420335,1.420345365103144,-0.06163095605408564,-0.0328115765382373,0.00843849788901021,0.027522913745227768,-0.06251139144902573,-0.41874430918831074,237.0,0.19506335830690766,0.9208585750647255,1.4126031501484966,1.355842928498743,1.065342775982313,0.7833333333333333,0.17105263157894737,0.6578947368421053,0.02097551894946148,False,0,[],,,,,,,,,,,,,,,,,,"{""indicator_details"": {}, ""regime_green"": true}",0.002085344,"['supportive avg gap', 'active price discovery', 'strong sector momentum backdrop']","supportive avg gap, active price discovery, strong sector momentum backdrop",0.5094850948509486
2026-08-31,BNL,Real Estate,Industrial REITs,XLRE,SPY,True,28511829.771800995,20.860000610351562,0.33731419699532644,0.01617038289193231,0.20238095238095238,0.49206349206349204,61.99106856939003,74.39570133292942,77.21850830452223,59.29853181076672,7.223267900478916,7.895717769435848,14.649838769669977,4.204807279389378,6.8127942394545755,0.05035246572342866,0.07971019357416997,0.9086345598506815,0.06221821686815818,-0.028850464736959108,53.51173150074285,42.0,23.0,0.008035728046480672,0.8482352880755135,-0.022510841955691197,-0.058239233877887875,0.004632627772838532,0.021739087324658683,-0.03515264566977616,-0.09696968546005047,31.0,0.05836197006762809,0.8446617107666338,0.8476606429012113,0.9521093813286748,1.0391349176388707,0.6333333333333333,0.17105263157894737,0.6578947368421053,0.02097551894946148,False,0,[],,,,,,,,,,,,,,,,,,"{""indicator_details"": {}, ""regime_green"": true}",4.5782734e-05,"['strong sector momentum backdrop', 'supportive atr 14', 'timely post-earnings setup']","strong sector momentum backdrop, supportive atr 14, timely post-earnings setup",0.43728813559322033
2026-08-31,BXP,Real Estate,Office REITs,XLRE,SPY,True,63279450.42655945,67.98999786376953,1.6654712132045202,0.024495826820609676,0.42063492063492064,0.5952380952380952,84.97643902904997,90.97201791088922,92.15991728701286,82.13703099510603,0.26418422181670564,0.8882115850472161,3.7209539183289735,1.6969331955950366,10.661888370819156,0.14983928015573622,0.20892595723021778,1.4315411731931467,0.06849968330074582,-0.00599421210500989,51.66889233179422,41.0,24.0,0.004912642273989576,1.46741118030423,-0.026046779372152495,-0.028158965787355994,0.006013786826390005,0.01848811494575304,-0.0589619672834667,-0.14294722936519555,239.0,0.09196703695721785,0.8649518778658571,1.434782878515937,1.1570186512600538,0.7526290157555855,0.65,0.17105263157894737,0.6578947368421053,0.02097551894946148,False,0,[],,,,,,,,,,,,,,,,,,"{""indicator_details"": {}, ""regime_green"": true}",-0.005995094,"['strong sector momentum backdrop', 'constructive ATR profile', 'strong earnings volume']","strong sector momentum backdrop, constructive ATR profile, strong earnings volume",0.41847826086956524
2026-08-31,CDP,Real Estate,Office REITs,XLRE,SPY,True,22021013.007164,36.0,0.7264278956821987,0.020178552657838852,0.5992063492063492,0.2222222222222222,82.95253073677566,89.65750265032788,91.00125642101587,80.0163132137031,-2.5516231599741843,-0.9707408325372029,1.938512193237841,-1.3202801033303189,5.688684851844911,0.13780027479324186,0.12149538041327546,1.7481958133157187,0.10629412209510493,-0.025842238551688837,44.77212015594255,43.0,25.0,0.009729233722286068,0.8839136434457215,0.006289352186228392,-0.05931540189734086,0.00534436556941279,0.010187195346741491,-0.06201149040854137,-0.07455016483610233,23.0,0.13826265136247295,0.7866726938506012,1.1527702274004272,1.129573438154241,0.6390404461022744,0.7166666666666667,0.17105263157894737,0.6578947368421053,0.02097551894946148,False,0,[],,,,,,,,,,,,,,,,,,"{""indicator_details"": {}, ""regime_green"": true}",-0.01099082,"['strong sector momentum backdrop', 'supportive rsi 14', 'days since 52w high']","strong sector momentum backdrop, supportive rsi 14, days since 52w high",0.41847826086956524
2026-08-31,CUZ,Real Estate,Office REITs,XLRE,SPY,True,33339456.113988876,28.989999771118164,0.5895289012363979,0.02033559523597262,0.19444444444444445,0.09523809523809523,74.76445727585437,84.0715035431248,86.02791902104204,71.61500815660685,-4.7587535674355905,-2.3543452297279117,1.747793237083755,-4.098113277785984,2.0958557523688626,0.09810606780349951,0.24956891455916974,1.4946853756975058,0.09804990116539908,-0.04541129965177064,45.569618419470586,43.0,22.0,0.0061919742310698744,1.56780662589986,-0.013657078983912885,-0.09207643300839707,0.00481518369836767,0.012738841509227893,-0.09150736729103293,-0.12018212139998807,23.0,0.08673073059533831,0.8216996840884965,1.0630647416573025,1.2174580645897135,0.7250063867980824,0.65,0.17105263157894737,0.6578947368421053,0.02097551894946148,False,0,[],,,,,,,,,,,,,,,,,,"{""indicator_details"": {}, ""regime_green"": true}",0.0028947648,"['strong sector momentum backdrop', 'strong earnings volume', 'supportive rsi 14']","strong sector momentum backdrop, strong earnings volume, supportive rsi 14",0.5094850948509486
2026-08-31,DOC,Real Estate,Health Care REITs,XLRE,SPY,True,80501856.99605942,20.81999969482422,0.3561356408255441,0.017105458503636685,0.051587301587301584,0.2857142857142857,74.21419989666458,83.6798860529063,85.67620673405973,70.88091353996737,3.019748330571801,3.474045790669294,8.341461235617231,2.1767570607497646,19.617669856185785,0.09578945762232727,0.18094161576346357,1.4188539361122077,0.12268363841777001,-0.03292784236498346,55.67765081516519,38.0,19.0,-0.005545237304496742,1.5416893130684628,-0.06226846416833276,-0.03700282670467958,0.006275295119090629,0.011888441650876025,-0.07198572808391757,-0.09277091661032333,24.0,0.09975489634635208,0.8339696845629397,1.041929308418183,1.1430653174849514,0.7467279139646451,0.6333333333333333,0.17105263157894737,0.6578947368421053,0.02097551894946148,False,0,[],,,,,,,,,,,,,,,,,,"{""indicator_details"": {}, ""regime_green"": true}",-0.0041832803,"['strong sector momentum backdrop', 'days since 52w high', 'strong earnings volume']","strong sector momentum backdrop, days since 52w high, strong earnings volume",0.43728813559322033
2026-08-31,DRH,Real Estate,Hotel & Resort REITs,XLRE,SPY,True,27109082.302119732,12.3100004196167,0.2724571909223284,0.022132996071076657,0.30158730158730157,0.6071428571428571,79.59431243155062,87.41980088610359,89.0186797183699,76.6721044045677,-9.204735734753726,-5.435951312948916,-2.6092929650721004,-7.924472612547206,-4.827488097469782,0.12010925168238051,0.2347041213555796,1.0731661094934664,0.17167290805222554,-0.014827965374181197,58.62070099494608,48.0,22.0,0.006471262783846132,1.1212201720021888,-0.001133312432000766,-0.0464755565365621,0.006213343926163339,0.008899648845687544,-0.10732411503483819,-0.10732411503483819,20.0,0.1254689561316966,0.8545205198775422,1.0824631860149587,0.9626595805741464,0.9497305072725537,0.65,0.17105263157894737,0.6578947368421053,0.02097551894946148,False,0,[],,,,,,,,,,,,,,,,,,"{""indicator_details"": {}, ""regime_green"": true}",-0.00083857303,"['timely post-earnings setup', 'strong sector momentum backdrop', 'earnings breakout open']","timely post-earnings setup, strong sector momentum backdrop, earnings breakout open",0.43728813559322033
2026-08-31,EPR,Real Estate,Other Specialized REITs,XLRE,SPY,True,35336660.342702866,58.709999084472656,1.0278214045933314,0.017506752182272895,0.21428571428571427,0.2896825396825397,60.30134183733631,73.01740339124748,75.94302757103694,57.34094616639478,7.435030114628702,8.242924097419433,15.182869421949256,4.447710632572445,8.359691072670252,0.044661891235923123,-0.02052051335363636,1.4934822293622536,0.04548136344261475,-0.03241119108750875,42.38977554648278,42.0,23.0,-0.0004663989340673025,1.4310444845818473,-0.006183359263917332,-0.08165182536813653,0.004855761670793701,0.013215838245461612,-0.061840885799744116,-0.09635081411058466,23.0,0.0677359013711041,0.842145787764028,1.22073281289394,1.5154577424738933,0.9934407242673191,0.9166666666666666,0.17105263157894737,0.6578947368421053,0.02097551894946148,False,0,[],,,,,,,,,,,,,,,,,,"{""indicator_details"": {}, ""regime_green"": true}",0.0048952806,"['strong sector momentum backdrop', 'supportive rsi 14', 'strong earnings volume']","strong sector momentum backdrop, supportive rsi 14, strong earnings volume",0.5588235294117648
2026-08-31,HIW,Real Estate,Office REITs,XLRE,SPY,True,25086792.44889927,30.600000381469727,0.5737425940377372,0.018749757741348766,0.12698412698412698,0.24603174603174602,86.45832346010121,91.91875515996142,92.99167986955119,83.68678629690048,-7.146590780106749,-4.080713909131902,-2.292839029289297,-5.392268307826498,1.8611954248548415,0.15953016632022643,0.352785112562656,1.5586034338687922,0.14252219126719531,-0.035460980883539,47.412007218705455,41.0,24.0,0.005614616603199174,0.9989475434743401,0.0008823170381433432,-0.090368580955271,0.005529547942237506,0.014855066729904026,-0.08955668474325418,-0.13644703836432337,23.0,0.09906160585184844,0.7881249094306116,1.0940272311731725,0.8044108603551734,0.4908368272350942,0.45,0.17105263157894737,0.6578947368421053,0.02097551894946148,False,0,[],,,,,,,,,,,,,,,,,,"{""indicator_details"": {}, ""regime_green"": true}",-0.008694914,"['strong sector momentum backdrop', 'supportive rsi 14', 'timely post-earnings setup']","strong sector momentum backdrop, supportive rsi 14, timely post-earnings setup",0.41847826086956524
2026-08-31,JLL,Real Estate,Real Estate Services,XLRE,SPY,True,95239965.19042969,365.8699951171875,9.749289376395089,0.02664686775769193,0.32142857142857145,0.5912698412698413,96.81571126440666,98.18728160797515,98.44205725393464,94.37194127243067,-0.9843221682472176,-0.45921354410521076,0.04535274418768154,1.1364074500997958,5.537385445209807,0.28438536098934986,0.16652843396686845,2.1716836684178698,0.12290993487360044,0.060008518739343354,51.58640392735655,47.0,22.0,0.02941176470588225,2.1666130741839056,0.0005360014293371851,0.01147294560013079,0.006413159728047185,0.01892072770758511,-0.07096563616170715,-0.07096563616170715,8.0,0.1106177561318185,0.9070350985053808,1.4065671874319832,1.75380365210386,0.8803689976336206,0.9333333333333333,0.17105263157894737,0.6578947368421053,0.02097551894946148,False,0,[],,,,,,,,,,,,,,,,,,"{""indicator_details"": {}, ""regime_green"": true}",0.022896046,"['strong RS vs XLK', 'supportive atr pct 14', 'strong earnings gap']","strong RS vs XLK, supportive atr pct 14, strong earnings gap",0.6583333333333333
2026-08-31,KRC,Real Estate,Office REITs,XLRE,SPY,True,33777273.87270546,36.29999923706055,0.7771426609584263,0.021408889181600894,0.047619047619047616,0.19047619047619047,66.93731507682989,78.29294275194061,80.7969929960048,64.51876019575856,-1.4557335297874232,0.28281527330616996,5.876855511885495,-2.1479064709080973,17.411995729580887,0.06764703638413372,0.2234580095624572,1.768280574994241,0.019325033394233665,-0.045921929797101926,48.45815422154853,40.0,25.0,0.0038052139230457804,1.0177868520038729,-0.03133412061466212,-0.07891399701580515,0.0049897075246175425,0.03349402943250449,-0.08182624567692565,-0.19387074792127368,235.0,0.1164925167403374,0.7420166137885886,1.1527383609643183,1.4213589890807308,0.6743913973848827,0.7833333333333333,0.17105263157894737,0.6578947368421053,0.02097551894946148,False,0,[],,,,,,,,,,,,,,,,,,"{""indicator_details"": {}, ""regime_green"": true}",-0.0129960915,"['strong sector momentum backdrop', 'limited recent downside gap risk', 'supportive rsi 14']","strong sector momentum backdrop, limited recent downside gap risk, supportive rsi 14",0.3860759493670886
2026-08-31,LXP,Real Estate,Diversified REITs,XLRE,SPY,True,31195063.30677414,60.709999084472656,0.23107119968959264,0.003806147309738504,0.051587301587301584,0.031746031746031744,92.22834582160766,95.48366018852094,96.1033466552369,89.8042414355628,6.101036959561128,4.429492385269725,6.551732413091742,7.571152601006972,9.934640783566053,0.2091216927197097,0.23670806469272732,1.8540446864869025,0.16961766449376037,0.03447451560472798,51.57230290132891,43.0,23.0,0.0006573692116746965,0.8083592740593966,-0.006364219931743853,0.0006593195440018906,0.0009708695700671455,0.02189251084586684,-0.007844411717747857,-0.009301561784899826,28.0,0.012744132424675194,0.5811383795589147,0.7138109888217744,1.585419005620799,0.9131248776528431,0.9,0.17105263157894737,0.6578947368421053,0.02097551894946148,False,0,[],,,,,,,,,,,,,,,,,,"{""indicator_details"": {}, ""regime_green"": true}",-0.00081377063,"['active price discovery', 'supportive realized vol 20 percentile 252', 'strong sector momentum backdrop']","active price discovery, supportive realized vol 20 percentile 252, strong sector momentum backdrop",0.43728813559322033
2026-08-31,MAC,Real Estate,Retail REITs,XLRE,SPY,True,49468011.77653313,23.6200008392334,0.4444640023367746,0.018817272927378944,0.015873015873015872,0.051587301587301584,64.28626321451135,76.22906732124146,78.90705737116069,61.74551386623165,-7.540273187040867,-4.464741210449105,1.0330903765153323,-7.366140575496146,-10.055627128063378,0.058243779667731754,0.18159085090935867,1.556456533799124,0.11690109014510458,-0.05678080128957696,29.411724091504595,46.0,19.0,-0.010050259777631299,1.1489337918919629,-0.03992497308975895,-0.07806400993310214,0.009045041021830024,0.03547227517878827,-0.09136372084341271,-0.11452665361589698,24.0,0.10791672845805045,0.8154084415886836,0.4942015998529475,1.653768382452304,0.9408482295700369,0.8833333333333333,0.17105263157894737,0.6578947368421053,0.02097551894946148,False,0,[],,,,,,,,,,,,,,,,,,"{""indicator_details"": {}, ""regime_green"": true}",0.022955036,"['supportive avg gap', 'strong sector momentum backdrop', 'supportive rsi 14']","supportive avg gap, strong sector momentum backdrop, supportive rsi 14",0.6583333333333333
2026-08-31,MRP,Real Estate,Single-Family Residential REITs,XLRE,SPY,True,23933509.505739212,30.420000076293945,0.44945716857910156,0.014775054814327887,0.003968253968253968,0.17063492063492064,74.50434188025892,83.88664503893703,85.8619474692988,71.20717781402936,1.3193513984660967,2.1532058378938643,6.835970795551589,0.3840319297587911,1.9325241872975027,0.09700687264564878,-0.018709674958259814,1.351750416108289,0.02579768517835756,0.037164023463340926,60.952390755836944,52.0,19.0,0.011867370230887797,1.4136876601817228,-0.030110392670063546,0.03399048257670745,0.005002438444019763,0.02620089602457808,-0.017441828945322424,-0.14502533696490782,251.0,0.10177931189242717,0.8132375352740574,0.971550722794313,1.0113962468415496,0.6495509049244376,0.5166666666666667,0.17105263157894737,0.6578947368421053,0.02097551894946148,False,0,[],,,,,,,,,,,,,,,,,,"{""indicator_details"": {}, ""regime_green"": true}",-0.008965942,"['supportive days to earnings', 'strong sector momentum backdrop', 'limited recent downside gap risk']","supportive days to earnings, strong sector momentum backdrop, limited recent downside gap risk",0.41847826086956524
2026-08-31,NNN,Real Estate,Retail REITs,XLRE,SPY,True,46863020.84767151,45.20000076293945,0.6269065311976841,0.0138696132879648,0.20238095238095238,0.20634920634920634,60.645013592409114,73.29973471146661,76.20472278100002,57.74877650897226,8.812866509668964,9.476938413391395,16.43733899561243,5.426038122664195,8.441523045239585,0.04581211213126646,-0.013746477044396355,1.2553567525091887,0.027790074457006108,-0.039232294180927184,48.21054271584395,46.0,18.0,0.014839957390549552,1.2311732193973137,-0.042408535215057275,-0.045608104298461405,0.0041412083964091125,0.014748630940475824,-0.05852942422065077,-0.09581917892974656,31.0,0.06475932932055496,0.8239822238734125,0.9870533220081004,1.0382710370875252,0.7349138594151465,0.5833333333333334,0.17105263157894737,0.6578947368421053,0.02097551894946148,False,0,[],,,,,,,,,,,,,,,,,,"{""indicator_details"": {}, ""regime_green"": true}",-0.011154122,"['strong sector momentum backdrop', 'days since 52w high', 'timely post-earnings setup']","strong sector momentum backdrop, days since 52w high, timely post-earnings setup",0.41847826086956524
2026-08-31,PEB,Real Estate,Hotel & Resort REITs,XLRE,SPY,True,30768771.610042572,18.1200008392334,0.4487502234322684,0.02476546372231038,0.027777777777777776,0.007936507936507936,84.96158385378403,90.96246061162779,92.15150904134266,81.97389885807505,-8.711554554804906,-5.080766832384356,-3.1842085010397625,-7.1866553391539725,-7.2681549316559995,0.1497462294465337,0.4046512693849096,2.006790635450437,0.2564247627427084,-0.028293135326877078,58.46154147116332,47.0,23.0,-0.0056789161376162856,1.085593628308656,-0.033617665129686336,-0.05821200338921184,0.006963381641227567,0.022319092870430813,-0.0773930039537668,-0.09081783433150925,28.0,0.12064040239931156,0.7961285435407593,0.973867448892999,1.5620951525645415,0.6631114326821056,0.75,0.17105263157894737,0.6578947368421053,0.02097551894946148,False,0,[],,,,,,,,,,,,,,,,,,"{""indicator_details"": {}, ""regime_green"": true}",0.018814292,"['supportive distance above 200d', 'supportive realized vol 20 percentile 252', 'strong earnings volume']","supportive distance above 200d, supportive realized vol 20 percentile 252, strong earnings volume",0.6334841628959276
2026-08-31,PK,Real Estate,Hotel & Resort REITs,XLRE,SPY,True,44068019.44130182,15.300000190734863,0.3792572702680315,0.024788056571247382,0.027777777777777776,0.5,89.89257774929459,94.06329759264794,94.86739589993775,87.68352365415987,-8.924460325780501,-5.211798685588633,-4.2729076792057725,-7.182002018211776,-6.448505685693419,0.1860465614864899,0.3612100091006325,1.5397202951478128,0.25630726412282295,0.02857143875616656,64.54545428273437,48.0,17.0,-0.004016028622996992,0.5006910631553237,-0.036893184586474725,0.06065857805409314,0.005490681585980722,0.019647693587806717,-0.055555588260434496,-0.055555588260434496,3.0,0.1344538561534534,0.8664428298220997,1.3563956960104806,1.1974009346770051,0.7684837324174276,0.7833333333333333,0.17105263157894737,0.6578947368421053,0.02097551894946148,False,0,[],,,,,,,,,,,,,,,,,,"{""indicator_details"": {}, ""regime_green"": true}",-0.014542925,"['days since 52w high', 'strong sector momentum backdrop', 'timely post-earnings setup']","days since 52w high, strong sector momentum backdrop, timely post-earnings setup",0.3860759493670886
2026-08-31,RHP,Real Estate,Hotel & Resort REITs,XLRE,SPY,True,69635132.39975739,126.76000213623047,2.600164140973772,0.020512496821981314,0.051587301587301584,0.6904761904761905,75.53310972265417,84.61500683232694,86.51537385607136,72.43066884176183,-10.77796070316893,-6.564343782171463,-3.1800695771061527,-9.965419177798069,-6.379437107708426,0.10139895881200722,0.27103176445865085,0.8201627908313378,0.18130675190488346,-0.009695993782974248,61.45579423967703,45.0,17.0,-0.011283516771784519,0.5691739757301714,-0.08206027831914442,0.021598970548250218,0.0063560932231297995,0.028963920109806713,-0.0629804606737644,-0.07784085592189405,23.0,0.1659667604043112,0.8535243920969572,0.5165905957915055,0.9693930958457427,1.201045535134855,0.6666666666666666,0.17105263157894737,0.6578947368421053,0.02097551894946148,False,0,[],,,,,,,,,,,,,,,,,,"{""indicator_details"": {}, ""regime_green"": true}",-0.00020694299,"['days since 52w high', 'strong sector momentum backdrop', 'timely post-earnings setup']","days since 52w high, strong sector momentum backdrop, timely post-earnings setup",0.43728813559322033
2026-08-31,SBRA,Real Estate,Health Care REITs,XLRE,SPY,True,38363642.15408707,20.389999389648438,0.3660717010498047,0.01795349249670166,0.10714285714285714,0.5912698412698413,67.67833915008454,78.85983605630847,81.31409902424069,65.17128874388256,28.735700737624484,27.744058477838372,34.49132861473297,25.56248678789234,36.238933405659246,0.07034121817606209,-0.008750622646876982,1.036065851467767,0.02911446917298717,-0.001948167966801184,62.38526411018495,47.0,20.0,-0.007085480301827762,1.5193812990952074,-0.07685551009303204,-0.010674488800967219,0.006631567443621178,0.015041308302306143,-0.05558132257797199,-0.10452354063540426,24.0,0.09538311290923807,0.7338038752610774,0.6001288542806029,0.7101820773548888,0.6647302680348345,0.31666666666666665,0.17105263157894737,0.6578947368421053,0.02097551894946148,False,0,[],,,,,,,,,,,,,,,,,,"{""indicator_details"": {}, ""regime_green"": true}",-0.0053376574,"['strong sector momentum backdrop', 'days since 52w high', 'active price discovery']","strong sector momentum backdrop, days since 52w high, active price discovery",0.43728813559322033
2026-08-31,SKT,Real Estate,Retail REITs,XLRE,SPY,True,24644946.201631546,37.709999084472656,0.5298865182059151,0.014051618431995653,0.003968253968253968,0.011904761904761904,66.10379114560975,77.65011202807479,80.20957258916232,63.2952691680261,-5.316508437298779,-2.7303933872340025,2.6819255622613696,-5.49038690369354,4.289564196550955,0.06465276775579043,0.016168107363321527,1.4617328122965227,0.04121364727257454,-0.05237211282142459,35.78595915097095,47.0,19.0,0.0053988029620399836,1.3040565879073616,-0.036566731319914836,-0.07391950014726678,0.003979096095921125,0.017464104200009146,-0.08515288773129726,-0.11322756657577182,24.0,0.1027287330888648,0.8004159594132598,1.1034417279146875,1.2032162427359059,0.6985725620738388,0.6833333333333333,0.17105263157894737,0.6578947368421053,0.02097551894946148,False,0,[],,,,,,,,,,,,,,,,,,"{""indicator_details"": {}, ""regime_green"": true}",-0.0012487123,"['supportive rsi 14', 'strong sector momentum backdrop', 'days since 52w high']","supportive rsi 14, strong sector momentum backdrop, days since 52w high",0.43728813559322033
2026-08-31,SLG,Real Estate,Office REITs,XLRE,SPY,True,46340255.998817444,55.97999954223633,1.6775000435965401,0.029966060330723722,0.14285714285714285,0.19047619047619047,95.25799622095647,97.28168340891258,97.66070747914439,92.74061990212071,-3.1451187768685003,-1.7381764379364029,-1.1774549982794866,-1.5544086227366591,1.950073854850956,0.25122926781603816,0.48922583971797007,0.9482087388170491,0.22106765651964483,0.04484547276049363,50.93419787399601,37.0,29.0,0.016732328771340788,0.8593045613683811,-0.03421836260324129,0.10153482641475953,0.005887456543680053,0.02493859223906224,-0.06839741387776577,-0.15552875593453286,239.0,0.12212887037729743,0.8667971213751645,0.969371155050406,0.7463674993509671,0.7926942386731921,0.2,0.17105263157894737,0.6578947368421053,0.02097551894946148,False,0,[],,,,,,,,,,,,,,,,,,"{""indicator_details"": {}, ""regime_green"": true}",0.00034283657,"['strong RS vs XLK', 'limited recent downside gap risk', 'strong sector momentum backdrop']","strong RS vs XLK, limited recent downside gap risk, strong sector momentum backdrop",0.43728813559322033
2026-08-31,SPG,Real Estate,Retail REITs,XLRE,SPY,True,225712059.64234924,212.32000732421875,3.044907706124442,0.01434112472252688,0.10714285714285714,0.11904761904761904,61.13535139090236,73.70077761872238,76.57607589448868,58.23817292006525,-5.663250633131014,-3.035023302732853,3.048566021305092,-6.309504341548433,-5.6575076015321315,0.0474593513606858,0.04508763288537865,1.9662171893018836,0.05504556204222705,-0.04908929636656059,35.745358403865325,45.0,15.0,-0.007895606911804909,0.8539673630473652,-0.07274635682815778,-0.0373157815173899,0.004591966503170686,0.010239183316019798,-0.08251403978092331,-0.10976936132403037,23.0,0.08422250623239176,0.8489346642316093,0.9036888692734257,1.4682895658396455,0.6729249273725849,0.7833333333333333,0.17105263157894737,0.6578947368421053,0.02097551894946148,False,0,[],,,,,,,,,,,,,,,,,,"{""indicator_details"": {}, ""regime_green"": true}",-0.0029347185,"['strong earnings gap', 'supportive rsi 14', 'days since 52w high']","strong earnings gap, supportive rsi 14, days since 52w high",0.43728813559322033
2026-08-31,TRNO,Real Estate,Industrial REITs,XLRE,SPY,True,33225553.990333557,66.20999908447266,1.0072059631347656,0.015212293868932738,0.003968253968253968,0.031746031746031744,60.39680188562014,73.09592854719403,76.0158352055969,57.50407830342578,4.367455207203832,5.468203307354429,12.259209497059885,1.676857439530103,10.804811799758298,0.0449810360900702,-0.002560984874650063,1.773147618239443,0.021421530669807766,-0.04382436591332837,31.397412926505737,47.0,18.0,0.004405877713254958,0.6752645072292136,-0.10472119655077994,-0.04665223910929972,0.0046343595274915385,0.013623534662850297,-0.08562359154914734,-0.16122243819770454,31.0,0.08561230875656749,0.8014779893755029,1.2127544072745744,1.1834570486095928,0.6280322735897673,0.7,0.17105263157894737,0.6578947368421053,0.02097551894946148,False,0,[],,,,,,,,,,,,,,,,,,"{""indicator_details"": {}, ""regime_green"": true}",-0.009121558,"['supportive rsi 14', 'strong sector momentum backdrop', 'days since 52w high']","supportive rsi 14, strong sector momentum backdrop, days since 52w high",0.41847826086956524
2026-08-31,VNO,Real Estate,Office REITs,XLRE,SPY,True,39349132.35944557,37.380001068115234,1.0371431623186385,0.027745937203926704,0.28174603174603174,0.2976190476190476,79.53801348501801,87.38166953896275,88.98478401857554,76.5905383360522,-12.10027215247213,-7.346072677889538,-4.815410670528266,-10.369526863621786,-8.413536643572897,0.1198322310367097,0.36523017581672734,1.0857224057456385,0.12031136394971105,-0.04478128617178368,42.19780440895608,45.0,20.0,0.015486179736064365,1.0147711237595778,-0.03811468364476833,-0.06386173848163013,0.005471125947286054,0.01907147680386367,-0.10144224905755883,-0.1381138577655302,241.0,0.11888106865695776,0.87027098932312,0.7688537139501735,0.873857998458148,0.7389020644538568,0.4,0.17105263157894737,0.6578947368421053,0.02097551894946148,False,0,[],,,,,,,,,,,,,,,,,,"{""indicator_details"": {}, ""regime_green"": true}",-0.008409467,"['supportive atr pct 14', 'supportive rsi 14', 'strong sector momentum backdrop']","supportive atr pct 14, supportive rsi 14, strong sector momentum backdrop",0.41847826086956524
2026-08-31,VTR,Real Estate,Health Care REITs,XLRE,SPY,True,209008489.80704498,91.16999816894531,1.5953559875488281,0.01749869496095092,0.2976190476190476,0.753968253968254,78.70030856918832,86.81183643561545,88.47780011883746,75.61174551386624,17.6130120094046,14.794016524600465,20.051202507456523,15.709545024868682,31.35746678525988,0.11577529299312328,0.0520423992182204,1.860820242896739,0.0739271467503799,-0.012852320895322775,70.57672386597628,42.0,23.0,0.0005095073575380749,0.840315941359105,-0.03356295358196704,-0.06702827435464787,0.005256179609088768,0.014567272937665004,-0.03523811461433535,-0.10265748486042003,24.0,0.08708155605946206,0.7088330407495812,0.95949098493261,1.4399835777456138,0.7388594855982943,0.8333333333333334,0.17105263157894737,0.6578947368421053,0.02097551894946148,False,0,[],,,,,,,,,,,,,,,,,,"{""indicator_details"": {}, ""regime_green"": true}",-0.020117229,"['strong sector momentum backdrop', 'days since 52w high', 'timely post-earnings setup']","strong sector momentum backdrop, days since 52w high, timely post-earnings setup",0.25981308411214954
2026-08-31,WELL,Real Estate,Health Care REITs,XLRE,SPY,True,553004657.6166382,236.24000549316406,4.082968575613839,0.017283137828795835,0.17857142857142858,0.4087301587301587,91.07046069723717,94.78334568738211,95.49458820090088,88.74388254486134,16.42785842051626,11.947987444178892,15.242828919182472,16.94274155056631,26.88569183581488,0.19700042948202756,0.12409593346308445,2.0403083007469807,0.12502453057557636,0.0034277506367110834,74.00284410685593,40.0,25.0,-0.0036894827133245878,0.9958067602588302,-0.007077030553775843,-0.04872348805330318,0.0043490965001965086,0.012874650777379596,-0.027978884055362307,-0.07429463825159632,24.0,0.08032178498191152,0.763805603691218,0.9461877375034974,1.8836063839594943,0.8838084637150436,0.95,0.17105263157894737,0.6578947368421053,0.02097551894946148,False,0,[],,,,,,,,,,,,,,,,,,"{""indicator_details"": {}, ""regime_green"": true}",-0.012707258,"['strong sector momentum backdrop', 'days since 52w high', 'timely post-earnings setup']","strong sector momentum backdrop, days since 52w high, timely post-earnings setup",0.3860759493670886
2026-08-31,AM,Energy,Oil & Gas Storage & Transportation,XLE,SPY,True,39484609.997615814,22.420000076293945,0.5417782919747489,0.02416495495678453,0.8214285714285714,0.9722222222222222,69.294337041745,80.08132339398324,82.42538129222557,37.52039151712888,27.124826894584153,25.629547087898388,32.25926505666506,7.039543921366857,6.795045143860747,0.07633222075907709,-0.021388030309110406,0.9522681143352818,0.07460063034844244,0.00590622770814797,54.444442089692046,42.0,23.0,-0.002298815497036588,0.7996142223065295,-0.0706637940716992,0.04182154272239269,0.005068833785990362,0.017535724939027778,-0.020960679049440767,-0.05936643853703838,108.0,0.08453705265266896,0.984852327501169,0.8825478448380899,0.9666654086452946,0.9607688773286194,0.5,0.8888888888888888,0.8571428571428571,0.07745341871227174,False,0,[],,,,,,,,,,,,,,,,,,"{""indicator_details"": {}, ""regime_green"": true}",0.0023419925,"['strong RS vs group ETF', 'supportive atr 14', 'tight recent base']","strong RS vs group ETF, supportive atr 14, tight recent base",0.5094850948509486
2026-08-31,APA,Energy,Oil & Gas Exploration & Production,XLE,SPY,True,196891212.356575,43.150001525878906,1.4451639992850167,0.0334916326345502,0.12698412698412698,0.6309523809523809,83.8599353647241,90.24996260281758,91.5240178111182,57.91190864600326,9.949808661134924,7.96659450073588,11.886909274778375,-3.212785730524857,10.153147439809295,0.1430463980365273,0.3616282991066879,0.8017838138060147,0.3004080482324065,0.16613235383051622,62.365604629543654,47.0,18.0,0.0013966267632985474,1.1035181062722017,-0.04907167775542809,0.24495100161117578,0.015110749684927,0.06185847885496432,-0.04217531061839841,-0.05497149211391128,106.0,0.30447370598255213,0.9628187234997849,1.0536541324938689,0.8154800945486392,1.1021733055691967,0.23333333333333334,0.8888888888888888,0.8571428571428571,0.07745341871227174,True,1,"[""energy""]",,,,,,,,,,,,,,,,,,"{""indicator_details"": {}, ""regime_green"": true}",-0.011861776,"['supportive days since 52w high', 'strong RS vs QQQ', 'strong 126d momentum']","supportive days since 52w high, strong RS vs QQQ, strong 126d momentum",0.3860759493670886
2026-08-31,AR,Energy,Oil & Gas Exploration & Production,XLE,SPY,True,127561335.9007473,38.47999954223633,0.9971422467912946,0.025913260360016732,0.003968253968253968,0.4246031746031746,60.93637675789471,73.53828906692426,76.42566986542944,30.179445350734095,8.631675397208959,9.279457616059375,16.20383626264944,-9.347857012754087,10.86404192775121,0.04679002446242175,0.03775613921381038,1.022629820381008,0.06396949514018288,0.08115700913731218,56.701025251790355,42.0,23.0,0.018594959668134958,1.2273339891717834,-0.04112262539346023,0.09504838391009729,0.009482937078896924,0.026988297214734478,-0.015353179649586712,-0.15890711383089995,106.0,0.14995618840702207,0.8873064680964798,0.9075537423997558,0.8318497442228289,0.8212613400141886,0.26666666666666666,0.8888888888888888,0.8571428571428571,0.07745341871227174,False,0,[],,,,,,,,,,,,,,,,,,"{""indicator_details"": {}, ""regime_green"": true}",0.011444958,"['strong RS vs group ETF', 'supportive days since 52w high', 'limited recent downside gap risk']","strong RS vs group ETF, supportive days since 52w high, limited recent downside gap risk",0.5609167671893848
2026-08-31,CHRD,Energy,Oil & Gas Exploration & Production,XLE,SPY,True,96352357.25,147.11000061035156,4.816834586007254,0.03274308045695373,0.3888888888888889,0.7023809523809523,66.48413731265867,77.94412644327674,80.4783818884355,34.82871125611746,22.430837312023932,21.594510372662256,28.392987923068354,2.5548726253106153,13.475818020583635,0.06601449717646068,0.2981821479573359,1.3321973858900125,0.2274548247535279,0.1189122845094238,61.331618309850505,46.0,18.0,0.003433422622534321,1.2456355647261632,-0.031571207342911856,0.13205082004691415,0.01208443255801862,0.05674592052306057,-0.03849672803691784,-0.03849672803691784,7.0,0.18844177001471477,0.858664119770515,0.9735807905737294,1.2286478627318298,0.9724168087270156,0.8166666666666667,0.8888888888888888,0.8571428571428571,0.07745341871227174,False,0,[],,,,,,,,,,,,,,,,,,"{""indicator_details"": {}, ""regime_green"": true}",0.014217214,"['strong RS vs group ETF', 'supportive max gap down', 'supportive dollar volume ratio 20 60']","strong RS vs group ETF, supportive max gap down, supportive dollar volume ratio 20 60",0.5800865800865801
2026-08-31,CNR,Energy,Coal & Consumable Fuels,XLE,SPY,True,42090212.169433594,102.30000305175781,3.0677223205566406,0.029987509570303265,0.015873015873015872,0.4642857142857143,74.73777504932623,84.05256288799745,86.01091765068186,43.882544861337685,-7.111066683886193,-4.0324178779229385,-0.1486060757411991,-25.718107135402327,-28.081595317961423,0.09799297050813549,0.17599730502309563,1.0053259108336179,0.14233235328221133,0.177651597318272,70.69047262058653,48.0,17.0,0.05712235614082828,1.2725932440183927,-0.012557906027762522,0.11656843467595523,0.011749761255200358,0.044204354184096566,-0.0013666476602098854,-0.10888501452708454,106.0,0.31762322710833724,0.9682571760086963,1.139730966146223,0.9739837193583463,0.9778414442672422,0.4666666666666667,0.8888888888888888,0.8571428571428571,0.07745341871227174,False,0,[],,,,,,,,,,,,,,,,,,"{""indicator_details"": {}, ""regime_green"": true}",0.024896555,"['strong RS vs group ETF', 'supportive days since 52w high', 'limited recent downside gap risk']","strong RS vs group ETF, supportive days since 52w high, limited recent downside gap risk",0.6583333333333333
2026-08-31,COP,Energy,Oil & Gas Exploration & Production,XLE,SPY,True,600459740.5442505,132.49000549316406,2.838393075125558,0.021423450505268546,0.023809523809523808,0.42857142857142855,84.40377934210721,90.602620978749,91.83476292246178,58.80913539967374,10.544292474869124,8.357544617201143,12.240247229020568,-2.152559791850301,19.444832221189635,0.1463056185690932,0.12051765804167824,1.4998989607036008,0.1848846013761201,0.12332402685724114,64.36380486105968,48.0,17.0,0.04311542980701755,0.6699698309184379,-0.01940352384402122,0.14393028701661104,0.01032364743588236,0.050008599210463994,-0.024948478568072474,-0.024948478568072474,6.0,0.1845524014236127,0.8411339470469976,1.398154640327194,1.457680535100265,0.9888379318416488,0.9,0.8888888888888888,0.8571428571428571,0.07745341871227174,True,1,"[""energy""]",,,,,,,,,,,,,,,,,,"{""indicator_details"": {}, ""regime_green"": true}",-0.003023516,"['earnings breakout open', 'strong 126d momentum', 'strong RS vs QQQ']","earnings breakout open, strong 126d momentum, strong RS vs QQQ",0.43728813559322033
2026-08-31,CRGY,Energy,Oil & Gas Exploration & Production,XLE,SPY,True,57993857.03837013,13.6899995803833,0.4563572747366769,0.03333508317930128,0.03968253968253968,0.09126984126984126,81.79209011224815,88.89236149259104,90.32479881956438,54.241435562805876,23.941882114154417,19.66032226959672,24.870011305920613,9.661158464191367,30.199055774704817,0.13140488832947006,0.13988337381221494,0.7702056566301538,0.2470593733422065,0.21281379034513434,66.24039953823635,45.0,20.0,-0.04097648265796927,0.8805748281044378,-0.059024773751161774,0.1977252156488689,0.012755374465592429,0.05613122822217153,-0.030453279650204168,-0.04198743058582366,81.0,0.29363260970290883,0.8510948577759804,0.9291757833918111,0.7053501677144861,1.020180914325125,0.15,0.8888888888888888,0.8571428571428571,0.07745341871227174,True,1,"[""energy""]",,,,,,,,,,,,,,,,,,"{""indicator_details"": {}, ""regime_green"": true}",-0.018336808,"['supportive days since 52w high', 'strong RS vs QQQ', 'strong 126d momentum']","supportive days since 52w high, strong RS vs QQQ, strong 126d momentum",0.2857142857142857
2026-08-31,CVI,Energy,Oil & Gas Refining & Marketing,XLE,SPY,True,26459252.124185562,41.86000061035156,1.9457073211669922,0.04648130178683844,0.4007936507936508,0.6666666666666666,91.24572544967617,94.88982486934987,95.5872258129871,72.59380097879283,4.82648440816385,3.63687442008208,5.80718859555266,-2.630322900587771,22.716050367545883,0.19874005742583511,0.6791014880838528,2.1296541986483186,0.37212275324353533,0.25088155969079184,77.87295613478815,42.0,23.0,0.027267282844637863,1.3594831388590902,-0.03882422275546171,0.20912772680067326,0.01232956032956073,0.05376344159530915,-0.007939307664309503,-0.028206619409586686,0.0,0.44546986126662547,0.7363992700007872,1.4835907294828754,1.8939727284380836,0.98017058320597,0.9166666666666666,0.8888888888888888,0.8571428571428571,0.07745341871227174,False,0,[],,,,,,,,,,,,,,,,,,"{""indicator_details"": {}, ""regime_green"": true}",-0.015654104,"['supportive max gap down', 'strong RS vs QQQ', 'supportive atr contraction']","supportive max gap down, strong RS vs QQQ, supportive atr contraction",0.3488372093023256
2026-08-31,CVX,Energy,Integrated Oil & Gas,XLE,SPY,True,1344702594.0392761,206.13999938964844,3.6756504603794644,0.017830845402457305,0.2896825396825397,0.5436507936507936,77.31056376270463,85.85623004138799,87.62570157974042,48.28711256117455,15.950528642914684,13.60747956050352,18.95142735405939,-0.1236453850357151,2.9733391300417082,0.10929342602632253,0.08723624870087021,1.7537476441641504,0.1451732301082208,0.09537882913444136,71.31293477075116,44.0,21.0,0.014559841335886281,1.4079296924749778,-0.013050745101889416,0.047299687405301105,0.008388171432967311,0.04443973544477634,-0.013589799961491567,-0.03991433587741233,106.0,0.12433421863373455,0.8031809041893981,1.1803647250195626,1.5764081627464412,0.9298696881479779,0.95,0.8888888888888888,0.8571428571428571,0.07745341871227174,True,1,"[""energy""]",,,,,,,,,,,,,,,,,,"{""indicator_details"": {}, ""regime_green"": true}",0.028141873,"['strong RS vs group ETF', 'supportive days since 52w high', 'limited recent downside gap risk']","strong RS vs group ETF, supportive days since 52w high, limited recent downside gap risk",0.6583333333333333
2026-08-31,DINO,Energy,Oil & Gas Refining & Marketing,XLE,SPY,True,209376189.0037918,101.61000061035156,3.673906053815569,0.036156933685140516,0.5595238095238095,0.8531746031746031,99.50176024237429,99.71971674223622,99.75963751212657,96.00326264274062,0.9511824979271637,0.6088322417168541,0.8137559579308515,3.256726375421948,4.397720670450482,0.4349668706918324,0.8883106860648851,1.8451668100722356,0.5726655615273085,0.1935778749297156,76.6070269319209,43.0,24.0,0.009143003329098676,1.3691191957651494,-0.02188771056590455,0.1378499119586698,0.01033985710849632,0.05262419151813919,0.014780818910719251,-0.013303580325527253,0.0,0.27909577225798327,0.8136015427521128,0.9375719354041421,1.6907350369234506,1.0227757912956492,0.9833333333333333,0.8888888888888888,0.8571428571428571,0.07745341871227174,False,0,[],,,,,,,,,,,,,,,,,,"{""indicator_details"": {}, ""regime_green"": true}",-0.040029824,"['realized vol 20 percentile 252', 'earnings breakout open', 'strong RS vs XLK']","realized vol 20 percentile 252, earnings breakout open, strong RS vs XLK",0.21568627450980393
2026-08-31,DVN,Energy,Oil & Gas Exploration & Production,XLE,SPY,True,368834567.75074005,48.5099983215332,1.2517858232770647,0.025804697311675784,0.05555555555555555,0.6865079365079365,61.14916683249864,73.71204702045904,76.58650462350974,30.424143556280587,11.93756354745792,12.343656414321565,19.364250185365826,-6.413672254640357,9.56024787575899,0.047505870935063754,0.07919905446428621,1.3926762370039125,0.12173646705681085,0.09385354895485931,65.44189706071205,47.0,19.0,-0.02041731778422662,0.8906824317906453,-0.055080659729182524,0.10124856212756361,0.011727972768259359,0.05186497942159896,-0.02433634089827985,-0.0796812907586768,106.0,0.1826831621770778,0.8873187215559206,1.0711806043151653,1.2518877215663156,0.8420269724399249,0.6833333333333333,0.8888888888888888,0.8571428571428571,0.07745341871227174,False,0,[],,,,,,,,,,,,,,,,,,"{""indicator_details"": {}, ""regime_green"": true}",-0.002277352,"['strong RS vs group ETF', 'supportive days since 52w high', 'strong earnings gap']","strong RS vs group ETF, supportive days since 52w high, strong earnings gap",0.43728813559322033
2026-08-31,EOG,Energy,Oil & Gas Exploration & Production,XLE,SPY,True,369945073.5159302,144.9600067138672,3.106661115373884,0.021431160123399014,0.1626984126984127,0.9285714285714286,65.08618806234887,76.85779006642923,79.48401246408717,33.605220228384994,2.9145176656796963,3.925229249351716,10.075143582153956,-15.702033235347685,-5.677583357597072,0.061045322022782456,0.12677818570676602,1.2667481151748883,0.13303138478869567,0.03195682358500886,53.127533318200975,48.0,19.0,-0.01983799790600138,0.8754103055903633,-0.039679931793655254,0.010033461528279553,0.010340544786842149,0.0416391323583043,-0.05667984355347189,-0.05667984355347189,7.0,0.15151743486772304,0.7630146825379692,1.0018344279713454,1.1597861181853115,0.8609157093202569,0.7333333333333333,0.8888888888888888,0.8571428571428571,0.07745341871227174,False,0,[],,,,,,,,,,,,,,,,,,"{""indicator_details"": {}, ""regime_green"": true}",-0.009541969,"['strong RS vs group ETF', 'realized vol 20 percentile 252', 'limited recent downside gap risk']","strong RS vs group ETF, realized vol 20 percentile 252, limited recent downside gap risk",0.41847826086956524
2026-08-31,FTI,Energy,Oil & Gas Equipment & Services,XLE,SPY,True,187401443.7831421,78.1500015258789,2.3566856384277344,0.03015592568667234,0.43253968253968256,0.5158730158730159,83.68944729471657,90.13903561656078,91.42620882168434,57.58564437194127,20.117088386022665,16.038250993847342,20.75819862497299,6.566899465665799,-5.087542262125552,0.1420429808176975,0.15777780038339118,1.2944175741403348,0.22705794615642833,0.08117159167592883,59.888177074114274,38.0,22.0,-0.003206515351589778,1.733700274209392,-0.08239217556224199,0.1339234417027675,0.00787842965222924,0.026201820588150845,-0.029773488593161312,-0.029773488593161312,8.0,0.1887261227105658,0.8782594224544465,0.7729720382509456,0.9765470943878679,0.7898711957253678,0.5666666666666667,0.8888888888888888,0.8571428571428571,0.07745341871227174,True,1,"[""energy""]",,,,,,,,,,,,,,,,,,"{""indicator_details"": {}, ""regime_green"": true}",-0.012377206,"['supportive earnings open vs 20d high', 'limited recent downside gap risk', 'strong RS vs QQQ']","supportive earnings open vs 20d high, limited recent downside gap risk, strong RS vs QQQ",0.3860759493670886
2026-08-31,HP,Energy,Oil & Gas Drilling,XLE,SPY,True,31235322.34684944,43.58000183105469,1.357272011893136,0.031144377119460265,0.031746031746031744,0.9484126984126984,77.65755595470502,86.09603635956758,87.83975589355005,48.613376835236544,14.962052662008588,12.724831707500925,17.95872170886105,-1.3458733685124429,-17.482792683915854,0.11088458678504454,0.24194932007832026,1.3521014273955534,0.25187351564923033,0.18534077470278398,56.11511054617407,55.0,18.0,0.004059129684990559,0.8590111123877483,-0.03992233542812074,0.3094952953593655,0.013187962672489052,0.03898086061902866,-0.029292680479304,-0.030693889713502287,0.0,0.35096156050467714,0.9984993664981578,1.0161839397865273,1.4433648868663356,1.182561893689932,0.8666666666666667,0.8888888888888888,0.8571428571428571,0.07745341871227174,True,1,"[""energy""]",,,,,,,,,,,,,,,,,,"{""indicator_details"": {}, ""regime_green"": true}",-0.0046028304,"['strong RS vs group ETF', 'supportive days to earnings', 'limited recent downside gap risk']","strong RS vs group ETF, supportive days to earnings, limited recent downside gap risk",0.43728813559322033
2026-08-31,INSW,Energy,Oil & Gas Storage & Transportation,XLE,SPY,True,45395373.45661926,98.63999938964844,3.2981654575892856,0.033436389679615146,0.4523809523809524,0.7023809523809523,95.05234388769345,97.16117933530992,97.55658367403664,82.38172920065253,5.391569068323037,3.732699817193719,5.26562876567283,3.653122843684315,9.68409268883508,0.24766003586761243,0.2894117567274306,1.6926468267962844,0.3490494406205936,0.08485968436239695,69.89202886749757,48.0,15.0,0.009089885343604331,1.6587364862858076,-0.05072340176998957,0.09115041730846274,0.009785673644446324,0.06625486170613079,-0.03614742917694491,-0.03614742917694491,6.0,0.1881958124517073,0.9445094294855647,1.004848456745633,1.5739603189143045,1.0068291459734948,0.9333333333333333,0.8888888888888888,0.8571428571428571,0.07745341871227174,False,0,[],,,,,,,,,,,,,,,,,,"{""indicator_details"": {}, ""regime_green"": true}",-0.005862214,"['supportive max gap down', 'strong 126d momentum', 'strong RS vs XLK']","supportive max gap down, strong 126d momentum, strong RS vs XLK",0.41847826086956524
2026-08-31,KMI,Energy,Oil & Gas Storage & Transportation,XLE,SPY,True,270877028.60897446,32.2400016784668,0.8330351965767997,0.025838559342668602,0.9761904761904762,0.9444444444444444,60.419442485776834,73.11454096223966,76.03308993698771,29.608482871125613,39.52027305383871,42.89049076859222,49.30673013146534,14.205059888240529,8.663087598101978,0.045056767578906864,-0.04868686163758462,1.7646379132989152,0.04050440908911569,0.006758125012099659,55.75759660006161,42.0,28.0,0.009573735280046236,1.1073371109393104,-0.019496146457829377,-0.007694674887188224,0.005041510143704858,0.026299315546103343,-0.024803377518510694,-0.07169587954475387,107.0,0.08357919125792923,1.031253483565897,1.5411262630788463,1.8684287886090913,1.0323494286925667,0.95,0.8888888888888888,0.8571428571428571,0.07745341871227174,False,0,[],,,,,,,,,,,,,,,,,,"{""indicator_details"": {}, ""regime_green"": true}",0.008988921,"['strong RS vs group ETF', 'earnings breakout open', 'limited recent downside gap risk']","strong RS vs group ETF, earnings breakout open, limited recent downside gap risk",0.5609167671893848
2026-08-31,KNTK,Energy,Oil & Gas Storage & Transportation,XLE,SPY,True,46666414.61474991,54.83000183105469,1.5031076158796037,0.027413962532977187,0.06349206349206349,0.3611111111111111,91.78152095839654,95.21428515859873,95.86933359621301,73.89885807504079,24.242597080893177,17.884541276090985,21.693537076585628,18.886633136165486,36.7350438941117,0.20426099936525044,0.16858490986354568,0.8447980136269417,0.22659960097142248,0.08155560410909855,71.13638156702643,47.0,18.0,0.006573535185253387,1.3679186174517726,-0.06737725264258898,0.13402282443508162,0.011106041646396442,0.03056486067067108,-0.021940769035056484,-0.021940769035056484,7.0,0.18270041284036717,0.9585992106659426,1.0952915431655454,0.912195228613855,1.0997206113934002,0.43333333333333335,0.8888888888888888,0.8571428571428571,0.07745341871227174,True,1,"[""energy""]",,,,,,,,,,,,,,,,,,"{""indicator_details"": {}, ""regime_green"": true}",-0.025085535,"['limited recent downside gap risk', 'strong RS vs QQQ', 'strong 126d momentum']","limited recent downside gap risk, strong RS vs QQQ, strong 126d momentum",0.25981308411214954
2026-08-31,LPG,Energy,Oil & Gas Storage & Transportation,XLE,SPY,True,24242334.125984192,50.040000915527344,1.7619285583496094,0.03521040220051006,0.45634920634920634,0.7261904761904762,92.42381775473707,95.60115990245325,96.20536495937017,75.04078303425776,19.147779574544145,13.79848129316963,17.102510132745977,14.975583360256124,-0.590838807633034,0.21132895792835082,0.3294368152750049,1.0808299277821642,0.4027671530878738,0.14702244121717298,75.28902403259914,48.0,18.0,0.03676467043408915,1.4399463422304168,-0.05755164669185564,0.16236937984540778,0.011947497309446753,0.04920563895085387,-0.03917052311451563,-0.03917052311451563,6.0,0.235880460023167,0.8364735591948573,0.954018647804538,0.8791704388613921,0.8782705572148423,0.4,0.8888888888888888,0.8571428571428571,0.07745341871227174,False,0,[],,,,,,,,,,,,,,,,,,"{""indicator_details"": {}, ""regime_green"": true}",-0.0071932785,"['supportive dollar volume ratio 20 60', 'strong 126d momentum', 'supportive atr contraction']","supportive dollar volume ratio 20 60, strong 126d momentum, supportive atr contraction",0.41847826086956524
2026-08-31,MPC,Energy,Oil & Gas Refining & Marketing,XLE,SPY,True,732258644.1775818,373.32000732421875,10.15749032156808,0.027208534560931162,0.26587301587301587,0.9047619047619048,99.55074010179352,99.74732462323743,99.78332174428135,96.16639477977161,0.22261686082613608,0.158219095604764,0.2709070327627785,1.2193695148979344,2.3603638099264543,0.44328462861962636,0.7792393208115564,1.662991657308275,0.5695730564271128,0.20075498693704177,76.3421285740242,46.0,19.0,0.005862579552894598,1.0578370307155656,-0.055334718317780696,0.19420371970646277,0.007676564916270284,0.037294131091286556,0.01137844674520494,-0.00860152920577173,0.0,0.29686889091619967,0.945234941469833,1.2358078916116533,1.754172439292412,1.1699430311490364,0.9666666666666667,0.8888888888888888,0.8571428571428571,0.07745341871227174,True,1,"[""energy""]",,,,,,,,,,,,,,,,,,"{""indicator_details"": {}, ""regime_green"": true}",0.0045810086,"['constructive ATR profile', 'limited recent downside gap risk', 'supportive earnings volume']","constructive ATR profile, limited recent downside gap risk, supportive earnings volume",0.5416666666666666
2026-08-31,NOG,Energy,Oil & Gas Exploration & Production,XLE,SPY,True,49240533.57653999,26.010000228881836,0.812157222202846,0.031224806422762593,0.011904761904761904,0.6984126984126984,86.91810321266767,92.20984209230649,93.24695927297188,63.539967373572594,7.87687528598768,6.131946198344053,9.359534516256772,-3.3711980706001867,23.27916867756607,0.16271789240456624,-0.06874328876889213,0.9822154576234733,0.09146940215152523,0.1968172147026277,65.43859126642201,50.0,17.0,0.024279187209013564,0.30664145071461646,-0.10949867177574413,0.2927434962210893,0.015277608231183187,0.04906206891996182,-0.04899452043502617,-0.16554378680725446,107.0,0.3911495724182251,0.8935793035804082,0.9818971486789213,0.7577518372720539,0.8939012806417234,0.3333333333333333,0.8888888888888888,0.8571428571428571,0.07745341871227174,True,1,"[""energy""]",,,,,,,,,,,,,,,,,,"{""indicator_details"": {}, ""regime_green"": true}",0.01674307,"['supportive avg gap', 'supportive atr 14', 'supportive distance from 52w high']","supportive avg gap, supportive atr 14, supportive distance from 52w high",0.6
2026-08-31,NOV,Energy,Oil & Gas Equipment & Services,XLE,SPY,True,60922065.194387436,21.290000915527344,0.6765643528529576,0.03177850275992811,0.36507936507936506,0.4722222222222222,66.06100309965429,77.61696396440657,80.17925160213511,34.176182707993476,37.7606086494359,38.32955368107844,44.90820391702949,13.475286212475954,-10.974591538135293,0.06450004577636714,0.06290565080818533,0.984912199654684,0.13034849906631388,0.08143532486135624,52.69461419797737,40.0,24.0,0.0009770619655382617,1.5213955600922904,-0.031191950171230887,0.07416757029955967,0.007230323330058697,0.02367478047330517,-0.01662811590512947,-0.01776232226458041,0.0,0.12614359058109464,0.8447415433739892,1.5016275282977085,0.8296192451375679,0.8425294046152885,0.3333333333333333,0.8888888888888888,0.8571428571428571,0.07745341871227174,False,0,[],,,,,,,,,,,,,,,,,,"{""indicator_details"": {}, ""regime_green"": true}",-0.0022594915,"['strong RS vs group ETF', 'earnings breakout open', 'supportive atr 14']","strong RS vs group ETF, earnings breakout open, supportive atr 14",0.43728813559322033
2026-08-31,OII,Energy,Oil & Gas Equipment & Services,XLE,SPY,True,44380036.29305267,51.7599983215332,2.0065996987479076,0.03876738338133063,0.4642857142857143,0.6785714285714286,99.0441749126041,99.46121962066502,99.53778750444363,94.45350734094616,2.0616265607850863,1.323662868527279,1.7418479039698553,3.8259604786804715,-0.16751955391936235,0.38247863835680285,0.4429885660109081,1.14944012351444,0.4389288773508109,0.12072714265729048,54.08496803320532,37.0,28.0,0.010750269335559226,1.0385565444983131,0.0,0.15022218492296013,0.008801953446380623,0.021240260603219898,-0.045896904119641535,-0.045896904119641535,10.0,0.13138477486325364,0.7529425085778185,1.218779675756412,0.8884892784096544,0.9008663159498446,0.6166666666666667,0.8888888888888888,0.8571428571428571,0.07745341871227174,True,1,"[""energy""]",,,,,,,,,,,,,,,,,,"{""indicator_details"": {}, ""regime_green"": true}",-0.009220999,"['strong earnings gap', 'supportive days since earnings', 'supportive dollar volume ratio 20 60']","strong earnings gap, supportive days since earnings, supportive dollar volume ratio 20 60",0.41847826086956524
2026-08-31,OKE,Energy,Oil & Gas Storage & Transportation,XLE,SPY,True,280702560.0743141,96.01000213623047,2.2542337690080916,0.023479155492669556,0.3055555555555556,0.43253968253968256,81.5656440342437,88.74206504829634,90.19174595272024,53.752039151712886,42.22867015932843,37.21271633588961,42.9565761260748,25.14568218349773,16.914223340791942,0.13019429764932022,0.11483974772679573,1.6296466697472216,0.137556574922613,0.05476867403413437,64.40026348062605,41.0,20.0,-0.02609839423966831,1.2424361264813475,-0.07735643060713515,0.08805535426753708,0.007055522240672541,0.034992806017140915,-0.019305407152101384,-0.019305407152101384,9.0,0.1727359557868014,0.8745793490413565,1.1033233706916785,1.601951892134071,0.9849557308598383,0.9333333333333333,0.8888888888888888,0.8571428571428571,0.07745341871227174,True,1,"[""energy""]",,,,,,,,,,,,,,,,,,"{""indicator_details"": {}, ""regime_green"": true}",0.010851399,"['limited recent downside gap risk', 'strong RS vs group ETF', 'supportive earnings gap']","limited recent downside gap risk, strong RS vs group ETF, supportive earnings gap",0.5609167671893848
2026-08-31,OVV,Energy,Oil & Gas Exploration & Production,XLE,SPY,True,176840154.60381508,65.6500015258789,1.6317155020577567,0.024854767161194086,0.047619047619047616,0.5833333333333334,81.37253778090816,88.61363997595222,90.07800915592242,53.2626427406199,4.00791953629043,3.7572988048428186,7.565289700637649,-11.040535743487673,6.400377051948347,0.12917100473116938,0.25862733354927525,0.8758279604822498,0.2587528177581854,0.10207593166060229,60.476190303188396,47.0,27.0,0.009915754511016672,2.1783068195250754,0.004437877335412566,0.06939244467477201,0.012558437610533163,0.054830313038236676,-0.0263977275877344,-0.0263977275877344,6.0,0.16590302364644038,0.7504310458928847,1.0779777899361533,0.8549603227849061,1.0491887104095965,0.45,0.8888888888888888,0.8571428571428571,0.07745341871227174,True,1,"[""energy""]",,,,,,,,,,,,,,,,,,"{""indicator_details"": {}, ""regime_green"": true}",0.006716045,"['strong RS vs group ETF', 'supportive max gap down', 'supportive days since earnings']","strong RS vs group ETF, supportive max gap down, supportive days since earnings",0.5609167671893848
2026-08-31,PARR,Energy,Oil & Gas Refining & Marketing,XLE,SPY,True,66230441.91503906,79.91999816894531,4.548001970563616,0.056906932867408944,0.6746031746031746,0.9801587301587301,99.22738244122083,99.56484142115535,99.62673852828657,95.18760195758564,3.9949511857225417,2.52796641882189,3.126173193597012,7.9015383879035,1.137072210234379,0.39964974263820197,0.734374891345704,1.2708204368140645,0.4468014246190516,0.11146958973011557,55.89403569303601,46.0,19.0,-0.016049255303174692,1.1069075196094798,-0.06297398229072093,-0.03710845579583966,0.008816141073116113,0.04765316843344146,-0.0784133182200003,-0.0815904245922171,21.0,0.2908586168065761,0.9895294240452375,0.787544269626009,1.3157405994021276,1.1515155205244199,0.9,0.8888888888888888,0.8571428571428571,0.07745341871227174,True,1,"[""energy""]",,,,,,,,,,,,,,,,,,"{""indicator_details"": {}, ""regime_green"": true}",-0.030684788,"['supportive days since 52w high', 'strong RS vs XLK', 'supportive max gap down']","supportive days since 52w high, strong RS vs XLK, supportive max gap down",0.21568627450980393
2026-08-31,PBF,Energy,Oil & Gas Refining & Marketing,XLE,SPY,True,171719442.0087967,72.98999786376953,4.157028470720563,0.056953398991452936,0.44047619047619047,0.5952380952380952,99.98960254748228,99.99416346277509,99.99499672255453,99.26590538336052,0.00453068464213402,0.003269553709017714,0.005810549797573117,0.16240090088292902,0.16240090088292902,0.7449197864863968,0.8534788187922948,1.4941176536046243,0.6762045537632235,0.19414528830479602,55.01930282586301,43.0,22.0,0.026045802140830965,2.457602281638823,-0.04873411008078243,-0.0015047963426497724,0.01235212297527521,0.06469322329812047,-0.03554442957926729,-0.03554442957926729,9.0,0.28531516011809394,0.835702223765428,0.8381872171307306,1.3213112282365942,1.092360271357124,0.9,0.8888888888888888,0.8571428571428571,0.07745341871227174,True,1,"[""energy""]",,,,,,,,,,,,,,,,,,"{""indicator_details"": {}, ""regime_green"": true}",-0.07332174,"['supportive max gap down', 'strong RS vs XLK', 'atr pct 14 percentile 252']","supportive max gap down, strong RS vs XLK, atr pct 14 percentile 252",0.07228915662650602
2026-08-31,PR,Energy,Oil & Gas Exploration & Production,XLE,SPY,True,168043691.6315527,23.290000915527344,0.6521427971976144,0.02800097773988637,0.1746031746031746,0.8611111111111112,89.66200726529523,93.92143599451126,94.74367506617673,68.67862969004894,5.257736980882456,4.050338774377167,6.548080389214974,-4.019006821768514,21.653364816373305,0.18403664591726066,0.23948907827254917,0.9916017813095106,0.2652125452023971,0.12824938744861308,65.91305940047555,47.0,18.0,0.002438987173685181,1.1643600772549485,-0.06378138848371606,0.17685699030230362,0.012272198229174053,0.044079989762299,-0.033208768451361226,-0.033208768451361226,7.0,0.21851287783495,0.8279848528180258,1.5964331840016306,0.9948922333944423,1.0381073324381473,0.5666666666666667,0.8888888888888888,0.8571428571428571,0.07745341871227174,True,1,"[""energy""]",,,,,,,,,,,,,,,,,,"{""indicator_details"": {}, ""regime_green"": true}",-0.005014518,"['limited recent downside gap risk', 'realized vol 20 percentile 252', 'supportive atr 14']","limited recent downside gap risk, realized vol 20 percentile 252, supportive atr 14",0.43728813559322033
2026-08-31,PSX,Energy,Oil & Gas Refining & Marketing,XLE,SPY,True,513256521.4931793,246.5800018310547,6.671763828822544,0.027057197580011905,0.25,0.5396825396825397,98.85762693092306,99.35553646012228,99.44703983282302,93.6378466557912,0.30290043957346313,0.2420925764521229,0.49812895975863114,0.8098107959704919,1.6248067209908754,0.3680647709501246,0.5393932644893726,1.8828105616432647,0.4499159948679604,0.18849658630817195,74.16267497990606,43.0,18.0,0.019087901045318656,1.513893417777997,-0.02861107720269096,0.2173784157783787,0.009287574643675689,0.0326553397046963,-0.0012556100261659209,-0.016277035711507182,0.0,0.25136042492730537,0.9294712866337229,1.1453215439388578,1.835526140752481,1.1032101077241676,0.9833333333333333,0.8888888888888888,0.8571428571428571,0.07745341871227174,True,1,"[""energy""]",,,,,,,,,,,,,,,,,,"{""indicator_details"": {}, ""regime_green"": true}",-0.003672589,"['constructive ATR profile', 'limited recent downside gap risk', 'strong earnings gap']","constructive ATR profile, limited recent downside gap risk, strong earnings gap",0.43728813559322033
2026-08-31,PTEN,Energy,Oil & Gas Drilling,XLE,SPY,True,90043511.94646454,12.640000343322754,0.5228214263916016,0.04136245349611789,0.14285714285714285,0.8214285714285714,74.32913858630246,83.76186381330899,85.74986441080908,42.98531810766721,42.37434076695846,40.26205182105989,46.418069192610744,19.2689366895743,17.231446877023362,0.09627065360438869,0.4331066644753061,1.4241022554718485,0.3532604081972181,0.21752467217934807,70.51947749551773,37.0,24.0,0.002125447193197516,1.109021951305516,-0.14505888182505078,0.3784078776617861,0.017225890567658598,0.06875543756221916,0.007171326790443633,-0.033639111846312075,72.0,0.35819324405927044,0.8313225860729769,1.0722437342719469,1.1962295011604498,0.9116679444778005,0.75,0.8888888888888888,0.8571428571428571,0.07745341871227174,False,0,[],,,,,,,,,,,,,,,,,,"{""indicator_details"": {}, ""regime_green"": true}",0.012240297,"['supportive post-earnings hold', 'supportive max gap down', 'strong RS vs group ETF']","supportive post-earnings hold, supportive max gap down, strong RS vs group ETF",0.5609167671893848
2026-08-31,SLB,Energy,Oil & Gas Equipment & Services,XLE,SPY,True,474170426.8307171,60.099998474121094,1.673971176147461,0.02785309847999861,0.2619047619047619,0.7261904761904762,74.67255756422058,84.00624658330632,85.96933958886972,43.556280587275694,48.066166862498946,46.72857314279023,52.615444877564464,24.077877979288733,19.67689998417871,0.0977168671072346,0.17222543275831637,3.4736267012875324,0.2356955318481796,0.20227649160786906,75.92891596632958,39.0,26.0,0.060355747574007745,2.3657370623887997,0.027498464296648706,0.14650897698286403,0.008313527120807952,0.018623129788626343,0.04667363968369509,-0.005954360168755279,0.0,0.23714716947199257,0.7713653974115816,1.6757094827187637,2.9614160528654807,0.8631010554923982,0.9833333333333333,0.8888888888888888,0.8571428571428571,0.07745341871227174,False,0,[],,,,,,,,,,,,,,,,,,"{""indicator_details"": {}, ""regime_green"": true}",-0.016177058,"['strong RS vs group ETF', 'strong 126d momentum', 'earnings breakout open']","strong RS vs group ETF, strong 126d momentum, earnings breakout open",0.3153846153846154
2026-08-31,SM,Energy,Oil & Gas Exploration & Production,XLE,SPY,True,113094109.79377842,37.18000030517578,1.389014380318778,0.03735918152010921,0.07539682539682539,0.6388888888888888,82.99613638867841,89.68609010580782,91.0265013829015,56.36215334420881,16.24829722952532,12.991159435620304,17.54355035491028,2.1649243303538768,2.4909227003620273,0.1380472111724047,0.5369987385006159,1.4848569676436678,0.40924415317212115,0.19041522203455663,73.85086683985409,45.0,18.0,0.001610342854678759,1.6970668528894268,-0.09054752358249829,0.28118537969316537,0.016051255994507234,0.061958277008378436,-0.027973848230698484,-0.027973848230698484,7.0,0.35590220635822567,0.8370723549405904,0.9900152432579857,1.5805396831553988,1.1279833666152834,0.9333333333333333,0.8888888888888888,0.8571428571428571,0.07745341871227174,True,1,"[""energy""]",,,,,,,,,,,,,,,,,,"{""indicator_details"": {}, ""regime_green"": true}",-0.017579667,"['supportive earnings open vs 20d high', 'strong RS vs QQQ', 'supportive max gap down']","supportive earnings open vs 20d high, strong RS vs QQQ, supportive max gap down",0.3153846153846154
2026-08-31,TALO,Energy,Oil & Gas Exploration & Production,XLE,SPY,True,25559159.851329803,17.260000228881836,0.6606783185686383,0.03827800172696982,0.2261904761904762,0.45634920634920634,86.51910041764161,91.95730468423518,93.02549962535545,62.80587275693311,26.77835263055617,21.088163939265954,25.82785554402696,16.025106660763598,33.14002108619147,0.15994624301992766,0.337984553432747,1.0124907604224151,0.2617328132622342,0.16007098766389616,68.17205769793982,47.0,19.0,-0.0275722831585411,1.5403670193016035,-0.08712121850677246,0.20953046077103932,0.016753361933329002,0.06417112538095177,-0.06399133790676359,-0.06399133790676359,7.0,0.32661877986492954,0.882395014707175,0.9640030185548341,0.9702206972700396,1.020554154639283,0.6333333333333333,0.8888888888888888,0.8571428571428571,0.07745341871227174,True,1,"[""energy""]",,,,,,,,,,,,,,,,,,"{""indicator_details"": {}, ""regime_green"": true}",0.03562881,"['supportive avg gap', 'supportive earnings gap', 'supportive atr 14']","supportive avg gap, supportive earnings gap, supportive atr 14",0.7242798353909465
2026-08-31,TDW,Energy,Oil & Gas Equipment & Services,XLE,SPY,True,40488333.18450165,93.12000274658203,2.989043644496373,0.0320988354417342,0.011904761904761904,0.9325396825396826,95.12630093848324,97.2045408036071,97.59405510720228,82.62642740619903,8.715308312531434,5.957200308334535,7.8204666376365,7.483803119320456,14.329768889491604,0.24892711635891218,0.16589457298556343,0.7336870579815314,0.28238147580207007,0.17154183264539144,55.074009539966205,50.0,20.0,-0.015054586866138142,1.117600041676822,-0.07006288924307191,0.3027420029849417,0.00956041981253512,0.032224166556761726,-0.042861528725505305,-0.042861528725505305,6.0,0.3278286525584817,0.7658980496174964,0.6700040960386986,0.6897486131832467,1.0396333879469173,0.31666666666666665,0.8888888888888888,0.8571428571428571,0.07745341871227174,True,1,"[""energy""]",,,,,,,,,,,,,,,,,,"{""indicator_details"": {}, ""regime_green"": true}",-0.018327706,"['supportive days to earnings', 'realized vol 20 percentile 252', 'supportive within-sector days to earnings']","supportive days to earnings, realized vol 20 percentile 252, supportive within-sector days to earnings",0.2857142857142857
2026-08-31,TRGP,Energy,Oil & Gas Storage & Transportation,XLE,SPY,True,255121842.79455566,293.6499938964844,9.012564522879464,0.03069151953075305,0.8015873015873016,0.9761904761904762,82.16673309952846,89.14030763639687,90.54417122352697,54.64926590538336,20.109619021553918,16.303953598880668,21.238762460734705,5.423512034152715,19.767440314511312,0.13343372362178219,0.22553312945402237,1.5652481792611486,0.24691207308532764,0.06507297987735569,68.4942265146818,48.0,17.0,0.031794317777044556,0.7537682374442108,-0.07673252098703587,0.10736104535424573,0.010426098708189507,0.03433608092285333,-0.04640517123994281,-0.04640517123994281,6.0,0.20722910549985785,1.03462354606628,1.7804137509814137,1.597267359570677,1.049814758565776,0.9,0.8888888888888888,0.8571428571428571,0.07745341871227174,True,1,"[""energy""]",,,,,,,,,,,,,,,,,,"{""indicator_details"": {}, ""regime_green"": true}",0.052619785,"['constructive ATR profile', 'limited recent downside gap risk', 'strong RS vs group ETF']","constructive ATR profile, limited recent downside gap risk, strong RS vs group ETF",0.7360703812316716
2026-08-31,VLO,Energy,Oil & Gas Refining & Marketing,XLE,SPY,True,692393403.6229248,358.9200134277344,9.970997401646205,0.027780555635284417,0.14285714285714285,0.21031746031746032,99.40987552147652,99.66789311278838,99.71517404414244,95.59543230016313,0.29873891268400143,0.21195008591008957,0.36061468029221544,1.1374045903016707,2.8488960328444506,0.4213527932641379,0.6700944921672591,1.6372301389242236,0.5218518622316614,0.17599534126665792,73.53418210262879,38.0,22.0,-0.016294980561401107,0.82453242143319,-0.07371873855590816,0.15145495257395325,0.00893670961328254,0.05400709689681538,0.016770576282533645,-0.010667314496089042,0.0,0.24475485155224438,0.8423434005922019,0.9557978891443293,1.4330881581514683,0.9604955148513054,0.9333333333333333,0.8888888888888888,0.8571428571428571,0.07745341871227174,True,1,"[""energy""]",,,,,,,,,,,,,,,,,,"{""indicator_details"": {}, ""regime_green"": true}",-0.0046339217,"['constructive ATR profile', 'supportive earnings volume', 'supportive max gap down']","constructive ATR profile, supportive earnings volume, supportive max gap down",0.43728813559322033
2026-08-31,WHD,Energy,Oil & Gas Equipment & Services,XLE,SPY,True,34194609.564237595,70.31999969482422,2.1149935041155135,0.030076699563341778,0.20238095238095238,0.5198412698412699,92.50012473662157,95.64697208117403,96.2451317304385,75.53017944535073,22.15970753320798,16.104766322697515,19.642199453161737,17.909967546410215,-12.407880864347732,0.2122048220904975,0.3255419548752587,1.5188695960311835,0.3005116826936972,0.164492894367361,44.40832030350893,47.0,23.0,0.016748200976114624,1.0372056302695407,-0.05160615022661863,0.3440366992544279,0.006417575691903326,0.02006058611336134,-0.050243127697247036,-0.050243127697247036,11.0,0.1570557739247952,0.7861382956865264,0.9848697123161323,1.3168438758503096,1.0281974448789093,0.8333333333333334,0.8888888888888888,0.8571428571428571,0.07745341871227174,True,1,"[""energy""]",,,,,,,,,,,,,,,,,,"{""indicator_details"": {}, ""regime_green"": true}",-0.006862623,"['supportive days since 52w high', 'strong earnings gap', 'strong 126d momentum']","supportive days since 52w high, strong earnings gap, strong 126d momentum",0.41847826086956524
2026-08-31,WKC,Energy,Oil & Gas Refining & Marketing,XLE,SPY,True,27029506.800710678,35.75,0.8101427895682198,0.022661336771139018,0.1984126984126984,0.3373015873015873,93.29128707689256,96.12009734154346,96.65551706754697,77.97716150081567,2.4507645896153463,1.9139996709623546,3.4621454666844613,-3.1149330387116407,-6.863914293805351,0.22180450172081834,0.43114494215877364,1.7402315255290997,0.2644047100211729,-0.0058757580190343965,39.658443473357565,38.0,27.0,0.00606220447659811,1.46097996236921,-0.03616691414866946,-0.014336930002777692,0.005816003290905492,0.023329123175819727,-0.1046832024349863,-0.1322815694664229,26.0,0.131586525247573,0.6987149407185611,1.064305064901883,1.2744509897826497,0.7387745763344366,0.8666666666666667,0.8888888888888888,0.8571428571428571,0.07745341871227174,True,1,"[""energy""]",,,,,,,,,,,,,,,,,,"{""indicator_details"": {}, ""regime_green"": true}",-0.01846242,"['supportive days since 52w high', 'supportive days since earnings', 'supportive atr 14']","supportive days since 52w high, supportive days since earnings, supportive atr 14",0.2857142857142857
2026-08-31,WMB,Energy,Oil & Gas Storage & Transportation,XLE,SPY,True,399574740.1905823,75.05000305175781,2.211320604596819,0.02946463044207732,0.9801587301587301,0.9444444444444444,68.00269425962738,79.10662298387663,81.53894238708719,35.807504078303424,49.66490790113603,52.19802933545189,57.87448222448668,22.197072130463162,17.79609413535314,0.07153058353429853,-0.015866759121133,3.216776823341752,0.07428418185839702,0.021459543815799738,57.527488880784404,45.0,20.0,-0.012440583984606457,1.34282615421901,-0.07622910009360173,0.06559708542614495,0.005074922688646222,0.02289125255221658,-0.010873106401874,-0.06281217113242199,70.0,0.10685625998749469,1.0519227647150193,1.5402134009400557,3.073819130645271,0.9566926349141482,1.0,0.8888888888888888,0.8571428571428571,0.07745341871227174,False,0,[],,,,,,,,,,,,,,,,,,"{""indicator_details"": {}, ""regime_green"": true}",0.006480479,"['strong RS vs group ETF', 'supportive days since 52w high', 'realized vol 20 percentile 252']","strong RS vs group ETF, supportive days since 52w high, realized vol 20 percentile 252",0.5609167671893848
2026-08-31,XOM,Energy,Integrated Oil & Gas,XLE,SPY,True,1999680677.600235,160.9499969482422,3.216383797781808,0.019983745627631937,0.36904761904761907,0.5396825396825397,69.59172861153523,80.30393605634626,82.62747973556783,37.76508972267536,8.81903705280898,8.553215942378344,14.487096670247226,-9.993671483518604,2.72026494679924,0.07745341871227174,0.043638929284586236,1.4395120160980828,0.11886341591127042,0.06596531772677226,52.34405907951998,44.0,21.0,-0.020577152974584068,0.9399017118557548,-0.033520621094228154,0.03544772529782314,0.00961804251162231,0.04945234531883356,-0.04560010951872839,-0.08763679152503645,106.0,0.13112887203679713,0.8418212766604022,1.4311778529296162,1.370445747725857,0.9349598181047994,0.8333333333333334,0.8888888888888888,0.8571428571428571,0.07745341871227174,False,0,[],,,,,,,,,,,,,,,,,,"{""indicator_details"": {}, ""regime_green"": true}",0.0069921673,"['strong RS vs group ETF', 'supportive days since 52w high', 'strong RS vs QQQ']","strong RS vs group ETF, supportive days since 52w high, strong RS vs QQQ",0.5609167671893848
2026-08-31,AMCR,Materials,Paper & Plastic Packaging Products & Materials,XLB,SPY,True,149818743.0201702,45.88999938964844,1.1381419045584542,0.024801523636873022,0.373015873015873,0.3134920634920635,92.84541396575257,95.85387645314809,96.42466766642053,89.07014681892332,-1.4487300845562459,-0.586563354929865,0.623817614964608,3.658573876788026,3.9845722467961764,0.21627352097572938,-0.0469366991611786,1.2471752650588304,0.07511526517906936,0.020503453136606238,40.47917983530899,48.0,13.0,0.012658195249076298,1.5168465619281386,0.0010427369398331443,-0.014390076543831953,0.007952098523909778,0.023345474076847728,-0.06232119580395756,-0.09913622640760578,130.0,0.09216686290662897,0.9346216202706012,1.182440144638553,1.2146238570599472,1.0102902144573636,0.8,0.5538461538461539,0.6153846153846154,0.018218963105128605,False,0,[],,,,,,,,,,,,,,,,,,"{""indicator_details"": {}, ""regime_green"": true}",-0.00011601529,"['constructive ATR profile', 'strong earnings gap', 'supportive days since earnings']","constructive ATR profile, strong earnings gap, supportive days since earnings",0.43728813559322033
2026-08-31,AMR,Materials,Steel,XLB,SPY,True,49096650.46987152,235.6999969482422,11.772499084472656,0.04994696324522143,0.38095238095238093,0.8293650793650794,73.8793969372741,83.4405623334717,85.46107141631954,67.21044045676999,-15.876890214117381,-10.051150442465428,-6.903167804703131,-11.029168345186008,47.40603947877488,0.09439570177820134,0.4269282443357354,1.2093665713470536,0.2628816314107137,0.4361503974851563,94.29900028853703,49.0,16.0,-0.040931098175443936,1.1497362317979825,-0.059790952262012254,0.5511681584865531,0.015585147919480541,0.04093109817544388,0.0029787104180518664,-0.07138921224925676,156.0,0.7155626564526377,1.0293781378088445,1.4643329758188948,1.4510523350954916,1.3409729053001758,0.9,0.5538461538461539,0.6153846153846154,0.018218963105128605,False,0,[],,,,,,,,,,,,,,,,,,"{""indicator_details"": {}, ""regime_green"": true}",-0.0139567,"['tight recent base', 'days since 52w high', 'limited recent downside gap risk']","tight recent base, days since 52w high, limited recent downside gap risk",0.3860759493670886
2026-08-31,APD,Materials,Industrial Gases,XLB,SPY,True,233468035.7337799,309.4599914550781,5.989785330636161,0.01935560491187324,0.15873015873015872,0.23015873015873015,77.3805636352135,85.90467221527933,87.668953765964,70.47308319738988,16.906338031201088,14.408066211543755,19.80061756566792,24.344313841236662,33.472268201464864,0.10961302019068864,0.11948775333520723,1.9062175151904137,0.09886692807364349,0.03716928553321463,50.18838707699148,48.0,22.0,0.04862880379530954,1.2576021582743613,-0.019976525685087565,0.030846032216883312,0.0036507991626535674,0.028831403934071437,-0.006580906700523914,-0.017181705929445235,40.0,0.08988329177480096,0.9000905577816656,1.9727608728969266,1.3995979753389733,0.7124684539777929,0.8333333333333334,0.5538461538461539,0.6153846153846154,0.018218963105128605,False,0,[],,,,,,,,,,,,,,,,,,"{""indicator_details"": {}, ""regime_green"": true}",0.00165646,"['strong earnings gap', 'realized vol 20 percentile 252', 'strong RS vs XLK']","strong earnings gap, realized vol 20 percentile 252, strong RS vs XLK",0.46534653465346526
2026-08-31,ASH,Materials,Diversified Chemicals,XLB,SPY,True,32698173.092803955,73.33000183105469,1.5819849286760603,0.02157350182972588,0.003968253968253968,0.16666666666666666,95.93368174451714,97.67604964840763,98.00121570029685,92.57748776508973,-0.5305288017470957,-0.1371027639090272,0.5876158359164947,3.335433975358683,0.15694986777920406,0.2640924660022741,0.1991823385322593,1.4157211292624419,0.20678546087872113,0.051078301764641496,42.23601307139987,46.0,24.0,0.009340204462724655,1.9935285377427203,-0.03818552285773491,0.07822378367475658,0.007053026420021452,0.02481903153467931,-0.06287537596096249,-0.06287537596096249,16.0,0.10257853535407829,0.7300532275933572,0.7081539869535586,1.0497089254652825,0.73907713165769,0.7333333333333333,0.5538461538461539,0.6153846153846154,0.018218963105128605,True,1,"[""materials""]",,,,,,,,,,,,,,,,,,"{""indicator_details"": {}, ""regime_green"": true}",0.018588006,"['strong earnings gap', 'constructive ATR profile', 'supportive 10d rs change vs group etf']","strong earnings gap, constructive ATR profile, supportive 10d rs change vs group etf",0.6334841628959276
2026-08-31,ATR,Materials,"Metal, Glass & Plastic Containers",XLB,SPY,True,41236843.77192688,131.6199951171875,2.2689219883510043,0.017238429361214273,0.12698412698412698,0.07936507936507936,88.07785612956732,92.93857822811351,93.88511124284683,83.278955954323,3.6181732738760246,3.0291702541717314,5.6456978261877,11.314815775023888,10.499819850003519,0.17120482589426622,-0.0774514837988064,1.2106624589881199,0.041763093560525856,0.006745509853411212,35.19397503746114,43.0,22.0,0.0012478761967027463,1.361796040596666,-0.011809062502556422,-0.016807351027617434,0.007527986309102818,0.013134007623969221,-0.049400630254300304,-0.10407738182410398,130.0,0.06255785643924208,0.7708398377874801,0.9381193624789992,1.0638604920592223,0.8664030877936006,0.5333333333333333,0.5538461538461539,0.6153846153846154,0.018218963105128605,False,0,[],,,,,,,,,,,,,,,,,,"{""indicator_details"": {}, ""regime_green"": true}",-0.00030303828,"['days since 52w high', 'clear of near-term earnings', 'holding above earnings close']","days since 52w high, clear of near-term earnings, holding above earnings close",0.43728813559322033
2026-08-31,AVNT,Materials,Specialty Chemicals,XLB,SPY,True,27754555.174808502,44.060001373291016,1.2210859571184431,0.027714160668607248,0.20634920634920634,0.9404761904761905,96.3483616452525,97.91690250290995,98.20898646781075,93.23001631321371,-0.37305556571087095,-0.057390081298891005,0.605526331423718,3.4174653759683906,1.5429747484215426,0.27304249050238494,0.07778865513915201,1.199892602333377,0.21271761001763953,0.1094939487291803,41.637008099560475,50.0,17.0,0.054852371611086026,1.9181685356000353,0.044113770976975664,0.030884409054416473,0.010530031766927683,0.027569560023280273,-0.05511472519741245,-0.05511472519741245,14.0,0.24912935389475155,0.9719669019684635,0.8292401913599202,1.1576636645441993,1.0434146679446166,0.6833333333333333,0.5538461538461539,0.6153846153846154,0.018218963105128605,True,1,"[""materials""]",,,,,,,,,,,,,,,,,,"{""indicator_details"": {}, ""regime_green"": true}",0.0001167171,"['constructive ATR profile', 'strong earnings gap', 'clear of near-term earnings']","constructive ATR profile, strong earnings gap, clear of near-term earnings",0.43728813559322033
2026-08-31,AVY,Materials,Paper & Plastic Packaging Products & Materials,XLB,SPY,True,112515032.74743652,174.11000061035156,4.503226143973214,0.02586425896379831,0.753968253968254,0.48412698412698413,79.53603779872745,87.38033102833899,88.98359412203943,73.2463295269168,-3.4189130130973666,-1.482446144891668,1.9390693230575948,3.319679160168633,4.053175492686961,0.11982251990448645,-0.10699082156099671,8.110398303716174,0.005854901699863259,0.030010577634729026,40.0071410122005,37.0,22.0,0.11038648447778354,2.9799586152834125,0.08437045256419884,-0.004061358449381713,0.007366175308244949,0.018890011526172326,-0.06276580391852793,-0.1274430867566263,130.0,0.09657045190189484,0.8167234976815676,2.2677675089352776,9.424807755164567,1.20861043533741,1.0,0.5538461538461539,0.6153846153846154,0.018218963105128605,False,0,[],,,,,,,,,,,,,,,,,,"{""indicator_details"": {}, ""regime_green"": true}",-0.019703915,"['supportive atr pct 14 percentile 252', 'strong earnings gap', 'supportive atr 14']","supportive atr pct 14 percentile 252, strong earnings gap, supportive atr 14",0.25981308411214954
2026-08-31,AXTA,Materials,Specialty Chemicals,XLB,SPY,True,46666458.12045097,36.41999816894531,0.8228582654680524,0.02259358338380393,0.15079365079365079,0.26587301587301587,91.21376510988445,94.87042059294309,95.57034607484641,87.43882544861337,-2.0452546147817827,-0.9068267888018227,0.5457046907395977,3.249746394008639,-4.411215301182878,0.19842049688723717,0.11752065045796845,1.0749827726416084,0.14876538191037633,0.041172284943428276,43.28125484287047,42.0,24.0,0.030231078610685858,1.98909303611526,-0.01529747669117254,0.027652358358100093,0.00841802864713886,0.030364990234375,-0.05672111905688748,-0.05672111905688748,16.0,0.09500857765987245,0.7928489293485591,1.1149668096785383,1.032419427756709,0.8747288015366174,0.5666666666666667,0.5538461538461539,0.6153846153846154,0.018218963105128605,True,1,"[""materials""]",,,,,,,,,,,,,,,,,,"{""indicator_details"": {}, ""regime_green"": true}",-0.02351682,"['strong earnings gap', 'well above 200d trend', 'supportive 10d rs change vs group etf']","strong earnings gap, well above 200d trend, supportive 10d rs change vs group etf",0.25981308411214954
2026-08-31,BALL,Materials,"Metal, Glass & Plastic Containers",XLB,SPY,True,72198895.50686646,62.970001220703125,1.1371143886021204,0.01805803345336863,0.05555555555555555,0.07539682539682539,88.26310239589418,93.05425450521216,93.9862852524927,83.3605220228385,7.251153266796081,5.562578439756976,8.50014591570131,15.552861061143304,19.872339463751295,0.1726257043959165,-0.051942141574090495,1.773184249186387,0.07072445994142594,0.004053224264353839,50.484092228143304,46.0,19.0,-0.050498861680310037,1.7147939595940758,-0.08423393315092065,-0.01223527496936272,0.008727053828493536,0.05049886168030999,-0.04691991052580469,-0.07790305496415051,138.0,0.06776314117736743,0.7349048149971257,1.1228098902496528,1.3110925218907707,0.6826292793865761,0.7,0.5538461538461539,0.6153846153846154,0.018218963105128605,False,0,[],,,,,,,,,,,,,,,,,,"{""indicator_details"": {}, ""regime_green"": true}",0.006819769,"['limited recent downside gap risk', 'constructive ATR profile', 'improving RS vs group ETF']","limited recent downside gap risk, constructive ATR profile, improving RS vs group ETF",0.5609167671893848
2026-08-31,BCPC,Materials,Specialty Chemicals,XLB,SPY,True,25150981.259857178,175.88999938964844,3.6621431623186385,0.020820644579149193,0.34523809523809523,0.32142857142857145,80.63494028103574,88.12091295932943,89.64124281023489,74.30668841761828,9.166348570575053,7.703104567132357,12.072382292436657,16.767976111179806,7.069524603437344,0.12533586663720997,-0.04021606099585795,1.257621726380697,0.0567732455359011,0.030153772783172036,43.151888796898405,36.0,21.0,0.002826809598381441,1.7528147282167947,-0.04197483885288733,0.04974490214084759,0.006025764125822913,0.014621182944646533,-0.03879996661227958,-0.04355625216249159,126.0,0.07742586810418886,0.8942550278312841,1.1052081559608828,0.988388111163262,0.8035671644169452,0.6,0.5538461538461539,0.6153846153846154,0.018218963105128605,False,0,[],,,,,,,,,,,,,,,,,,"{""indicator_details"": {}, ""regime_green"": true}",0.016322669,"['strong earnings gap', 'earnings breakout open', 'clear of near-term earnings']","strong earnings gap, earnings breakout open, clear of near-term earnings",0.6
2026-08-31,CCK,Materials,Paper & Plastic Packaging Products & Materials,XLB,SPY,True,75959931.2519226,116.38999938964844,2.4066919599260603,0.0206778243195017,0.21428571428571427,0.047619047619047616,93.98428223265229,96.5317460462649,97.0121248053968,90.61990212071778,0.3984798157356977,0.5445394135138741,1.7419518377098768,5.941825511100831,8.223814101157885,0.2311190846469775,0.00241149580419453,1.2605265197509494,0.09932560833392474,0.005670770789323083,39.28993366941791,35.0,30.0,0.0016210429390868253,0.952619260134692,-0.009282687545325685,0.015796801620430623,0.005645912634217476,0.014992438826968709,-0.0521987255929276,-0.0521987255929276,17.0,0.07043237225486114,0.820798553591886,1.1991447423242707,0.8735546299882609,0.6887409611983829,0.36666666666666664,0.5538461538461539,0.6153846153846154,0.018218963105128605,True,1,"[""materials""]",,,,,,,,,,,,,,,,,,"{""indicator_details"": {}, ""regime_green"": true}",-0.0097411,"['well above 200d trend', 'strong earnings volume', 'recent ATR contraction']","well above 200d trend, strong earnings volume, recent ATR contraction",0.41847826086956524
2026-08-31,CF,Materials,Fertilizers & Agricultural Chemicals,XLB,SPY,True,224716901.99680328,130.02999877929688,4.956737518310547,0.03811995358643154,0.6190476190476191,0.6587301587301587,84.6255119698728,90.74588680747108,91.960911102169,79.11908646003263,22.956032234098934,18.235825902095343,23.006131337973017,31.68632362384681,59.39618507453956,0.1476610351007357,0.24669218575929297,1.5234483565645807,0.21483994510602789,0.09677293141538107,71.53924417745324,47.0,18.0,0.0030480112479147614,0.9617070451873001,-0.08876235500129981,0.1141290360664251,0.012810029825331453,0.05635737677340037,-0.01901172549559982,-0.0840378090331898,106.0,0.21127663969757396,0.998959709502134,1.2781169647731334,1.4866421081480916,0.9610697216406368,0.9,0.5538461538461539,0.6153846153846154,0.018218963105128605,False,0,[],,,,,,,,,,,,,,,,,,"{""indicator_details"": {}, ""regime_green"": true}",0.017784152,"['limited recent downside gap risk', 'strong earnings gap', 'supportive days since earnings']","limited recent downside gap risk, strong earnings gap, supportive days since earnings",0.6334841628959276
2026-08-31,CTVA,Materials,Fertilizers & Agricultural Chemicals,XLB,SPY,True,286751849.0297966,84.62999725341797,2.0032146998814175,0.023670267811576863,0.7063492063492064,0.3968253968253968,72.67376194854572,82.57213378104981,84.67914859686661,66.6394779771615,17.400510302744316,15.618695183574943,21.63338114469626,25.48218376363257,49.524563551733635,0.08946957931176924,0.05104322878415668,1.4555184191985757,0.10021609360824343,0.02359724964641925,83.82942810231859,46.0,22.0,-0.005634759962361291,1.5005930904325917,-0.010662869162217481,-0.052719938186017834,0.004985664928856731,0.05988357615201813,0.0003545955063586348,-0.069693348161045,23.0,0.14339362004572928,0.7446299113738021,1.3611741811434008,1.5093091456385843,0.9641644941132377,0.8833333333333333,0.5538461538461539,0.6153846153846154,0.018218963105128605,False,0,[],,,,,,,,,,,,,,,,,,"{""indicator_details"": {}, ""regime_green"": true}",0.0011919681,"['limited recent downside gap risk', 'well above 200d trend', 'recent ATR contraction']","limited recent downside gap risk, well above 200d trend, recent ATR contraction",0.46534653465346526
2026-08-31,DD,Materials,Specialty Chemicals,XLB,SPY,True,137338604.06375885,134.58999633789062,2.9810638427734375,0.02214922300235021,0.16666666666666666,0.373015873015873,99.9999999863022,99.99999999231119,99.99999999340893,99.9184339314845,1.0606981959426776e-10,7.309921556952759e-10,3.407933490962023e-09,-6.64760134725384e-05,-0.08156606851549952,1.8281150642226205,1.711321474471191,1.653252270202245,0.9744086272843626,-0.01817104317220907,26.95528136772198,48.0,19.0,-0.07849657724880832,1.9282060553661267,-0.08747456289135602,-0.058350218745262694,0.008783326464657126,0.07849657724880833,-0.09876791456876188,-0.09876791456876188,17.0,0.14709266101368335,0.8855558211212807,1.060668133758792,1.3976600998403348,0.8708634227838247,0.7166666666666667,0.5538461538461539,0.6153846153846154,0.018218963105128605,True,1,"[""materials""]",,,,,,,,,,,,,,,,,,"{""indicator_details"": {}, ""regime_green"": true}",-0.13775805,"['holding above earnings close', 'strong RS vs XLK', 'limited recent downside gap risk']","holding above earnings close, strong RS vs XLK, limited recent downside gap risk",0.0
2026-08-31,ECL,Materials,Specialty Chemicals,XLB,SPY,True,295532164.4621582,283.20001220703125,5.4596405029296875,0.01927839077541585,0.4087301587301587,0.3531746031746032,81.65570440313509,88.80187867158725,90.24470408424243,75.44861337683524,2.0466113111638293,2.3141790160839832,5.894720816331869,9.18944467267876,9.922941005197103,0.13067437548134908,-0.06676326309409397,1.225240556275725,0.03941800621244453,0.017415010053979763,48.252268865186956,41.0,24.0,0.02439382046605143,1.7922806895760481,-0.03572663277518162,0.0010605101343927892,0.004963530917024522,0.017684551106783884,-0.04107261340448487,-0.08429520397301837,130.0,0.08048879040274429,0.8383934639091134,1.7884106789538734,1.227824812827176,0.918230697109834,0.6166666666666667,0.5538461538461539,0.6153846153846154,0.018218963105128605,False,0,[],,,,,,,,,,,,,,,,,,"{""indicator_details"": {}, ""regime_green"": true}",-0.0021500012,"['strong earnings gap', 'days since 52w high', 'clear of near-term earnings']","strong earnings gap, days since 52w high, clear of near-term earnings",0.43728813559322033
2026-08-31,FCX,Materials,Copper,XLB,SPY,True,792928623.9569168,75.73999786376953,2.7628560747419084,0.03647816414929594,0.27380952380952384,0.4523809523809524,81.48637088341893,88.68937319244966,90.14508571611898,74.95921696574224,-13.244180509126977,-8.029029389188977,-5.981666189540803,-11.02285312390731,17.013006696793596,0.12977322239605082,0.10909352538239969,1.0314023145376365,0.25633858358572914,0.1514172659955268,63.85637908260179,38.0,27.0,-0.036307701697716355,1.2854561938512554,-0.03741832766477793,0.19275587187038634,0.01548476780594551,0.054616368000283966,-0.056081756228857915,-0.056081756228857915,3.0,0.2237303376120542,0.902398352681318,1.8188966036603915,1.014979495428082,1.071925967899604,0.5166666666666667,0.5538461538461539,0.6153846153846154,0.018218963105128605,True,1,"[""materials""]",,,,,,,,,,,,,,,,,,"{""indicator_details"": {}, ""regime_green"": true}",0.012897426,"['supportive days since 52w high', 'limited recent downside gap risk', 'strong earnings volume']","supportive days since 52w high, limited recent downside gap risk, strong earnings volume",0.5609167671893848
2026-08-31,HL,Materials,Silver,XLB,SPY,True,617585623.9341621,19.8700008392334,1.0632069451468331,0.053508147973880635,0.24603174603174602,0.5912698412698413,82.05758059661679,89.06815967190283,90.4803539902663,75.93800978792822,-8.134614562910329,-4.711520921439046,-2.2178434198995376,-2.953595754044059,23.941269771628306,0.13283921334595905,-0.19326019016336216,0.6666769264962314,0.05329270172841786,0.19264776733405053,61.73526758474019,48.0,19.0,0.03950101751694146,0.8589682350457319,-0.07578555618781291,0.2910981413885658,0.02370540113959147,0.05569458167355405,-0.08390961964092425,-0.4184957007901794,150.0,0.44600003560384116,0.9730542830017935,0.977771938519359,0.6595385238115581,1.1872104705250355,0.2,0.5538461538461539,0.6153846153846154,0.018218963105128605,False,0,[],,,,,,,,,,,,,,,,,,"{""indicator_details"": {}, ""regime_green"": true}",-0.002421957,"['strong earnings gap', 'limited recent downside gap risk', 'active price discovery']","strong earnings gap, limited recent downside gap risk, active price discovery",0.43728813559322033
2026-08-31,IFF,Materials,Specialty Chemicals,XLB,SPY,True,97952582.93696594,86.33000183105469,1.907935551234654,0.022100492421724127,0.25,0.8611111111111112,86.89237450906671,92.19358613726179,93.23270867162957,81.15823817292006,5.899170654079285,4.715247204680651,7.761689782900405,13.432076803726915,14.654570691257476,0.1625370232643102,0.06910218985826244,1.4426081763253549,0.16267405580765879,0.07051938955579598,54.801448537690845,46.0,19.0,0.0,0.8459957914692677,-0.03865423378150645,0.06725185415321455,0.008476068083319094,0.02940410275648454,-0.03342104381970801,-0.03342104381970801,18.0,0.1239087040238647,0.8348321762516793,1.011411433627898,1.2139175646708278,0.8649358216333005,0.6833333333333333,0.5538461538461539,0.6153846153846154,0.018218963105128605,True,1,"[""materials""]",,,,,,,,,,,,,,,,,,"{""indicator_details"": {}, ""regime_green"": true}",0.0032973613,"['earnings breakout open', 'well above 200d trend', 'clear of near-term earnings']","earnings breakout open, well above 200d trend, clear of near-term earnings",0.5094850948509486
2026-08-31,KWR,Materials,Specialty Chemicals,XLB,SPY,True,20717991.49232483,165.8000030517578,4.803921290806362,0.028974193017998445,0.12301587301587301,0.003968253968253968,87.01858791400807,92.27329323942665,93.30257661146261,81.48450244698205,5.38305020752577,4.3391355545794426,7.314371821688582,12.943345152768515,-2.9490753851287934,0.16342719418043838,0.13740823346522313,1.0093854368229211,0.1332287221081214,0.0415377768897005,38.854910057800694,43.0,22.0,0.0258082651384699,2.00167804453641,-0.06636892053024945,0.07022982837210923,0.008644285992458756,0.0213548849981211,-0.053350930682428466,-0.09403853325854994,134.0,0.12027701232239478,0.7454456532718324,1.1269102663761492,0.8929930197034928,0.933346875579048,0.5,0.5538461538461539,0.6153846153846154,0.018218963105128605,True,1,"[""materials""]",,,,,,,,,,,,,,,,,,"{""indicator_details"": {}, ""regime_green"": true}",0.012321313,"['strong earnings gap', 'supportive 10d rs change vs group etf', 'improving RS vs group ETF']","strong earnings gap, supportive 10d rs change vs group etf, improving RS vs group ETF",0.5609167671893848
2026-08-31,MTRN,Materials,Diversified Metals & Mining,XLB,SPY,True,66920692.23083496,236.0800018310547,12.551488603864398,0.05316625087476315,0.8015873015873016,0.9365079365079365,64.30884410395697,76.24688714429816,78.92342471255277,56.7699836867863,0.6311634330043105,2.0588615986225705,8.161172839661461,7.2997310380495435,-37.606544430573116,0.05832247312354588,0.41713192280897293,0.6272217928095427,0.28360472459554104,-0.07172904507923954,25.9879984603579,42.0,18.0,0.10343456452250344,2.886318039305704,-0.043367113341312935,-0.2053318550503317,0.020709329732118874,0.043035083566160655,-0.22489982192233893,-0.22489982192233893,18.0,0.38634497406943435,0.9107281438337644,0.853894134275706,0.5550820088388113,0.8764701951458216,0.15,0.5538461538461539,0.6153846153846154,0.018218963105128605,False,0,[],,,,,,,,,,,,,,,,,,"{""indicator_details"": {}, ""regime_green"": true}",0.006603459,"['holding above recent breakout', 'distance from 52w high', 'strong earnings gap']","holding above recent breakout, distance from 52w high, strong earnings gap",0.5609167671893848
2026-08-31,NEM,Materials,Gold,XLB,SPY,True,778150602.9302139,126.05999755859375,4.771414075578962,0.03785034244000495,0.44047619047619047,0.6746031746031746,87.26302320517559,92.42739473710061,93.43761000843263,82.05546492659053,-5.230619947575491,-2.8559369840653233,-1.010189928679651,-0.9111202404836405,20.034275032540002,0.16517233306160217,-0.020741072458329346,2.1390514635730002,0.16967119860606164,0.20230730848180378,59.968468350016096,38.0,27.0,-0.022036559899233032,0.9555325332330513,-0.053472161116030925,0.3308698895058775,0.020571395820730205,0.047015521732390396,-0.06822378731306455,-0.06822378731306455,4.0,0.3994309699033713,1.068111318449273,1.3177438936074437,2.2197001299414083,1.1290161926402795,0.9833333333333333,0.5538461538461539,0.6153846153846154,0.018218963105128605,True,1,"[""materials""]",,,,,,,,,,,,,,,,,,"{""indicator_details"": {}, ""regime_green"": true}",-0.0043712724,"['tight recent base', 'active price discovery', 'limited recent downside gap risk']","tight recent base, active price discovery, limited recent downside gap risk",0.43728813559322033
2026-08-31,NEU,Materials,Specialty Chemicals,XLB,SPY,True,104404412.83447266,897.7000122070312,25.306775774274552,0.028190682221399147,0.5,0.32936507936507936,80.70300256542087,88.16652555410202,89.68170128247662,74.46982055464927,-14.866229844648856,-9.083358261729899,-7.069135397916753,-13.060741792538991,-19.49920960019996,0.1256850354070811,0.4355620035397325,1.49929756372439,0.22895882955412897,0.06689151133192071,42.45583488640272,48.0,1788.0,,,,1.5693350541523436,0.0029041962793789565,0.041433877048113445,-0.08552622579845304,-0.08552622579845304,10.0,0.153900171899707,0.8839049789280927,0.8832711311600434,1.5511104574202088,1.161251715935113,0.9833333333333333,0.5538461538461539,0.6153846153846154,0.018218963105128605,True,1,"[""materials""]",,,,,,,,,,,,,,,,,,"{""indicator_details"": {}, ""regime_green"": true}",0.06471859,"['timely post-earnings setup', 'limited recent downside gap risk', 'strong earnings gap']","timely post-earnings setup, limited recent downside gap risk, strong earnings gap",0.8070175438596491
2026-08-31,PKG,Materials,Paper & Plastic Packaging Products & Materials,XLB,SPY,True,110571111.21182251,233.94000244140625,5.120877947126116,0.02188970630796123,0.2976190476190476,0.11507936507936507,63.452306435203845,75.56800105889444,78.29926437630539,55.87275693311582,-19.88713722640447,-13.563463553313099,-9.051569462857884,-15.031888543656798,-23.670845348872767,0.05535257082065459,0.01180742895318354,1.4675977296684437,0.051421647091297915,-0.035254797687977055,18.19656877287477,37.0,28.0,-0.0008764392495813622,2.8985829568442942,-0.06361398559820974,0.02519829939296514,0.005051496970778535,0.014808086868807255,-0.10016157952347837,-0.10016157952347837,12.0,0.11173831174178306,0.7464283275970133,1.4765549497207549,1.0783716394279785,0.7265380218332501,0.6833333333333333,0.5538461538461539,0.6153846153846154,0.018218963105128605,False,0,[],,,,,,,,,,,,,,,,,,"{""indicator_details"": {}, ""regime_green"": true}",-0.013349303,"['well above 200d trend', 'supportive 10d rs change vs group etf', 'holding above recent breakout']","well above 200d trend, supportive 10d rs change vs group etf, holding above recent breakout",0.3860759493670886
2026-08-31,RGLD,Materials,Gold,XLB,SPY,True,163351971.72859192,261.4700012207031,7.94294193812779,0.03037802386906812,0.2777777777777778,0.6944444444444444,91.38789025550149,94.97606973695308,95.66223863874337,87.52039151712887,1.661703969043657,1.5042797273286084,3.321090801156018,9.362282307674917,45.05910382356734,0.20017442618275405,-0.14072104282680475,0.9608348325132992,0.11185054469454692,0.20905001172240373,68.98941480807642,47.0,18.0,0.04111052405420024,1.5255371072385457,0.03264008636362892,0.21563069260530798,0.015145301152162404,0.030782636811206292,-0.0366945132219606,-0.14622040417729587,147.0,0.3328880491397133,1.0026814293549635,1.0164421686007106,1.006516180949387,1.108293872763664,0.4666666666666667,0.5538461538461539,0.6153846153846154,0.018218963105128605,False,0,[],,,,,,,,,,,,,,,,,,"{""indicator_details"": {}, ""regime_green"": true}",0.010165999,"['tight recent base', 'strong earnings gap', 'supportive days since earnings']","tight recent base, strong earnings gap, supportive days since earnings",0.5609167671893848
2026-08-31,SHW,Materials,Specialty Chemicals,XLB,SPY,True,491896289.0448303,338.80999755859375,7.1266326904296875,0.02103430460075845,0.29365079365079366,0.39285714285714285,84.85066626825402,90.8910579479493,92.08868361000471,79.28221859706362,7.578183060687891,6.1023532478875495,9.651901503566364,15.957035222980494,4.302593495189129,0.14905383704279007,-0.04855380019256672,1.6650786698214384,0.013644979738786561,-0.011472195311416935,25.688238712641763,41.0,24.0,0.061783854002752436,1.986230799206566,-0.017473981278376405,-0.043639009609931945,0.007108317927764118,0.03597889917122421,-0.08961201035937938,-0.10313151544091592,136.0,0.10075571161482258,0.7528238800801825,1.3068909916771305,1.1633666283563864,0.6908526615454085,0.6666666666666666,0.5538461538461539,0.6153846153846154,0.018218963105128605,False,0,[],,,,,,,,,,,,,,,,,,"{""indicator_details"": {}, ""regime_green"": true}",0.01644535,"['strong earnings gap', 'improving RS vs group ETF', 'recent ATR contraction']","strong earnings gap, improving RS vs group ETF, recent ATR contraction",0.6
2026-08-31,SON,Materials,Paper & Plastic Packaging Products & Materials,XLB,SPY,True,44953398.39547348,55.150001525878906,1.387857437133789,0.025165138689661554,0.43253968253968256,0.5238095238095238,84.87377412431024,90.90593965686517,92.10177872681788,79.36378466557912,-0.40959902865928655,0.42912604323379355,3.212658687337239,6.3401497837535175,-3.765799686499122,0.14919774113333317,-0.021816238363498996,2.0866280037712026,0.08183765398835903,-0.02319362606815274,36.629678345183535,43.0,28.0,0.023578887536363835,1.2199653504844514,-0.03381640985908396,0.0,0.007331821573976776,0.019343742954504695,-0.0769874221610225,-0.09098395928239678,24.0,0.08577142150471684,0.780134428593301,1.587978705639383,1.5061188265346026,0.7113572447870385,0.9,0.5538461538461539,0.6153846153846154,0.018218963105128605,True,1,"[""materials""]",,,,,,,,,,,,,,,,,,"{""indicator_details"": {}, ""regime_green"": true}",-0.003883265,"['strong earnings gap', 'well above 200d trend', 'supportive 10d rs change vs group etf']","strong earnings gap, well above 200d trend, supportive 10d rs change vs group etf",0.43728813559322033
2026-08-31,SW,Materials,Paper & Plastic Packaging Products & Materials,XLB,SPY,True,184292606.24453545,46.900001525878906,1.3450001307896204,0.028678040235189845,0.21031746031746032,0.21428571428571427,82.80521642689672,89.56083728731463,90.91587783933448,76.99836867862969,-13.265007974644405,-8.004845811486476,-6.206368564108473,-11.510188778583029,-11.021191223570796,0.13696973396070078,0.001708710627427168,1.5815681924540723,0.11118288244174954,0.003418928597940046,37.878804878322434,42.0,23.0,-0.0657480354871981,1.1098997221813445,-0.08713218787739285,-0.028180622522887222,0.008454337400975575,0.06574803548719804,-0.07165476839041596,-0.1092117727133155,137.0,0.08284217724986608,0.70149173205881,1.4481354224314424,1.1980445637424797,0.7495931758405171,0.65,0.5538461538461539,0.6153846153846154,0.018218963105128605,True,1,"[""materials""]",,,,,,,,,,,,,,,,,,"{""indicator_details"": {}, ""regime_green"": true}",-0.002222715,"['constructive ATR profile', 'limited recent downside gap risk', 'supportive earnings gap']","constructive ATR profile, limited recent downside gap risk, supportive earnings gap",0.43728813559322033
2026-08-31,SXT,Materials,Specialty Chemicals,XLB,SPY,True,34004972.582336426,134.94000244140625,3.3948157174246654,0.02515796395437865,0.17857142857142858,0.09126984126984126,92.07347723156235,95.39041923614812,96.02236633155974,88.09135399673735,1.9197655960141304,1.6361204933618296,3.3536187511110285,9.44424723227118,12.215233377340454,0.2074087317654163,0.3416186118992761,1.2039377675018694,0.2721706747427666,0.08373880222683018,56.6029756641421,44.0,26.0,0.025207251204027115,3.215611369109402,-0.0445169734130455,0.06427952888263455,0.006589569391333544,0.08397576913355007,-0.027949896831157894,-0.027949896831157894,3.0,0.10017440948226475,0.795426286586824,1.3013279760892715,0.7114879878579776,0.6277996101215455,0.45,0.5538461538461539,0.6153846153846154,0.018218963105128605,True,1,"[""materials""]",,,,,,,,,,,,,,,,,,"{""indicator_details"": {}, ""regime_green"": true}",0.017848724,"['strong earnings volume', 'supportive days since 52w high', 'strong earnings gap']","strong earnings volume, supportive days since 52w high, strong earnings gap",0.6334841628959276
2026-08-31,AWK,Utilities,Water Utilities,XLU,SPY,True,263151800.7320938,138.22999572753906,2.6421290806361606,0.01911400681689943,0.19444444444444445,0.38492063492063494,83.54005343026336,90.04168642582871,91.34034605283016,87.03099510603589,7.2301196255318985,5.962793415433836,9.699360933502547,3.2494140139413474,22.32031865941812,0.14117063371466876,0.02059947752393021,1.3375284063856676,0.052247323434574486,0.03043057931940647,54.95659023341245,42.0,23.0,0.004056888181833029,1.1640596161988368,-0.013101654129195173,0.0010138271660597997,0.005551001490151858,0.01987170101615733,-0.01355890308333585,-0.05087890478689505,215.0,0.08000003763246628,0.7942015473978893,1.0734966029660125,1.2052155672735814,0.8935971861058082,0.7166666666666667,0.20408163265306123,0.22448979591836735,-0.005963468053189924,False,0,[],,,,,,,,,,,,,,,,,,"{""indicator_details"": {}, ""regime_green"": true}",0.015763339,"['healthy 200d sector breadth', 'supportive sector breadth 50d', 'strong sector momentum backdrop']","healthy 200d sector breadth, supportive sector breadth 50d, strong sector momentum backdrop",0.5800865800865801
2026-08-31,HTO,Utilities,Water Utilities,XLU,SPY,True,20975300.41197014,63.369998931884766,1.1090000697544642,0.017500395904164488,0.015873015873015872,0.11507936507936507,78.0134821899435,86.34117752659328,88.05841764826252,82.70799347471451,3.5781398731053145,3.661654010972171,7.9803079566008535,0.06740667764849206,5.77237815279112,0.11253511148948525,0.16467559473626459,1.4922265664716376,0.12760814269425275,0.015343091853036067,57.730498372666204,40.0,25.0,0.004699236158262954,0.6900717373248387,-0.028917540860863622,-0.002047260915200577,0.0055152053750559035,0.014044064319473165,-0.018432445348669058,-0.05544787016041175,24.0,0.0737629531574844,0.7703755414668988,1.111917344078975,1.0901194407378758,0.7416846152870622,0.7,0.20408163265306123,0.22448979591836735,-0.005963468053189924,False,0,[],,,,,,,,,,,,,,,,,,"{""indicator_details"": {}, ""regime_green"": true}",0.075632066,"['healthy 200d sector breadth', 'supportive 126d momentum', 'earnings breakout open']","healthy 200d sector breadth, supportive 126d momentum, earnings breakout open",0.875
2026-08-31,SWX,Utilities,Gas Utilities,XLU,SPY,True,27764378.19223404,88.33000183105469,1.5439213344029017,0.01747901395220051,0.23809523809523808,0.6031746031746031,60.53669599879723,73.21086134828673,76.12236899178409,68.43393148450244,19.105633933933802,19.51290260455736,26.715096992232162,8.450231403002846,15.051698395667884,0.04544921368653276,-0.0019208832649187935,1.792717112032563,0.014765991228919145,-0.027184411329264777,35.49267792839356,47.0,18.0,0.00797303829467566,1.9016097366047406,-0.04980674730384704,-0.025807834842243138,0.007129893576138441,0.023434105882320953,-0.055092012633062404,-0.06494463287641228,31.0,0.06227276541969993,0.9965980292296226,1.1455517794329813,1.3993158820034313,0.7433876208603069,0.8833333333333333,0.20408163265306123,0.22448979591836735,-0.005963468053189924,False,0,[],,,,,,,,,,,,,,,,,,"{""indicator_details"": {}, ""regime_green"": true}",0.028758243,"['healthy 200d sector breadth', 'supportive sector breadth 50d', 'earnings breakout open']","healthy 200d sector breadth, supportive sector breadth 50d, earnings breakout open",0.6583333333333333
2026-08-31,UGI,Utilities,Gas Utilities,XLU,SPY,True,43475905.807849884,38.45000076293945,1.0635716574532645,0.027661160893354318,0.8888888888888888,0.9801587301587301,84.30538055411739,90.53894769161211,91.77868063822713,87.60195758564437,19.929904543633583,15.775021767253918,20.39357576426353,11.481338188741361,36.50171308686687,0.1457091534430086,0.023695403543869897,1.0212343389187508,0.0494239285931992,0.0626067656590901,74.29836661189734,57.0,18.0,-0.004692193516235954,1.3116266055733237,-0.0413398972693908,0.08187956591021739,0.005339650392388212,0.024606597756172195,-0.037064851763712325,-0.06990806431981889,147.0,0.19051876014380748,1.3948014815490872,2.67219330264657,1.4350714076337407,1.4533187592229562,0.8833333333333333,0.20408163265306123,0.22448979591836735,-0.005963468053189924,False,0,[],,,,,,,,,,,,,,,,,,"{""indicator_details"": {}, ""regime_green"": true}",0.02744097,"['healthy 200d sector breadth', 'active price discovery', 'earnings breakout open']","healthy 200d sector breadth, active price discovery, earnings breakout open",0.6583333333333333
2026-08-31,WTRG,Utilities,Water Utilities,XLU,SPY,True,64143493.3460083,41.16999816894531,0.7900000980922154,0.019188732893559258,0.21825396825396826,0.2222222222222222,82.58238600838136,89.41436236164772,90.78645992896709,86.3784665579119,9.41404490995086,7.693590524180422,11.774546039590632,4.715874870870337,23.297781961334884,0.13572408741918096,0.02540464767875439,1.4034615837271969,0.056545814887761905,0.042819647673614646,58.833036153695865,47.0,19.0,-0.009283151667961231,1.2399304213169535,-0.07175649346460045,0.0406975920061845,0.005591781770625043,0.013071907333348166,-0.006035731797483179,-0.028321944611530703,214.0,0.08117976205092298,0.8198132254477359,1.3894435863203392,1.2838906477328689,0.9329348518815234,0.8333333333333334,0.20408163265306123,0.22448979591836735,-0.005963468053189924,False,0,[],,,,,,,,,,,,,,,,,,"{""indicator_details"": {}, ""regime_green"": true}",0.063913874,"['healthy 200d sector breadth', 'supportive sector breadth 50d', 'supportive earnings open vs 20d high']","healthy 200d sector breadth, supportive sector breadth 50d, supportive earnings open vs 20d high",0.8070175438596491
2026-08-31,CAG,Consumer Staples,Packaged Foods & Meats,XLP,SPY,True,144856059.3986802,16.020000457763672,0.395378793988909,0.02468032351380484,0.3492063492063492,0.29365079365079366,93.30406910252978,96.12771338359907,96.66211860642903,89.4779771615008,0.4268250302435206,0.5964557378725033,1.924899794696728,2.5994115543288387,9.526876917002028,0.22196803030458434,-0.16475494249910794,1.3856986063804526,0.007270069955928364,0.0810811061281326,69.96339005313334,22.0,33.0,-0.03387441731307206,1.2967192216880365,-0.059752803170338264,0.13697659930978068,0.007796605491555997,0.03387441731307209,-0.043010712257996575,-0.21161413886023905,137.0,0.14893617856867947,0.805071039448621,1.1550261189876148,0.7964086301161883,0.6228960502739229,0.48333333333333334,0.484375,0.53125,0.05550410535214467,False,0,[],,,,,,,,,,,,,,,,,,"{""indicator_details"": {}, ""regime_green"": true}",-0.03554281,"['strong 126d momentum', 'supportive days to earnings', 'strong RS vs XLK']","strong 126d momentum, supportive days to earnings, strong RS vs XLK",0.21568627450980393
2026-08-31,CART,Consumer Staples,Food Retail,XLP,SPY,True,148406656.90888977,50.52000045776367,1.572857175554548,0.031133356320325187,0.07936507936507936,0.746031746031746,91.08630145866859,94.7929764826603,95.50296822550902,86.94942903752039,-3.7152451991009627,-1.9705540688879495,-0.6767265525794528,-2.53712352971678,-0.744132494671959,0.19715638730819518,0.3350951441343637,0.7110340328009211,0.19898472386325095,0.06484332333523764,55.345324070749136,50.0,17.0,-0.007938187602359648,0.4470653601318901,-0.0848250240416718,0.12667262011255742,0.011714467821869712,0.09039068462982289,-0.0293947896584692,-0.0293947896584692,4.0,0.16704038156553472,1.0519439528486394,0.7600274026833143,0.7689865947511059,1.111593185057243,0.26666666666666666,0.484375,0.53125,0.05550410535214467,False,0,[],,,,,,,,,,,,,,,,,,"{""indicator_details"": {}, ""regime_green"": true}",0.014494123,"['limited recent downside gap risk', 'constructive ATR profile', 'supportive earnings volume']","limited recent downside gap risk, constructive ATR profile, supportive earnings volume",0.5800865800865801
2026-08-31,CHD,Consumer Staples,Household Products,XLP,SPY,True,133789478.58621216,99.77999877929688,2.1712635585239957,0.021760508970606503,0.49206349206349204,0.7579365079365079,61.00163148323218,73.5916157107806,76.47503917597962,52.77324632952691,-1.6354961746685461,0.26918939065912184,6.646547561524542,-5.091464346919707,-3.0539745343687628,0.04700939752442568,-0.04011542367838261,1.7133941548593328,0.05458294872073113,0.007128006901125313,40.831287634027504,44.0,21.0,-0.020167907601846502,1.2893121799873004,-0.05871362315878392,0.00981683275650247,0.006455999636527421,0.02016790760184652,-0.04342823205179591,-0.0590343463050067,130.0,0.08351512616476656,0.9018050240597033,1.3324995919059655,1.5402704358768928,0.8631315465539516,0.9166666666666666,0.484375,0.53125,0.05550410535214467,False,0,[],,,,,,,,,,,,,,,,,,"{""indicator_details"": {}, ""regime_green"": true}",0.010111036,"['constructive ATR profile', 'earnings breakout open', 'strong RS vs group ETF']","constructive ATR profile, earnings breakout open, strong RS vs group ETF",0.5609167671893848
2026-08-31,CHEF,Consumer Staples,Food Distributors,XLP,SPY,True,59175292.490501404,112.47000122070312,3.9574290684291293,0.03518652996778539,0.48412698412698413,0.15079365079365079,99.64063846868663,99.79796562131023,99.82676075801126,98.12398042414355,-0.04157915759307684,-0.007959413887419942,0.05715218881645967,0.8134669767107852,3.584453121780058,0.4612186493047805,0.7087511659400274,1.463326934880617,0.4722808637920849,0.09046063803438174,56.22047740768887,42.0,23.0,0.006588101723939976,2.914329627136217,-0.019733706177614163,0.06475437039797738,0.006680645871695817,0.015436995033867673,-0.04144613156412369,-0.04144613156412369,20.0,0.10072111135064825,0.7961881687900395,0.8597346591769899,1.4687048682126933,1.0702879814234527,0.8333333333333334,0.484375,0.53125,0.05550410535214467,False,0,[],,,,,,,,,,,,,,,,,,"{""indicator_details"": {}, ""regime_green"": true}",0.00039690008,"['supportive 126d momentum', 'supportive distance above 200d', 'strong sector momentum backdrop']","supportive 126d momentum, supportive distance above 200d, strong sector momentum backdrop",0.43728813559322033
2026-08-31,COKE,Consumer Staples,Soft Drinks & Non-alcoholic Beverages,XLP,SPY,True,76376825.35314941,195.57000732421875,5.897857666015625,0.030157270773314808,0.4603174603174603,0.4166666666666667,82.66351771977992,89.4677292069574,90.83361856523047,76.5089722675367,11.226571232312736,9.074363199580333,13.291763383868627,10.983299895898568,7.0713194558007615,0.13617615625680357,-0.05237909343364888,1.3313653341684775,0.0937976444258244,0.050519736164329386,69.13308390694242,42.0,999.0,0.008767748846116863,1.1133851821530905,-0.018715675628887873,3.108613730955163,0.005569678660910071,0.021717702052840366,-0.0216118469089025,-0.10962889706982615,116.0,0.13419197207981082,0.8808427419686216,0.9137307957392342,1.2061883559988416,0.9146847198442216,0.75,0.484375,0.53125,0.05550410535214467,False,0,[],,,,,,,,,,,,,,,,,,"{""indicator_details"": {}, ""regime_green"": true}",0.020288797,"['timely post-earnings setup', 'supportive atr 14', 'strong 126d momentum']","timely post-earnings setup, supportive atr 14, strong 126d momentum",0.6509764782026553
2026-08-31,DAR,Consumer Staples,Agricultural Products & Services,XLP,SPY,True,112758361.36577606,66.2699966430664,3.1291637420654297,0.04721840803643413,0.9920634920634921,0.8571428571428571,74.37409946626042,83.79390593418735,85.77864971625978,67.45513866231647,12.25486763951151,10.905371599254437,16.41713102447335,9.753427170873927,0.054975663131457964,0.09645926784950487,0.22269364779013245,1.852695393848498,0.2526409143839507,0.08825412924880238,59.71187165929436,43.0,22.0,0.02968273132329191,1.7365578062946876,-0.08063343570330583,0.08639338759125259,0.011714545155644934,0.029053789090058308,-0.05295835046906472,-0.05295835046906472,7.0,0.211282655462449,1.1430867698373106,2.0660289701140533,1.9140437893487765,1.1241412925868215,0.9833333333333333,0.484375,0.53125,0.05550410535214467,False,0,[],,,,,,,,,,,,,,,,,,"{""indicator_details"": {}, ""regime_green"": true}",0.023462402,"['strong earnings gap', 'strong sector momentum backdrop', 'supportive atr pct 14']","strong earnings gap, strong sector momentum backdrop, supportive atr pct 14",0.6583333333333333
2026-08-31,DG,Consumer Staples,Consumer Staples Merchandise Retail,XLP,SPY,True,215864010.7074356,126.75,4.0427415030343195,0.03189539647364355,0.5753968253968254,0.30952380952380953,85.47489308495344,91.29193451633745,92.44123694237506,79.85318107667212,-2.911487757378083,-1.288119603137261,1.131908143501036,-2.705906127891865,-2.787405720393906,0.1530064554546562,-0.16950593595107588,1.9210229864968524,0.00949683971369754,0.04254487878102445,61.52519504589355,68.0,2.0,0.04121190429142563,3.71284567386262,-0.023824146426576154,0.006831365593145566,0.01199765304988304,0.035238309579141355,-0.04339622641509433,-0.19895087263824118,128.0,0.127563591109389,0.9399701305489568,1.9082752608494657,1.8515099150223229,0.9143830801082247,0.95,0.484375,0.53125,0.05550410535214467,False,0,[],,,,,,,,,,,,,,,,,,"{""indicator_details"": {}, ""regime_green"": true}",0.0074130944,"['strong 126d momentum', 'supportive avg gap', 'volume dry-up into setup']","strong 126d momentum, supportive avg gap, volume dry-up into setup",0.5609167671893848
2026-08-31,DLTR,Consumer Staples,Consumer Staples Merchandise Retail,XLP,SPY,True,269807436.33364105,126.58999633789062,4.852138519287109,0.03832955730827191,0.626984126984127,0.047619047619047616,82.78669665542633,89.54867533801975,90.90513424172202,76.7536704730832,-16.66374826225993,-10.115398204200119,-8.696184768358805,-19.252849494316962,-19.49734827182307,0.13686572135258235,0.05597263295133548,1.5600766349368889,0.08576410187564726,0.003994063673839556,47.41469996586496,67.0,2.0,-0.092147021869316,2.920562954963519,-0.12453495595022612,-0.00322837529219977,0.013013494634545658,0.09214702186931605,-0.07645736066489883,-0.11102526851290884,156.0,0.1605283770712763,1.0216421684869341,1.6824707203747218,1.2205138771124144,0.8497394612698463,0.8166666666666667,0.484375,0.53125,0.05550410535214467,False,0,[],,,,,,,,,,,,,,,,,,"{""indicator_details"": {}, ""regime_green"": true}",0.008132996,"['limited recent downside gap risk', 'earnings breakout open', 'days since 52w high']","limited recent downside gap risk, earnings breakout open, days since 52w high",0.5609167671893848
2026-08-31,EL,Consumer Staples,Personal Care Products,XLP,SPY,True,206184212.09884644,102.30000305175781,3.7891431535993303,0.03703952141313471,0.5079365079365079,0.9166666666666666,90.90361623700072,94.68182366727163,95.40623692280137,86.6231647634584,3.4827125856159,2.7504393552567876,4.845341546879553,5.368071038927027,27.780458976987333,0.1953727607263953,0.021059991605305584,1.1083340963617068,0.11190367951712696,0.17530822645303132,71.94680088988072,45.0,8.0,0.11237690278800194,6.513708145377499,0.05503657257881356,0.043771052158170454,0.01034145470085036,0.02662467652631061,-0.05609885915981061,-0.15899372274689816,144.0,0.2998321039039754,1.1823049156527354,2.4900866533352786,1.3339809726542478,1.244890271893079,0.7833333333333333,0.484375,0.53125,0.05550410535214467,False,0,[],,,,,,,,,,,,,,,,,,"{""indicator_details"": {}, ""regime_green"": true}",0.0041419915,"['strong sector momentum backdrop', 'volume dry-up into setup', 'atr pct 14']","strong sector momentum backdrop, volume dry-up into setup, atr pct 14",0.5094850948509486
2026-08-31,ELF,Consumer Staples,Personal Care Products,XLP,SPY,True,155428327.9309082,109.05000305175781,4.158278329031808,0.038131849726388244,0.047619047619047616,0.5476190476190477,99.99973567495377,99.99985162958035,99.99987281288254,99.75530179445352,0.00022066902045025927,0.00014745693188444875,0.00022412485147071948,0.08130016446166621,0.8962960894820498,1.038698815290139,0.3357423305613698,1.0942463848634396,0.44610146022829944,0.29297325256601225,72.01001996684057,47.0,18.0,0.011270554809176492,2.355534676291786,-0.006264655581355805,0.2625911726750907,0.010690408243309173,0.02780105529444293,0.00683229166138366,-0.27776674558307135,239.0,0.32792245540986437,0.8500943151890114,0.6907187621376191,0.9496246014132877,0.9641729342168603,0.48333333333333334,0.484375,0.53125,0.05550410535214467,False,0,[],,,,,,,,,,,,,,,,,,"{""indicator_details"": {}, ""regime_green"": true}",-0.016758397,"['supportive 126d momentum', 'strong earnings volume', 'atr pct 14 percentile 252']","supportive 126d momentum, strong earnings volume, atr pct 14 percentile 252",0.3153846153846154
2026-08-31,FRPT,Consumer Staples,Packaged Foods & Meats,XLP,SPY,True,72973119.41178131,69.86000061035156,2.2907137189592635,0.03279006153658457,0.011904761904761904,0.9444444444444444,99.35019623669962,99.63421113234062,99.68627215906297,96.98205546492659,-0.3332860596152045,-0.17248721250406618,-0.08425409338781265,-0.40995757500820673,0.24203916500809441,0.413597798436391,-0.17188240748093053,0.9915103544533337,0.10745009381870889,0.11366173729129377,43.19165472972304,45.0,18.0,0.05185951811898604,6.041673619216553,0.03184459358896907,-0.0225269425332707,0.009707923955741887,0.043934508689204496,-0.09425640998248885,-0.18767441150753994,123.0,0.2915270542003828,0.8090301084117758,0.6721267704135062,1.0574758634731714,1.2461662104001112,0.7166666666666667,0.484375,0.53125,0.05550410535214467,False,0,[],,,,,,,,,,,,,,,,,,"{""indicator_details"": {}, ""regime_green"": true}",0.0051975716,"['strong sector momentum backdrop', 'strong 126d momentum', 'atr pct 14 percentile 252']","strong sector momentum backdrop, strong 126d momentum, atr pct 14 percentile 252",0.5588235294117648
2026-08-31,GIS,Consumer Staples,Packaged Foods & Meats,XLP,SPY,True,255331981.364357,41.20000076293945,1.083578382219587,0.026300445683348044,0.6071428571428571,0.7658730158730159,93.5442967670901,96.2706871336588,96.78602059489839,89.72267536704732,1.9871491112980095,1.5958463987296199,3.0474191585160355,4.148103239907954,10.505071455066883,0.22509662368109096,-0.08687939409890333,1.531381593733063,0.028790547833236473,0.10262437315924962,67.30158832678511,17.0,43.0,0.08390810481779831,2.5721424255515846,0.032293384663664604,0.09081282138218083,0.007192375943446028,0.02505266334691414,-0.011279035916928026,-0.19735049107258318,234.0,0.18479799458375498,0.8729748389710748,1.365582088392919,1.1987884668004962,0.824912425143118,0.7333333333333333,0.484375,0.53125,0.05550410535214467,False,0,[],,,,,,,,,,,,,,,,,,"{""indicator_details"": {}, ""regime_green"": true}",-0.018713566,"['strong 126d momentum', 'supportive days to earnings', 'constructive ATR profile']","strong 126d momentum, supportive days to earnings, constructive ATR profile",0.2857142857142857
2026-08-31,GO,Consumer Staples,Food Retail,XLP,SPY,True,25516807.662047386,11.949999809265137,0.5873355865478516,0.049149422252917144,0.746031746031746,0.6428571428571429,99.63101386485893,99.79254586068329,99.82211207689244,98.04241435562805,-0.1163355106432391,-0.05319545024859451,0.005250244286514771,0.3244029456851081,0.3244029456851081,0.4590965105648839,0.29189187127190674,0.7982781618148443,0.29413037058380737,0.17312127628398152,71.9916970988321,46.0,13.0,-0.010172978865296334,1.770867158621512,-0.04701278101050432,0.175024554534698,0.014620392139479943,0.027057471726566626,-0.03900286240332207,-0.3640234578493229,250.0,0.2953124922389789,1.0937581860582946,0.7880500056031162,0.9206236129221564,1.2089284085517917,0.45,0.484375,0.53125,0.05550410535214467,False,0,[],,,,,,,,,,,,,,,,,,"{""indicator_details"": {}, ""regime_green"": true}",-0.048123755,"['supportive atr pct 14', 'strong sector momentum backdrop', 'supportive max gap down']","supportive atr pct 14, strong sector momentum backdrop, supportive max gap down",0.13541666666666666
2026-08-31,IPAR,Consumer Staples,Household Products,XLP,SPY,True,26597824.222595215,117.43000030517578,3.6175804138183594,0.030806271007553704,0.373015873015873,0.42857142857142855,96.25239245290855,97.86124126461634,98.16098325404676,92.90375203915171,1.166223524396898,0.917047098205785,1.7692497276588455,2.9282019169023243,1.5427088443676809,0.2708874282029812,0.18400887219041095,0.7835192625761168,0.1967559312731225,-0.0043073481750719065,43.34523585353441,47.0,19.0,-0.0030419249038416973,1.4009589183962865,-0.03673905651842069,-0.08650332541886296,0.011184070490215293,0.04098561328369584,-0.08968992011491639,-0.09173171627219112,24.0,0.1720879780260123,0.9665414775712697,0.8216554852876218,0.6597741355115224,0.8870913978791642,0.18333333333333332,0.484375,0.53125,0.05550410535214467,False,0,[],,,,,,,,,,,,,,,,,,"{""indicator_details"": {}, ""regime_green"": true}",0.029282572,"['holding above earnings close', 'strong RS vs XLK', 'strong sector momentum backdrop']","holding above earnings close, strong RS vs XLK, strong sector momentum backdrop",0.6583333333333333
2026-08-31,KDP,Consumer Staples,Soft Drinks & Non-alcoholic Beverages,XLP,SPY,True,361054526.10819435,31.860000610351562,0.8278570175170898,0.025984212230307134,0.6746031746031746,0.6706349206349206,63.34043054165964,75.47888007353696,78.21723442695583,55.301794453507334,-12.725194787015724,-8.418917444169594,-3.2210469371716925,-14.787855098244911,-2.481416630437252,0.054966880976016874,0.06306310778442015,1.1034352031955192,0.09748821591980801,0.020663161025672075,67.53927917159108,40.0,17.0,0.05691056910569103,0.7030349367356845,0.01404058576135947,0.05235346033996868,0.010428248603610935,0.02121459713831604,-0.03862398318862659,-0.0579538469000227,44.0,0.15651713821431304,0.998456483449968,0.7203220649844141,0.898112059717958,0.7743759430291031,0.4166666666666667,0.484375,0.53125,0.05550410535214467,False,0,[],,,,,,,,,,,,,,,,,,"{""indicator_details"": {}, ""regime_green"": true}",-0.009584402,"['improving RS vs group ETF', 'constructive ATR profile', 'supportive atr 14']","improving RS vs group ETF, constructive ATR profile, supportive atr 14",0.41847826086956524
2026-08-31,KHC,Consumer Staples,Packaged Foods & Meats,XLP,SPY,True,318292373.6356859,25.670000076293945,0.6292856761387416,0.024514439979292493,0.4126984126984127,0.6626984126984127,71.88775183960436,82.00032192340973,84.16320934408232,65.00815660685156,5.315400805473644,5.446823814587148,10.83440484939625,3.3944646753112195,-1.1695125048028956,0.08633097706217452,0.04732761471153313,1.26985764631092,0.06900562808465475,0.01871224144414929,60.58091828158165,42.0,18.0,0.011073576691168263,1.8947545464087616,-0.04111785974978355,-0.002331887563538082,0.008192312159233911,0.036334916563289174,-0.05101660627316762,-0.08615165764144694,23.0,0.12240658958076399,0.8062037352023935,1.1010419613098932,1.3488882789352306,1.082807715596911,0.8833333333333333,0.484375,0.53125,0.05550410535214467,False,0,[],,,,,,,,,,,,,,,,,,"{""indicator_details"": {}, ""regime_green"": true}",0.007231062,"['volume dry-up into setup', 'strong 126d momentum', 'strong earnings volume']","volume dry-up into setup, strong 126d momentum, strong earnings volume",0.5609167671893848
2026-08-31,KMB,Consumer Staples,Household Products,XLP,SPY,True,297747602.9495697,107.94999694824219,2.026963915143694,0.018776877929098452,0.2896825396825397,0.5515873015873016,75.69306188216704,84.7275910272511,86.61625118020157,68.51549755301795,-1.9173954956350059,-0.3089603592668482,3.90111321407376,-3.2041438487750327,-5.97512999384432,0.10209290772396962,-0.016311289870348245,1.4688197120259583,0.04625875890867424,-0.014571048595397752,47.87086821626624,46.0,19.0,0.01696731702362242,2.5030856471107406,-0.06364490308180648,-0.03244602273446062,0.00709186121555917,0.019718770888242622,-0.04214729484137836,-0.17927470576975502,245.0,0.06542503562415944,0.7259952364091813,0.9765417475929642,1.2120970088971952,0.8127529259669459,0.8333333333333334,0.484375,0.53125,0.05550410535214467,False,0,[],,,,,,,,,,,,,,,,,,"{""indicator_details"": {}, ""regime_green"": true}",0.0020720954,"['constructive ATR profile', 'earnings breakout open', 'strong earnings gap']","constructive ATR profile, earnings breakout open, strong earnings gap",0.5094850948509486
2026-08-31,KO,Consumer Staples,Soft Drinks & Non-alcoholic Beverages,XLP,SPY,True,1140018709.9703178,88.66999816894531,1.368844713483538,0.015437518233342485,0.42857142857142855,0.32142857142857145,81.06215006675473,88.40671977039207,89.89466568186596,74.71451876019576,2.2530873196782153,2.496937373726169,6.196795579177916,2.0983818408803643,9.10734679605558,0.12754322046214495,0.10533528820317972,1.8105682646248766,0.13524153217301516,0.0378528809758758,59.530005305385,36.0,24.0,0.05025572129722766,2.1118272315844284,0.030520516508583118,0.004531568382135198,0.005535036055303327,0.01863956504880476,-0.041301760007074195,-0.041301760007074195,5.0,0.08607320204850488,0.7034353019071898,1.3849601511591154,1.4830370926565444,0.8195371980287168,0.9166666666666666,0.484375,0.53125,0.05550410535214467,False,0,[],,,,,,,,,,,,,,,,,,"{""indicator_details"": {}, ""regime_green"": true}",-0.023142362,"['strong earnings volume', 'strong earnings gap', 'constructive ATR profile']","strong earnings volume, strong earnings gap, constructive ATR profile",0.25981308411214954
2026-08-31,KVUE,Consumer Staples,Personal Care Products,XLP,SPY,True,280085317.5123997,18.8799991607666,0.32142843518938335,0.017024811942646937,0.09523809523809523,0.4722222222222222,72.35356420335792,82.3397358917296,84.46956290072406,65.57911908646004,-1.8373754393970074,-0.15566605021118107,4.596496706540648,-2.6360398377453436,-4.836528835300356,0.0881843657439314,-0.0005293927583351898,1.637853551966496,0.05432594610322226,-0.01406836901906516,46.288206333566265,48.0,17.0,-0.006609006622388169,0.5352896917118212,-0.025241874857336533,-0.009703717183775051,0.005668367884579856,0.018897570468274633,-0.041624445198777615,-0.09317966198337146,250.0,0.05516875642402066,0.7529202810907316,1.368884515555626,1.5491099946756632,0.9527100300201384,0.8833333333333333,0.484375,0.53125,0.05550410535214467,False,0,[],,,,,,,,,,,,,,,,,,"{""indicator_details"": {}, ""regime_green"": true}",-0.005077728,"['atr pct 14 percentile 252', 'holding above earnings close', 'supportive earnings open vs 20d high']","atr pct 14 percentile 252, holding above earnings close, supportive earnings open vs 20d high",0.43728813559322033
2026-08-31,LW,Consumer Staples,Packaged Foods & Meats,XLP,SPY,True,64710259.548454285,54.529998779296875,1.3087708609444755,0.024000933252200436,0.10714285714285714,0.023809523809523808,96.68059095134096,98.10922510460856,98.37478991968216,93.4747145187602,2.1246755751805466,1.5019381462979737,2.378357796831253,4.4771595065352585,9.367135056657503,0.28094900564274106,0.1656690936774856,1.8999200088098438,0.15500783414087527,0.09205896643174435,61.63068699769152,22.0,26.0,-0.01087840268589435,3.011724235894067,-0.02319274692754092,0.09983857937539908,0.007626951449202291,0.018674136587249965,-0.021005421321664497,-0.1869688530279664,211.0,0.08810318924051157,0.6951310909960894,1.3359118172170412,1.3817571815081127,0.8134621178046697,0.8666666666666667,0.484375,0.53125,0.05550410535214467,False,0,[],,,,,,,,,,,,,,,,,,"{""indicator_details"": {}, ""regime_green"": true}",0.032251574,"['supportive realized vol 20 percentile 252', 'strong RS vs XLK', 'supportive days to earnings']","supportive realized vol 20 percentile 252, strong RS vs XLK, supportive days to earnings",0.7242798353909465
2026-08-31,PM,Consumer Staples,Tobacco,XLP,SPY,True,749299065.1925125,187.3000030517578,4.243233816964286,0.022654745049799734,0.2976190476190476,0.23809523809523808,71.49707331441027,81.71443176851804,83.90492959827652,64.76345840130506,24.88027201235913,22.838774474561205,29.24528192670396,22.05767193023741,29.066636885412642,0.08479091323488275,0.01893153948906723,1.0572665789842068,0.07771348817150796,-0.0002545915615989686,51.50501842918765,37.0,28.0,0.021218919568310346,1.735676500197503,-0.014725475664775112,-0.03602676217218248,0.007233391364860242,0.0264059938958693,-0.04759483594047631,-0.09843560504569049,24.0,0.06867604107172826,0.7794382194637497,1.3042463450181456,0.9232172758331847,0.8425238515616161,0.45,0.484375,0.53125,0.05550410535214467,False,0,[],,,,,,,,,,,,,,,,,,"{""indicator_details"": {}, ""regime_green"": true}",0.004153184,"['holding above earnings close', 'strong RS vs group ETF', 'strong 126d momentum']","holding above earnings close, strong RS vs group ETF, strong 126d momentum",0.5094850948509486
2026-08-31,SJM,Consumer Staples,Packaged Foods & Meats,XLP,SPY,True,115332019.644207,131.16000366210938,3.6351656232561385,0.027715504130519448,0.7579365079365079,0.6150793650793651,97.47993174804114,98.56962894557317,98.77133853315569,94.53507340946167,5.62066055745332,3.697980815028245,4.803532774680335,8.716002504816203,12.057485797399735,0.3036477772231976,0.1437042493292513,1.1875212975614178,0.23264974358359872,0.11212298778136064,78.6247052063824,61.0,3.0,0.07453173639671928,3.29312724792468,0.056053951168167915,0.0019863237413946244,0.011771162267014723,0.02026116018606907,-0.03480753365798728,-0.03480753365798728,2.0,0.1751124187727442,0.8462522960275587,2.1733182946072533,1.0001122417921222,0.8122012931499129,0.4666666666666667,0.484375,0.53125,0.05550410535214467,False,0,[],,,,,,,,,,,,,,,,,,"{""indicator_details"": {}, ""regime_green"": true}",-0.0065121255,"['supportive avg gap', 'clear of near-term earnings', 'strong RS vs XLK']","supportive avg gap, clear of near-term earnings, strong RS vs XLK",0.41847826086956524
2026-08-31,SYY,Consumer Staples,Food Distributors,XLP,SPY,True,172090485.54136658,81.08000183105469,1.3989290509905135,0.01725368795508223,0.21825396825396826,0.07539682539682539,75.17054256430728,84.35915323767517,86.28600140391111,68.10766721044045,3.231714252046004,3.5789381920639727,8.31645299668061,1.6854993212798917,-6.790458298931995,0.09983722854693355,-0.10389037552084235,1.1509932610734803,0.022628578664356955,-0.022739251142650553,31.381733230297797,46.0,19.0,-0.0030595684391586664,2.771023818347069,-0.022160643842002448,-0.02065465715138004,0.005144460456801808,0.023989298037196176,-0.06200833478671941,-0.11725636169826259,135.0,0.061660851988233054,0.7711052411102035,0.6958009756791655,1.008508903689061,0.8473917954272541,0.5833333333333334,0.484375,0.53125,0.05550410535214467,False,0,[],,,,,,,,,,,,,,,,,,"{""indicator_details"": {}, ""regime_green"": true}",0.023764547,"['healthy RSI 14', 'strong 126d momentum', 'constructive ATR profile']","healthy RSI 14, strong 126d momentum, constructive ATR profile",0.6583333333333333
2026-08-31,TGT,Consumer Staples,Consumer Staples Merchandise Retail,XLP,SPY,True,522948827.1682968,160.8800048828125,5.393507821219308,0.03352503516610422,0.8849206349206349,0.6825396825396826,97.38019605467944,98.51236159294602,98.72204226620434,94.20880913539968,-1.003827344829645,-0.49570583680160496,-0.10216768598586157,0.6472769430606462,5.863250863191041,0.3004608040855219,0.4215782229018288,0.9110506021475021,0.3293085973428527,0.11089786028797548,60.21890907057855,57.0,8.0,-0.03069250266863699,2.841208580513607,-0.05537496545263432,0.011823930080581802,0.009187943141070359,0.030692502668636993,-0.05780377813872617,-0.05780377813872617,5.0,0.17353545758013642,1.161990887030451,1.9052606891228043,0.968518496041042,1.148843503052689,0.45,0.484375,0.53125,0.05550410535214467,False,0,[],,,,,,,,,,,,,,,,,,"{""indicator_details"": {}, ""regime_green"": true}",0.009538406,"['supportive 126d momentum', 'strong sector momentum backdrop', 'strong RS vs XLK']","supportive 126d momentum, strong sector momentum backdrop, strong RS vs XLK",0.5609167671893848
2026-08-31,USFD,Consumer Staples,Food Distributors,XLP,SPY,True,194781284.17445374,104.83999633789062,2.484656742640904,0.0236995119175039,0.3968253968253968,0.5873015873015873,97.04869127451877,98.32164966394326,98.5578174108608,93.71941272430668,-1.4597892622051347,-0.7632601423290453,-0.35732180314012396,-0.08661824553847453,1.4618740120002371,0.29065606309545644,0.09883651937774984,1.2314571492254542,0.1685789611313843,0.022784333187640924,26.214424144137922,48.0,17.0,0.04816403692083426,1.1979208136802555,0.014886526130261757,-0.015725513414597936,0.007737435264557102,0.016239825091003128,-0.05880243368029414,-0.05880243368029414,13.0,0.14681357499707604,0.9539277988895575,0.7363949138316684,1.0231786027017098,0.8203471876098601,0.5166666666666667,0.484375,0.53125,0.05550410535214467,False,0,[],,,,,,,,,,,,,,,,,,"{""indicator_details"": {}, ""regime_green"": true}",0.006980738,"['healthy RSI 14', 'dollar volume ratio 20 60', 'constructive ATR profile']","healthy RSI 14, dollar volume ratio 20 60, constructive ATR profile",0.5609167671893848
2026-08-31,CARG,Communication Services,Interactive Media & Services,XLC,QQQ,True,27446416.623556137,35.65999984741211,1.1167785099574499,0.031317400861921085,0.3373015873015873,0.7341269841269841,91.31752651155648,94.93339725830499,95.62512590715572,92.98531810766721,-6.201818621021204,-3.538720353955597,-2.5656097555206685,-1.6357087871983111,1.7872740978872628,0.19946183641043258,0.13893326271696238,1.5590581739746217,0.04911897607120099,0.009491938320729395,46.75810206930667,48.0,17.0,-0.01840148782623341,0.3740433492002592,-0.05922610951805585,-0.012325154423659557,0.011205037032514608,0.020484183416813875,-0.13488384532798847,-0.13488384532798847,16.0,0.16819890611109423,0.8890844849509736,0.7553421441963946,1.245721144160547,0.8283770289063553,0.8166666666666667,0.5526315789473685,0.5263157894736842,0.007216460786867662,False,0,[],,,,,,,,,,,,,,,,,,"{""indicator_details"": {}, ""regime_green"": true}",0.015281073,"['strong earnings volume', 'earnings breakout open', 'supportive distance above 20d high']","strong earnings volume, earnings breakout open, supportive distance above 20d high",0.5800865800865801
2026-08-31,CNK,Communication Services,Movies & Entertainment,XLC,QQQ,True,64695316.61174393,35.61000061035156,1.0899993351527624,0.030609360192931524,0.1349206349206349,0.023809523809523808,84.61543518706466,90.73938248192911,91.95518505795881,89.31484502446982,-14.917733124188189,-8.975349618157708,-7.706223901149343,-8.56616557047721,-7.832669237958868,0.1475990919225847,0.24728551880752692,0.9791349271038662,0.23869273078761843,0.04172153008941919,43.57405763693336,47.0,23.0,0.008271451496604909,1.5309865281157435,0.005689813358754625,0.020636320816810994,0.006873601584440859,0.038165708421463565,-0.08622018232235862,-0.08622018232235862,20.0,0.09318697439846295,0.8701066750774488,0.9547773660414756,0.8040369525372971,0.8724258991091609,0.3333333333333333,0.5526315789473685,0.5263157894736842,0.007216460786867662,False,0,[],,,,,,,,,,,,,,,,,,"{""indicator_details"": {}, ""regime_green"": true}",-0.0011250201,"['strong earnings volume', 'supportive 126d momentum', 'atr pct 14 percentile 252']","strong earnings volume, supportive 126d momentum, atr pct 14 percentile 252",0.43728813559322033
2026-08-31,DIS,Communication Services,Movies & Entertainment,XLC,QQQ,True,850071870.8706741,107.55000305175781,2.2135712759835378,0.020581787198260416,0.44841269841269843,0.6388888888888888,60.61086418602347,73.27172652962341,76.17877156874782,72.10440456769985,-4.51645128029994,-2.108642384844316,4.125540521432299,-1.326728276635933,12.772701226216554,0.045697663075992434,0.030863617024730727,1.002580312604057,0.03410680123701409,0.06755528105353276,59.43663515569705,53.0,18.0,0.03880624920300502,2.0862059965933413,0.02153447120132701,0.05689859270812536,0.005621427052818801,0.012369396991606583,-0.03861624732959268,-0.10210382244262417,247.0,0.1487985818633351,0.9108316753019291,0.8523063316104038,0.8678651207689315,0.8942410714947483,0.38333333333333336,0.5526315789473685,0.5263157894736842,0.007216460786867662,False,0,[],,,,,,,,,,,,,,,,,,"{""indicator_details"": {}, ""regime_green"": true}",-0.02409421,"['strong earnings gap', 'limited recent downside gap risk', 'supportive days to earnings']","strong earnings gap, limited recent downside gap risk, supportive days to earnings",0.25981308411214954
2026-08-31,DV,Communication Services,Advertising,XLC,QQQ,True,26326593.54061985,13.399999618530273,0.04944276809692383,0.003689758918242922,0.011904761904761904,0.5833333333333334,96.27306908884012,97.87323754782442,98.17132970292953,95.67699836867864,-2.118363149665754,-1.13940635187204,-0.658294953412863,0.5669739188008833,-1.6335150787541295,0.27134721698560926,0.27862597364874,0.3883698638996721,0.2445290291770343,0.12274818217730273,75.86209164512671,48.0,17.0,0.0,0.5017789370938676,-0.009909156809341124,0.1399404073223689,0.008788621229265997,0.024680847817278924,0.0014947312345512387,-0.18491489153115193,251.0,0.17015705085289357,0.3686170609186603,0.3206653313181227,0.5268847114069279,1.5635575434287694,0.4166666666666667,0.5526315789473685,0.5263157894736842,0.007216460786867662,False,0,[],,,,,,,,,,,,,,,,,,"{""indicator_details"": {}, ""regime_green"": true}",0.16043717,"['supportive atr 14', 'strong earnings volume', 'dollar volume ratio 20 60']","supportive atr 14, strong earnings volume, dollar volume ratio 20 60",0.9552238805970149
2026-08-31,LYV,Communication Services,Movies & Entertainment,XLC,QQQ,True,250635294.74980164,179.88999938964844,3.9667892456054688,0.022051193835479734,0.14682539682539683,0.28174603174603174,63.461076204900685,75.57498270511522,78.30568960448485,74.63295269168026,-12.283526840322715,-8.08427510019689,-2.8657934543933834,-5.155148367814434,-2.384162222745175,0.05538282552315188,0.11173599965297365,1.2370600390696846,0.1268265455511102,-0.006822339326709799,44.98834250105371,46.0,22.0,0.002548399063970974,2.2860661200957457,-0.016489394167636284,-0.0199934529187048,0.0037170798258572392,0.018688515268196038,-0.04943325302603696,-0.04943325302603696,11.0,0.06466945213607594,0.8497619301981546,1.066453006842433,0.9384700280344086,0.732116792517326,0.5666666666666667,0.5526315789473685,0.5263157894736842,0.007216460786867662,False,0,[],,,,,,,,,,,,,,,,,,"{""indicator_details"": {}, ""regime_green"": true}",-0.0084471265,"['constructive ATR profile', 'atr pct 14 percentile 252', 'holding above earnings close']","constructive ATR profile, atr pct 14 percentile 252, holding above earnings close",0.41847826086956524
2026-08-31,MTCH,Communication Services,Interactive Media & Services,XLC,QQQ,True,101857992.25429153,40.650001525878906,1.1152144840785436,0.02743454962402812,0.49603174603174605,0.8531746031746031,76.54030805213056,85.3209979725547,87.14740633025266,84.17618270799348,-8.925684727095373,-5.281091193398154,-1.8853433491273393,-2.213385344166255,13.923533971237163,0.10582163715897197,0.2991371152599347,0.9385048712443281,0.17919914285633726,0.05147986616946622,70.19939309055087,46.0,19.0,-0.012333497501439195,1.9421178558566696,-0.024128634979854513,-0.014306501662824989,0.008761920631718267,0.08050444651788176,-0.04330430877625435,-0.04330430877625435,4.0,0.17375692770611403,0.8892326044358657,0.9550514348119797,0.954688205486728,1.0464845764322628,0.5833333333333334,0.5526315789473685,0.5263157894736842,0.007216460786867662,False,0,[],,,,,,,,,,,,,,,,,,"{""indicator_details"": {}, ""regime_green"": true}",-0.008979894,"['limited recent downside gap risk', 'supportive 126d momentum', 'holding above earnings close']","limited recent downside gap risk, supportive 126d momentum, holding above earnings close",0.41847826086956524
2026-08-31,NWS,Communication Services,Publishing,XLC,QQQ,True,32006792.1946373,34.40999984741211,0.7355000632149833,0.021374602338752942,0.3055555555555556,0.3968253968253968,79.89079249876548,87.62026637726889,89.19681561606943,86.4600326264274,-7.791908834363326,-4.487517615944569,-1.5674315694928538,-1.5595272757730783,8.383423009475493,0.12157755883747723,0.30291556403715436,1.0917576173742594,0.15627622131088226,0.08337688569566437,69.16302631722672,48.0,18.0,0.0033618767190619625,1.5836724879866766,-0.006055009253210897,0.03863563954209348,0.00583730336433203,0.015281742902519485,-0.0377516369543055,-0.0377516369543055,2.0,0.1337982651715247,0.7756225802503837,0.9049090271917399,0.9380763423694133,0.8326090577204626,0.55,0.5526315789473685,0.5263157894736842,0.007216460786867662,False,0,[],,,,,,,,,,,,,,,,,,"{""indicator_details"": {}, ""regime_green"": true}",0.0011643739,"['strong earnings volume', 'supportive 126d momentum', 'limited recent downside gap risk']","strong earnings volume, supportive 126d momentum, limited recent downside gap risk",0.46534653465346526
2026-08-31,NWSA,Communication Services,Publishing,XLC,QQQ,True,92614153.62085724,30.709999084472656,0.6149928229195731,0.02002581703854628,0.21428571428571427,0.30952380952380953,84.33617971740088,90.55888399847407,91.79624128964073,89.15171288743883,-4.282718001104598,-2.1766260743062134,0.3072809614562857,0.561655837724075,9.852609382956345,0.14589552084781943,0.2811848128574239,1.3715912542830921,0.1759007003693047,0.09691104571996872,76.26261872158545,48.0,18.0,-0.005246576345914966,2.331167202731505,-0.021335132253233136,0.05677906568663338,0.0064121226707568755,0.02081888923744439,-0.030006341361909605,-0.030006341361909605,2.0,0.15022707670077812,0.7590910972538685,0.9796123902263209,1.258721750388524,0.8750798535661803,0.75,0.5526315789473685,0.5263157894736842,0.007216460786867662,False,0,[],,,,,,,,,,,,,,,,,,"{""indicator_details"": {}, ""regime_green"": true}",-0.022318942,"['supportive 126d momentum', 'holding above earnings close', 'clear of near-term earnings']","supportive 126d momentum, holding above earnings close, clear of near-term earnings",0.25981308411214954
2026-08-31,OMC,Communication Services,Advertising,XLC,QQQ,True,150241622.7896843,87.52999877929688,1.8735700334821428,0.021404890433121895,0.04365079365079365,0.26587301587301587,85.34386442431845,91.20798287389181,92.36743899302506,89.6411092985318,-3.131917891411348,-1.4318781490509167,0.989014709265291,1.2140514338211261,0.4805551013027838,0.15216529383763455,0.025421721572506106,1.1218638432573018,0.12474114204129626,0.06914703589165055,56.279815584582565,36.0,24.0,0.007644669644731872,1.342260920037148,-0.02455064495854553,0.015193662027914723,0.006705578558590231,0.03451196913208756,-0.022775493161525828,-0.022775493161525828,5.0,0.13660299914929905,0.683096359528274,1.0577589816132424,0.6948362099509101,0.5838324542116659,0.3333333333333333,0.5526315789473685,0.5263157894736842,0.007216460786867662,False,0,[],,,,,,,,,,,,,,,,,,"{""indicator_details"": {}, ""regime_green"": true}",-0.0062157623,"['strong earnings volume', 'atr pct 14 percentile 252', 'constructive ATR profile']","strong earnings volume, atr pct 14 percentile 252, constructive ATR profile",0.41847826086956524
2026-08-31,T,Communication Services,Integrated Telecommunication Services,XLC,QQQ,True,859142676.0087957,25.889999389648438,0.45200020926339285,0.017458486671271048,0.1388888888888889,0.2857142857142857,63.22878889855854,75.38984171826492,78.13525892786294,74.22512234910276,15.380369137191039,15.323115400856828,22.253936607156085,13.752424712590944,10.003443457497227,0.054582492636701785,-0.07568728389539281,1.220327172900863,0.029928163577863584,0.11357709714923817,70.2623799705056,37.0,28.0,0.05031441690784866,2.3490056739587923,0.017406424129604137,0.12369784552397278,0.007435048218140084,0.030795523490125064,-0.00537845921259994,-0.1309164621020915,247.0,0.16389441926458492,0.6494136903953546,0.7933159835773466,0.6275618579416307,0.5699032985021623,0.31666666666666665,0.5526315789473685,0.5263157894736842,0.007216460786867662,False,0,[],,,,,,,,,,,,,,,,,,"{""indicator_details"": {}, ""regime_green"": true}",-0.053640492,"['supportive earnings gap', 'strong earnings gap', 'atr pct 14 percentile 252']","supportive earnings gap, strong earnings gap, atr pct 14 percentile 252",0.13541666666666666
2026-08-31,VZ,Communication Services,Integrated Telecommunication Services,XLC,QQQ,True,837706383.2604446,50.02000045776367,0.7682857513427734,0.015359571057811272,0.14682539682539683,0.23809523809523808,61.28934696359008,73.82630038701066,76.69221525506029,72.83849918433931,7.137578038499207,7.881921054133983,14.70707891146452,7.801824367713394,6.0903329251706,0.047978230410434364,0.0008003384532555557,1.3876771664667649,0.09862475235560349,0.08606206221848958,71.79081667198669,36.0,26.0,0.005819285027182541,1.268264585893286,-0.05398152782596077,0.07848208938810952,0.0057347158096963,0.020842312024525536,-0.014966489558937424,-0.0321207398918274,110.0,0.12631695265544732,0.5950037587716276,1.2409066818086556,0.8871796146086383,0.6630189465657401,0.5,0.5526315789473685,0.5263157894736842,0.007216460786867662,False,0,[],,,,,,,,,,,,,,,,,,"{""indicator_details"": {}, ""regime_green"": true}",-0.00062235177,"['earnings breakout open', 'strong earnings volume', 'atr pct 14 percentile 252']","earnings breakout open, strong earnings volume, atr pct 14 percentile 252",0.43728813559322033
2026-08-31,WBD,Communication Services,Broadcasting,XLC,QQQ,True,483556102.2802334,28.530000686645508,0.38090011051722933,0.013350862297578679,0.25,0.24206349206349206,60.99065936366518,73.5826517895743,76.46674100738446,72.75693311582381,-0.6278390257686084,1.1155910272358511,7.558138025396545,1.6077888615450888,6.334765226663251,0.046972502262220495,0.0010526556717722624,1.3880207550939483,0.04976931858959496,0.05695245905328572,72.95600200331687,48.0,17.0,0.008856428789610682,0.6852150856645822,-0.052441188990797305,0.07884291986697822,0.0036840554367198242,0.01253218782737517,-0.01586750907569645,-0.04899997711181636,178.0,0.14156327027178459,0.7884246479281882,0.986121963306422,1.2502583662220592,0.8806319038693653,0.7333333333333333,0.5526315789473685,0.5263157894736842,0.007216460786867662,False,0,[],,,,,,,,,,,,,,,,,,"{""indicator_details"": {}, ""regime_green"": true}",0.04472545,"['earnings breakout open', 'strong earnings volume', 'supportive earnings gap']","earnings breakout open, strong earnings volume, supportive earnings gap",0.7360703812316716
2026-08-31,ZD,Communication Services,Advertising,XLC,QQQ,True,25224559.905981064,55.150001525878906,1.2540855407714844,0.022739537734790632,0.003968253968253968,0.2261904761904762,90.78584737109804,94.61007007240707,95.34377655890754,92.65905383360521,-5.074067482971685,-2.823197600804477,-1.6226835150298484,-0.33198121121955637,-2.450970616272542,0.19423995585590714,0.9689397027927302,0.9513206027526931,0.29569364505980544,0.03884119603147036,60.69814660378373,48.0,17.0,-0.0030348984011266955,0.4778901542619968,-0.052289898288035874,0.0742111679385915,0.009891977465840479,0.023278166508821762,-0.05012056111922136,-0.05012056111922136,16.0,0.13376298401253717,0.8224029824044952,0.564741928778501,0.902493646740045,0.9992431134181444,0.5166666666666667,0.5526315789473685,0.5263157894736842,0.007216460786867662,False,0,[],,,,,,,,,,,,,,,,,,"{""indicator_details"": {}, ""regime_green"": true}",0.097117655,"['earnings breakout open', 'strong earnings volume', 'supportive atr pct 14 percentile 252']","earnings breakout open, strong earnings volume, supportive atr pct 14 percentile 252",0.92
